index,instrument,open,high,low,close,volume
478,NASDAQ-CARD,8869,8892,8646,8646,2882
478,NASDAQ-DLKV,10796,10796,10687,10713,705
478,NASDAQ-ETFB,10995,11026,10995,11026,651
478,NASDAQ-ETFB3,10684,10710,10675,10695,1007
478,NASDAQ-FSR,10424,10483,10418,10450,768
478,NASDAQ-GOLD,9828,9833,9805,9829,314
478,NASDAQ-HT,10639,10646,10608,10644,558
478,NASDAQ-INA,10496,10500,10415,10420,508
478,NASDAQ-KOTD,10902,10910,10790,10833,1151
478,NASDAQ-NGUP,9817,9830,9794,9804,683
478,NASDAQ-SIMP,10018,10027,9996,9999,879
478,NASDAQ-ZITO,10099,10118,10076,10089,469
479,NASDAQ-CARD,8651,8724,8618,8723,1207
479,NASDAQ-DLKV,10717,10721,10683,10718,1201
479,NASDAQ-ETFB,11032,11036,11017,11030,2088
479,NASDAQ-ETFB3,10693,10743,10691,10726,1851
479,NASDAQ-FSR,10450,10525,10441,10525,525
479,NASDAQ-GOLD,9829,9831,9731,9761,1040
479,NASDAQ-HT,10644,10659,10606,10650,921
479,NASDAQ-INA,10415,10415,10353,10353,389
479,NASDAQ-KOTD,10837,10892,10803,10888,1054
479,NASDAQ-NGUP,9804,9886,9804,9870,712
479,NASDAQ-SIMP,9997,10009,9984,9998,1003
479,NASDAQ-ZITO,10088,10100,10044,10057,693
480,NASDAQ-CARD,8724,8796,8707,8796,2320
480,NASDAQ-DLKV,10718,10728,10700,10700,714
480,NASDAQ-ETFB,11034,11037,10989,10989,1563
480,NASDAQ-ETFB3,10726,10727,10633,10634,1911
480,NASDAQ-FSR,10517,10564,10513,10564,1371
480,NASDAQ-GOLD,9751,9766,9714,9766,406
480,NASDAQ-HT,10642,10663,10575,10633,1773
480,NASDAQ-INA,10378,10382,10317,10321,505
480,NASDAQ-KOTD,10896,10944,10888,10944,1821
480,NASDAQ-NGUP,9881,9916,9849,9888,822
480,NASDAQ-SIMP,9995,10047,9992,10042,2989
480,NASDAQ-ZITO,10057,10111,10051,10107,1238
481,NASDAQ-CARD,8796,8856,8781,8848,1821
481,NASDAQ-DLKV,10702,10740,10693,10714,381
481,NASDAQ-ETFB,10989,10993,10974,10985,2337
481,NASDAQ-ETFB3,10636,10641,10627,10627,1755
481,NASDAQ-FSR,10566,10675,10566,10675,1159
481,NASDAQ-GOLD,9766,9766,9693,9693,863
481,NASDAQ-HT,10648,10678,10624,10676,1890
481,NASDAQ-INA,10328,10360,10298,10360,445
481,NASDAQ-KOTD,10941,10960,10923,10960,657
481,NASDAQ-NGUP,9892,9958,9892,9958,1054
481,NASDAQ-SIMP,10037,10038,9992,10003,1976
481,NASDAQ-ZITO,10113,10126,10095,10120,1193
482,NASDAQ-CARD,8850,8850,8669,8671,1558
482,NASDAQ-DLKV,10714,10792,10714,10788,552
482,NASDAQ-ETFB,10985,11004,10981,11002,1426
482,NASDAQ-ETFB3,10627,10675,10625,10656,2029
482,NASDAQ-FSR,10664,10722,10660,10716,705
482,NASDAQ-GOLD,9691,9717,9666,9685,321
482,NASDAQ-HT,10676,10682,10620,10627,1737
482,NASDAQ-INA,10308,10349,10301,10318,1266
482,NASDAQ-KOTD,10972,11020,10956,10992,650
482,NASDAQ-NGUP,9957,10041,9957,10029,964
482,NASDAQ-SIMP,10010,10019,9991,9998,731
482,NASDAQ-ZITO,10102,10125,10078,10095,766
483,NASDAQ-CARD,8671,8802,8646,8775,1859
483,NASDAQ-DLKV,10802,10816,10767,10767,249
483,NASDAQ-ETFB,10998,11026,10996,11020,1727
483,NASDAQ-ETFB3,10656,10672,10643,10669,1803
483,NASDAQ-FSR,10701,10767,10701,10767,209
483,NASDAQ-GOLD,9696,9698,9669,9677,189
483,NASDAQ-HT,10627,10638,10592,10636,1922
483,NASDAQ-INA,10316,10349,10312,10321,799
483,NASDAQ-KOTD,10997,11044,10960,11044,884
483,NASDAQ-NGUP,10049,10137,10031,10125,888
483,NASDAQ-SIMP,9998,10043,9998,10017,1202
483,NASDAQ-ZITO,10088,10100,10085,10092,435
484,NASDAQ-CARD,8775,9022,8770,9019,2556
484,NASDAQ-DLKV,10761,10804,10743,10765,682
484,NASDAQ-ETFB,11020,11037,11018,11033,1574
484,NASDAQ-ETFB3,10667,10706,10667,10706,1860
484,NASDAQ-FSR,10767,10781,10712,10712,205
484,NASDAQ-GOLD,9680,9752,9677,9747,1082
484,NASDAQ-HT,10631,10657,10606,10638,354
484,NASDAQ-INA,10323,10325,10274,10283,2036
484,NASDAQ-KOTD,11044,11048,10945,10945,1995
484,NASDAQ-NGUP,10124,10183,10118,10155,915
484,NASDAQ-SIMP,10017,10017,9984,9999,1918
484,NASDAQ-ZITO,10107,10107,10073,10084,549
485,NASDAQ-CARD,9019,9234,9000,9234,2034
485,NASDAQ-DLKV,10768,10791,10721,10791,504
485,NASDAQ-ETFB,11033,11039,11014,11039,567
485,NASDAQ-ETFB3,10704,10709,10694,10698,1546
485,NASDAQ-FSR,10712,10798,10708,10798,713
485,NASDAQ-GOLD,9762,9762,9687,9712,239
485,NASDAQ-HT,10638,10642,10575,10575,687
485,NASDAQ-INA,10283,10287,10246,10261,1714
485,NASDAQ-KOTD,10971,11392,10919,10923,2067
485,NASDAQ-NGUP,10149,10259,10149,10231,533
485,NASDAQ-SIMP,9999,10041,9997,10028,1304
485,NASDAQ-ZITO,10102,10115,10065,10076,807
531,NASDAQ-CARD,10129,10257,10116,10251,1802
531,NASDAQ-DLKV,10651,10667,10605,10666,1214
531,NASDAQ-ETFB,10967,10978,10962,10977,1174
531,NASDAQ-ETFB3,10643,10661,10635,10644,947
531,NASDAQ-FSR,10678,10707,10663,10685,494
531,NASDAQ-GOLD,9410,9471,9410,9422,1137
531,NASDAQ-HT,10741,10764,10724,10738,1027
531,NASDAQ-INA,10244,10248,10192,10202,494
531,NASDAQ-KOTD,11049,11065,11011,11052,442
531,NASDAQ-NGUP,10137,10154,10109,10149,273
531,NASDAQ-SIMP,9907,9922,9897,9920,1236
531,NASDAQ-ZITO,10078,10106,10049,10106,979
532,NASDAQ-CARD,10253,10264,10151,10151,1591
532,NASDAQ-DLKV,10662,10672,10617,10642,845
532,NASDAQ-ETFB,10978,10996,10974,10992,1637
532,NASDAQ-ETFB3,10648,10684,10644,10684,492
532,NASDAQ-FSR,10682,10698,10666,10682,556
532,NASDAQ-GOLD,9419,9446,9381,9383,1444
532,NASDAQ-HT,10738,10765,10721,10752,1483
532,NASDAQ-INA,10216,10261,10216,10261,599
532,NASDAQ-KOTD,11053,11073,11025,11069,500
532,NASDAQ-NGUP,10150,10150,10094,10149,224
532,NASDAQ-SIMP,9953,9962,9925,9948,1549
532,NASDAQ-ZITO,10094,10123,10090,10123,822
583,NASDAQ-CARD,10526,10541,10256,10260,1565
583,NASDAQ-DLKV,10622,10679,10591,10677,2530
583,NASDAQ-ETFB,11217,11283,11213,11279,2957
583,NASDAQ-ETFB3,10756,10848,10752,10848,2878
583,NASDAQ-FSR,11055,11090,11045,11060,2201
583,NASDAQ-GOLD,8896,8946,8885,8933,1793
583,NASDAQ-HT,10697,10753,10697,10717,255
583,NASDAQ-INA,10530,10530,10459,10473,1567
583,NASDAQ-KOTD,11270,11317,11264,11285,1709
583,NASDAQ-NGUP,10788,10816,10788,10815,566
583,NASDAQ-SIMP,9934,9941,9912,9939,1254
583,NASDAQ-ZITO,10176,10195,10165,10183,1831
584,NASDAQ-CARD,10255,10270,10143,10143,1717
584,NASDAQ-DLKV,10643,10695,10635,10671,3092
584,NASDAQ-ETFB,11279,11283,11249,11253,907
584,NASDAQ-ETFB3,10842,10852,10810,10810,2910
584,NASDAQ-FSR,11060,11118,11045,11095,3233
584,NASDAQ-GOLD,8933,8933,8881,8887,1366
584,NASDAQ-HT,10711,10722,10693,10714,1051
584,NASDAQ-INA,10473,10516,10470,10478,637
584,NASDAQ-KOTD,11265,11367,11265,11361,1775
584,NASDAQ-NGUP,10809,10818,10780,10796,510
584,NASDAQ-SIMP,9939,9948,9916,9932,1107
584,NASDAQ-ZITO,10185,10201,10161,10194,753
585,NASDAQ-CARD,10146,10162,9915,9920,3005
585,NASDAQ-DLKV,10671,10708,10644,10705,1501
585,NASDAQ-ETFB,11246,11246,11225,11225,978
585,NASDAQ-ETFB3,10816,10816,10790,10814,1461
585,NASDAQ-FSR,11091,11095,11060,11083,4836
585,NASDAQ-GOLD,8887,8938,8886,8902,1814
585,NASDAQ-HT,10724,10730,10700,10709,2152
585,NASDAQ-INA,10478,10550,10474,10512,937
585,NASDAQ-KOTD,11361,11384,11351,11353,2501
585,NASDAQ-NGUP,10796,10899,10796,10894,591
585,NASDAQ-SIMP,9935,9960,9921,9948,3839
585,NASDAQ-ZITO,10214,10232,10195,10207,1338
586,NASDAQ-CARD,9920,9954,9898,9899,3521
586,NASDAQ-DLKV,10704,10732,10688,10712,2253
586,NASDAQ-ETFB,11216,11238,11202,11230,2185
586,NASDAQ-ETFB3,10812,10827,10803,10827,2337
586,NASDAQ-FSR,11083,11085,11030,11051,1939
586,NASDAQ-GOLD,8902,8954,8883,8945,1560
586,NASDAQ-HT,10713,10746,10689,10737,1381
586,NASDAQ-INA,10535,10570,10511,10570,557
586,NASDAQ-KOTD,11355,11395,11325,11389,1290
586,NASDAQ-NGUP,10877,10921,10865,10921,810
586,NASDAQ-SIMP,9956,9956,9908,9936,2780
586,NASDAQ-ZITO,10217,10224,10193,10193,1197
587,NASDAQ-CARD,9899,10104,9896,10095,2302
587,NASDAQ-DLKV,10712,10765,10710,10750,3430
587,NASDAQ-ETFB,11234,11258,11231,11256,1350
587,NASDAQ-ETFB3,10843,10858,10829,10853,1665
587,NASDAQ-FSR,11054,11060,11003,11013,1508
587,NASDAQ-GOLD,8943,8971,8934,8941,1521
587,NASDAQ-HT,10714,10745,10706,10725,973
587,NASDAQ-INA,10571,10571,10500,10525,831
587,NASDAQ-KOTD,11358,11402,11343,11384,1177
587,NASDAQ-NGUP,10921,10921,10851,10884,726
587,NASDAQ-SIMP,9936,9958,9917,9920,2396
587,NASDAQ-ZITO,10206,10206,10129,10148,953
588,NASDAQ-CARD,10098,10128,10059,10087,2962
588,NASDAQ-DLKV,10750,10875,10744,10846,1636
588,NASDAQ-ETFB,11256,11260,11228,11228,1054
588,NASDAQ-ETFB3,10853,10877,10843,10845,1275
588,NASDAQ-FSR,11013,11072,11009,11072,1925
588,NASDAQ-GOLD,8943,8951,8915,8940,1880
588,NASDAQ-HT,10725,10753,10671,10701,1090
588,NASDAQ-INA,10525,10601,10522,10592,1029
588,NASDAQ-KOTD,11391,11447,11389,11434,1166
588,NASDAQ-NGUP,10890,10931,10871,10900,819
588,NASDAQ-SIMP,9920,10020,9914,9941,3641
588,NASDAQ-ZITO,10152,10202,10146,10173,926
589,NASDAQ-CARD,10087,10124,10046,10047,3114
589,NASDAQ-DLKV,10843,10908,10840,10840,605
589,NASDAQ-ETFB,11230,11256,11228,11234,498
589,NASDAQ-ETFB3,10849,10887,10843,10863,1026
589,NASDAQ-FSR,11066,11120,11054,11116,2348
589,NASDAQ-GOLD,8930,8977,8930,8955,858
589,NASDAQ-HT,10704,10710,10654,10680,991
589,NASDAQ-INA,10592,10620,10547,10578,777
589,NASDAQ-KOTD,11434,11453,11374,11376,1717
589,NASDAQ-NGUP,10891,10891,10814,10835,480
589,NASDAQ-SIMP,9942,9987,9918,9965,4204
589,NASDAQ-ZITO,10173,10178,10142,10155,1766
590,NASDAQ-CARD,10049,10063,10025,10033,1160
590,NASDAQ-DLKV,10841,10900,10841,10887,1473
590,NASDAQ-ETFB,11238,11316,11234,11312,1491
590,NASDAQ-ETFB3,10863,10939,10863,10935,2070
590,NASDAQ-FSR,11068,11129,11068,11129,754
590,NASDAQ-GOLD,8955,8956,8908,8908,1618
590,NASDAQ-HT,10685,10704,10669,10681,1605
590,NASDAQ-INA,10579,10617,10547,10585,1938
590,NASDAQ-KOTD,11376,11394,11317,11317,2326
590,NASDAQ-NGUP,10835,10835,10720,10758,1045
590,NASDAQ-SIMP,9965,10001,9912,9951,3432
590,NASDAQ-ZITO,10155,10166,10137,10164,2517
591,NASDAQ-CARD,10033,10065,9998,10038,1408
591,NASDAQ-DLKV,10870,10910,10849,10897,1612
591,NASDAQ-ETFB,11314,11314,11285,11301,2291
591,NASDAQ-ETFB3,10935,10983,10931,10943,3030
591,NASDAQ-FSR,11096,11117,11089,11117,1666
591,NASDAQ-GOLD,8908,8949,8903,8923,2596
591,NASDAQ-HT,10685,10742,10685,10728,1901
591,NASDAQ-INA,10585,10608,10566,10597,2358
591,NASDAQ-KOTD,11317,11366,11298,11326,1869
591,NASDAQ-NGUP,10758,10785,10741,10756,708
591,NASDAQ-SIMP,9967,9995,9964,9994,1733
591,NASDAQ-ZITO,10170,10190,10160,10163,1078
592,NASDAQ-CARD,10042,10064,9835,9837,1926
592,NASDAQ-DLKV,10904,10934,10897,10897,1822
592,NASDAQ-ETFB,11291,11301,11275,11276,1413
592,NASDAQ-ETFB3,10943,10946,10929,10931,1305
592,NASDAQ-FSR,11109,11115,11065,11082,1052
592,NASDAQ-GOLD,8931,8958,8905,8952,2420
592,NASDAQ-HT,10728,10760,10685,10718,2428
592,NASDAQ-INA,10605,10654,10589,10591,2570
592,NASDAQ-KOTD,11336,11336,11274,11328,1246
592,NASDAQ-NGUP,10750,10782,10746,10762,1000
592,NASDAQ-SIMP,9994,10012,9908,9995,2748
592,NASDAQ-ZITO,10169,10214,10144,10148,1335
593,NASDAQ-CARD,9839,9874,9816,9873,1253
593,NASDAQ-DLKV,10893,10960,10876,10884,1094
593,NASDAQ-ETFB,11280,11295,11270,11293,1632
593,NASDAQ-ETFB3,10935,10948,10921,10940,1183
593,NASDAQ-FSR,11082,11103,11056,11058,1259
593,NASDAQ-GOLD,8949,8951,8903,8912,1337
593,NASDAQ-HT,10720,10773,10713,10735,2284
593,NASDAQ-INA,10591,10621,10581,10587,1905
593,NASDAQ-KOTD,11324,11395,11297,11297,1033
593,NASDAQ-NGUP,10760,10773,10730,10730,465
593,NASDAQ-SIMP,9997,10024,9991,10018,1324
593,NASDAQ-ZITO,10194,10204,10179,10195,889
594,NASDAQ-CARD,9873,9925,9848,9925,1710
594,NASDAQ-DLKV,10884,10885,10844,10864,516
594,NASDAQ-ETFB,11293,11315,11291,11315,1380
594,NASDAQ-ETFB3,10948,10973,10934,10965,1888
594,NASDAQ-FSR,11053,11084,11027,11048,1189
594,NASDAQ-GOLD,8938,8966,8920,8959,1580
594,NASDAQ-HT,10722,10745,10680,10680,848
594,NASDAQ-INA,10608,10656,10580,10580,1803
594,NASDAQ-KOTD,11294,11328,11269,11286,622
594,NASDAQ-NGUP,10736,10749,10722,10727,347
594,NASDAQ-SIMP,10004,10071,10004,10012,1923
594,NASDAQ-ZITO,10189,10203,10170,10184,585
635,NASDAQ-CARD,10335,10364,10195,10201,2077
635,NASDAQ-DLKV,11210,11264,11177,11264,1677
635,NASDAQ-ETFB,11747,11756,11740,11742,414
635,NASDAQ-ETFB3,11567,11584,11553,11556,644
635,NASDAQ-FSR,11001,11068,10997,11068,823
635,NASDAQ-GOLD,9021,9033,8975,8977,1344
635,NASDAQ-HT,11584,11699,11584,11699,1105
635,NASDAQ-INA,11293,11310,11257,11278,822
635,NASDAQ-KOTD,12109,12134,12099,12118,1271
635,NASDAQ-NGUP,10509,10509,10462,10493,929
635,NASDAQ-SIMP,9926,9953,9907,9953,3068
635,NASDAQ-ZITO,10235,10241,10216,10231,1204
636,NASDAQ-CARD,10204,10230,10010,10010,2039
636,NASDAQ-DLKV,11264,11277,11241,11277,1737
636,NASDAQ-ETFB,11738,11761,11725,11753,1403
636,NASDAQ-ETFB3,11557,11559,11541,11541,1294
636,NASDAQ-FSR,11058,11094,11058,11069,697
636,NASDAQ-GOLD,8965,8995,8962,8988,1998
636,NASDAQ-HT,11699,11709,11631,11650,776
636,NASDAQ-INA,11278,11282,11182,11182,581
636,NASDAQ-KOTD,12119,12157,12113,12132,1023
636,NASDAQ-NGUP,10487,10502,10467,10479,885
636,NASDAQ-SIMP,9953,9957,9915,9923,2496
636,NASDAQ-ZITO,10234,10255,10208,10232,1389
637,NASDAQ-CARD,10010,10043,9983,10042,1987
637,NASDAQ-DLKV,11272,11278,11224,11224,1497
637,NASDAQ-ETFB,11751,11763,11732,11744,1018
637,NASDAQ-ETFB3,11541,11543,11531,11535,1173
637,NASDAQ-FSR,11069,11070,10962,10978,2244
637,NASDAQ-GOLD,8988,9055,8986,9055,1916
637,NASDAQ-HT,11654,11689,11637,11668,1398
637,NASDAQ-INA,11181,11181,11087,11089,1386
637,NASDAQ-KOTD,12108,12137,12073,12076,2335
637,NASDAQ-NGUP,10471,10471,10416,10425,1699
637,NASDAQ-SIMP,9916,9970,9914,9960,2970
637,NASDAQ-ZITO,10228,10239,10154,10158,2550
638,NASDAQ-CARD,10042,10045,9824,9833,3137
638,NASDAQ-DLKV,11224,11352,11224,11324,1093
638,NASDAQ-ETFB,11740,11756,11740,11748,668
638,NASDAQ-ETFB3,11535,11549,11529,11538,1610
638,NASDAQ-FSR,10978,10980,10954,10980,571
638,NASDAQ-GOLD,9055,9070,9013,9037,1039
638,NASDAQ-HT,11668,11675,11648,11667,679
638,NASDAQ-INA,11081,11114,11081,11103,1762
638,NASDAQ-KOTD,12076,12114,12062,12108,1181
638,NASDAQ-NGUP,10425,10489,10425,10476,1960
638,NASDAQ-SIMP,9958,9989,9947,9950,2813
638,NASDAQ-ZITO,10150,10247,10150,10196,990
639,NASDAQ-CARD,9833,9865,9659,9659,1823
639,NASDAQ-DLKV,11328,11347,11301,11338,736
639,NASDAQ-ETFB,11748,11752,11671,11671,858
639,NASDAQ-ETFB3,11526,11535,11491,11507,1796
639,NASDAQ-FSR,10995,11028,10958,10996,494
639,NASDAQ-GOLD,9037,9048,9010,9045,699
639,NASDAQ-HT,11667,11690,11642,11686,788
639,NASDAQ-INA,11110,11161,11102,11161,1302
639,NASDAQ-KOTD,12105,12157,12105,12148,862
639,NASDAQ-NGUP,10470,10518,10456,10464,678
639,NASDAQ-SIMP,9950,9985,9947,9961,2124
639,NASDAQ-ZITO,10196,10225,10161,10161,580
640,NASDAQ-CARD,9663,9864,9429,9864,3702
640,NASDAQ-DLKV,11338,11338,11288,11305,916
640,NASDAQ-ETFB,11671,11708,11667,11701,1184
640,NASDAQ-ETFB3,11507,11509,11479,11498,2544
640,NASDAQ-FSR,10998,11005,10962,10976,639
640,NASDAQ-GOLD,9051,9061,9024,9026,1108
640,NASDAQ-HT,11671,11671,10975,10975,404
640,NASDAQ-INA,11162,11200,11144,11172,1547
640,NASDAQ-KOTD,12098,12104,12037,12043,1324
640,NASDAQ-NGUP,10474,10484,10465,10471,763
640,NASDAQ-SIMP,9961,9993,9957,9982,1999
640,NASDAQ-ZITO,10157,10176,10127,10154,727
687,NASDAQ-CARD,10433,10645,10429,10645,2211
687,NASDAQ-DLKV,11145,11145,11076,11096,1613
687,NASDAQ-ETFB,11468,11503,11464,11503,675
687,NASDAQ-ETFB3,11302,11362,11293,11360,1655
687,NASDAQ-FSR,10787,10832,10774,10781,1208
687,NASDAQ-GOLD,8296,8307,8261,8277,2116
687,NASDAQ-HT,10939,10939,10893,10894,3137
687,NASDAQ-INA,10986,11015,10968,11015,1174
687,NASDAQ-KOTD,12050,12064,12004,12004,686
687,NASDAQ-NGUP,10396,10486,10390,10390,1102
687,NASDAQ-SIMP,10031,10032,9993,10032,1810
687,NASDAQ-ZITO,10116,10141,10098,10132,2568
688,NASDAQ-CARD,10645,10665,10348,10348,1751
688,NASDAQ-DLKV,11098,11157,11098,11133,877
688,NASDAQ-ETFB,11499,11549,11499,11545,674
688,NASDAQ-ETFB3,11367,11388,11360,11386,1220
688,NASDAQ-FSR,10778,10842,10759,10817,2432
688,NASDAQ-GOLD,8265,8270,8226,8270,266
688,NASDAQ-HT,10894,10928,10885,10887,1603
688,NASDAQ-INA,10989,11034,10975,11030,323
688,NASDAQ-KOTD,11994,12031,11977,11983,379
688,NASDAQ-NGUP,10396,10526,10396,10480,432
688,NASDAQ-SIMP,10032,10050,10013,10021,2468
688,NASDAQ-ZITO,10130,10161,10110,10161,2042
689,NASDAQ-CARD,10348,10429,10341,10420,1808
689,NASDAQ-DLKV,11133,11137,11101,11127,1475
689,NASDAQ-ETFB,11544,11550,11508,11515,1812
689,NASDAQ-ETFB3,11386,11403,11373,11382,1940
689,NASDAQ-FSR,10800,10830,10763,10828,2344
689,NASDAQ-GOLD,8268,8309,8268,8295,829
689,NASDAQ-HT,10887,11082,10844,10850,3260
689,NASDAQ-INA,11022,11024,10934,10934,997
689,NASDAQ-KOTD,11958,11962,11914,11924,1008
689,NASDAQ-NGUP,10518,10557,10427,10554,1494
689,NASDAQ-SIMP,10020,10053,10017,10035,2210
689,NASDAQ-ZITO,10124,10126,10080,10080,1295
690,NASDAQ-CARD,10413,10439,10373,10373,1548
690,NASDAQ-DLKV,11149,11165,11140,11159,2208
690,NASDAQ-ETFB,11515,11521,11508,11512,2176
690,NASDAQ-ETFB3,11378,11386,11352,11382,1333
690,NASDAQ-FSR,10803,10824,10741,10810,2182
690,NASDAQ-GOLD,8297,8332,8282,8332,3798
690,NASDAQ-HT,10844,10865,10802,10865,2800
690,NASDAQ-INA,10967,10967,10920,10932,511
690,NASDAQ-KOTD,11916,11916,11802,11882,1332
690,NASDAQ-NGUP,10613,10613,10527,10576,1232
690,NASDAQ-SIMP,10032,10052,10014,10017,1944
690,NASDAQ-ZITO,10076,10096,10065,10073,1906
691,NASDAQ-CARD,10373,10381,10066,10066,1429
691,NASDAQ-DLKV,11159,11195,11139,11191,1515
691,NASDAQ-ETFB,11516,11526,11460,11462,2568
691,NASDAQ-ETFB3,11363,11363,11347,11347,905
691,NASDAQ-FSR,10783,10783,10718,10718,2806
691,NASDAQ-GOLD,8290,8360,8290,8305,1240
691,NASDAQ-HT,10859,10906,10843,10892,3046
691,NASDAQ-INA,10965,10970,10922,10926,2140
691,NASDAQ-KOTD,11876,11942,11876,11923,1274
691,NASDAQ-NGUP,10576,10631,10520,10631,948
691,NASDAQ-SIMP,10028,10034,10017,10028,1323
691,NASDAQ-ZITO,10075,10100,10053,10069,2748
692,NASDAQ-CARD,10066,10093,9800,9804,2225
692,NASDAQ-DLKV,11200,11215,11183,11212,823
692,NASDAQ-ETFB,11458,11468,11427,11454,1479
692,NASDAQ-ETFB3,11351,11357,11293,11319,2948
692,NASDAQ-FSR,10706,10706,10145,10145,1462
692,NASDAQ-GOLD,8318,8319,8213,8213,2407
692,NASDAQ-HT,10872,10891,10842,10872,2011
692,NASDAQ-INA,10926,10996,10918,10975,1716
692,NASDAQ-KOTD,11923,11996,11919,11990,2215
692,NASDAQ-NGUP,10606,10655,10588,10635,1441
692,NASDAQ-SIMP,10028,10045,10025,10044,1116
692,NASDAQ-ZITO,10069,10142,10063,10137,1653
693,NASDAQ-CARD,9804,9832,9641,9641,1926
693,NASDAQ-DLKV,11230,11296,11224,11288,1309
693,NASDAQ-ETFB,11454,11491,11450,11479,817
693,NASDAQ-ETFB3,11319,11351,11315,11349,1614
693,NASDAQ-FSR,10134,10155,9851,9851,4917
693,NASDAQ-GOLD,8215,8216,8166,8176,1040
693,NASDAQ-HT,10865,10884,10850,10884,1141
693,NASDAQ-INA,10965,10986,10928,10986,774
693,NASDAQ-KOTD,11976,12026,11946,12026,826
693,NASDAQ-NGUP,10666,10816,10666,10807,926
693,NASDAQ-SIMP,10044,10052,10025,10050,911
693,NASDAQ-ZITO,10138,10158,10106,10154,1027
694,NASDAQ-CARD,9641,9686,9621,9686,1173
694,NASDAQ-DLKV,11332,11348,11298,11298,677
694,NASDAQ-ETFB,11479,11511,11479,11507,587
694,NASDAQ-ETFB3,11349,11387,11349,11367,1821
694,NASDAQ-FSR,9851,9894,9795,9894,2588
694,NASDAQ-GOLD,8178,8179,8147,8164,715
694,NASDAQ-HT,10885,10906,10864,10864,1654
694,NASDAQ-INA,10961,11025,10961,11009,2012
694,NASDAQ-KOTD,12026,12028,11959,11959,1411
694,NASDAQ-NGUP,10798,10807,10751,10760,799
694,NASDAQ-SIMP,10039,10041,10004,10026,1615
694,NASDAQ-ZITO,10154,10154,10091,10115,3666
695,NASDAQ-CARD,9679,9682,9543,9543,1661
695,NASDAQ-DLKV,11298,11317,11267,11271,380
695,NASDAQ-ETFB,11507,11544,11505,11538,908
695,NASDAQ-ETFB3,11367,11410,11367,11402,1967
695,NASDAQ-FSR,9946,10546,9942,10546,1956
695,NASDAQ-GOLD,8166,8195,8156,8195,1760
695,NASDAQ-HT,10879,10896,10857,10893,1778
695,NASDAQ-INA,11009,11009,10948,10951,1288
695,NASDAQ-KOTD,11961,11988,11943,11943,1852
695,NASDAQ-NGUP,10737,10743,10687,10695,549
695,NASDAQ-SIMP,10026,10039,10010,10012,691
695,NASDAQ-ZITO,10113,10126,10090,10104,1647
696,NASDAQ-CARD,9543,9657,9516,9591,4390
696,NASDAQ-DLKV,11270,11274,10887,10887,1946
696,NASDAQ-ETFB,11538,11573,11534,11568,2257
696,NASDAQ-ETFB3,11402,11448,11388,11448,1129
696,NASDAQ-FSR,10540,10754,10540,10749,4646
696,NASDAQ-GOLD,8197,8308,8194,8287,763
696,NASDAQ-HT,10893,10946,10875,10923,2434
696,NASDAQ-INA,10951,10973,10918,10940,841
696,NASDAQ-KOTD,11943,11955,11898,11929,653
696,NASDAQ-NGUP,10689,10710,10663,10710,543
696,NASDAQ-SIMP,10012,10032,9980,10015,2387
696,NASDAQ-ZITO,10104,10143,10080,10107,2072
697,NASDAQ-CARD,9591,9617,9523,9525,3203
697,NASDAQ-DLKV,10887,10889,10690,10709,2561
697,NASDAQ-ETFB,11568,11571,11545,11547,1312
697,NASDAQ-ETFB3,11422,11427,11401,11405,660
697,NASDAQ-FSR,10749,10782,10697,10708,2561
697,NASDAQ-GOLD,8287,8346,8282,8343,656
697,NASDAQ-HT,10905,10966,10894,10926,926
697,NASDAQ-INA,10940,10947,10908,10941,707
697,NASDAQ-KOTD,11933,11939,11836,11840,2153
697,NASDAQ-NGUP,10717,10734,10660,10672,873
697,NASDAQ-SIMP,10013,10046,10013,10035,1266
697,NASDAQ-ZITO,10109,10147,10091,10093,1584
698,NASDAQ-CARD,9525,9525,9271,9271,2530
698,NASDAQ-DLKV,10682,10689,10639,10663,1496
698,NASDAQ-ETFB,11547,11560,11480,11480,951
698,NASDAQ-ETFB3,11411,11411,11302,11306,801
698,NASDAQ-FSR,10696,10699,10647,10688,1064
698,NASDAQ-GOLD,8343,8440,8342,8440,1000
698,NASDAQ-HT,10922,10929,10899,10919,920
698,NASDAQ-INA,10931,10931,10885,10906,356
698,NASDAQ-KOTD,11850,11883,11827,11844,2161
698,NASDAQ-NGUP,10672,10694,10609,10645,1104
698,NASDAQ-SIMP,10035,10064,10034,10042,1122
698,NASDAQ-ZITO,10097,10106,10051,10056,711
699,NASDAQ-CARD,9291,9657,9274,9462,3242
699,NASDAQ-DLKV,10667,10689,10630,10665,2013
699,NASDAQ-ETFB,11486,11486,11441,11443,1521
699,NASDAQ-ETFB3,11302,11306,11150,11152,2450
699,NASDAQ-FSR,10688,10726,10671,10677,1618
699,NASDAQ-GOLD,8440,8440,8377,8406,1610
699,NASDAQ-HT,10917,10962,10910,10962,956
699,NASDAQ-INA,10912,10940,10884,10884,701
699,NASDAQ-KOTD,11883,11883,11812,11875,1678
699,NASDAQ-NGUP,10668,10679,10588,10591,922
699,NASDAQ-SIMP,10040,10086,10036,10086,1381
699,NASDAQ-ZITO,10065,10068,10037,10062,995
700,NASDAQ-CARD,9462,9488,9262,9262,2063
700,NASDAQ-DLKV,10665,10719,10663,10687,1156
700,NASDAQ-ETFB,11447,11447,11392,11404,1538
700,NASDAQ-ETFB3,11152,11158,11125,11133,2222
700,NASDAQ-FSR,10677,10680,10601,10601,756
700,NASDAQ-GOLD,8400,8407,8375,8375,396
700,NASDAQ-HT,10985,11011,10972,11000,409
700,NASDAQ-INA,10884,10908,10849,10908,1178
700,NASDAQ-KOTD,11879,11937,11871,11931,1652
700,NASDAQ-NGUP,10591,10663,10591,10650,988
700,NASDAQ-SIMP,10086,10086,10042,10070,1839
700,NASDAQ-ZITO,10059,10072,10030,10071,191
701,NASDAQ-CARD,9262,9360,9248,9352,1854
701,NASDAQ-DLKV,10674,10711,10662,10711,1129
701,NASDAQ-ETFB,11398,11427,11398,11420,1871
701,NASDAQ-ETFB3,11133,11163,11125,11143,1605
701,NASDAQ-FSR,10636,10636,10599,10610,1356
701,NASDAQ-GOLD,8375,8401,8365,8365,332
701,NASDAQ-HT,11000,11022,10968,11007,729
701,NASDAQ-INA,10885,10930,10881,10916,1129
701,NASDAQ-KOTD,11931,11956,11904,11936,1387
701,NASDAQ-NGUP,10650,10671,10623,10623,806
701,NASDAQ-SIMP,10070,10074,10025,10045,1153
701,NASDAQ-ZITO,10050,10085,10039,10062,649
702,NASDAQ-CARD,9352,9636,9341,9631,4437
702,NASDAQ-DLKV,10705,10709,10619,10627,1305
702,NASDAQ-ETFB,11416,11459,11416,11455,1805
702,NASDAQ-ETFB3,11143,11172,11135,11168,2221
702,NASDAQ-FSR,10610,10632,10561,10561,994
702,NASDAQ-GOLD,8364,8412,8335,8412,709
702,NASDAQ-HT,10968,11006,10968,10994,339
702,NASDAQ-INA,10899,10917,10858,10880,1289
702,NASDAQ-KOTD,11936,11938,11896,11901,866
702,NASDAQ-NGUP,10629,10632,10585,10585,1029
702,NASDAQ-SIMP,10026,10043,10018,10033,1285
702,NASDAQ-ZITO,10067,10071,10031,10039,1383
703,NASDAQ-CARD,9608,9638,9604,9621,1862
703,NASDAQ-DLKV,10621,10675,10610,10666,1146
703,NASDAQ-ETFB,11453,11494,11453,11484,827
703,NASDAQ-ETFB3,11158,11190,11158,11174,1480
703,NASDAQ-FSR,10561,10599,10561,10564,1860
703,NASDAQ-GOLD,8414,8446,8402,8402,705
703,NASDAQ-HT,10998,10998,10924,10937,1666
703,NASDAQ-INA,10884,10904,10876,10904,2050
703,NASDAQ-KOTD,11908,11949,11904,11945,2128
703,NASDAQ-NGUP,10585,10598,10537,10591,689
703,NASDAQ-SIMP,10032,10082,10003,10019,2771
703,NASDAQ-ZITO,10039,10056,10026,10043,958
704,NASDAQ-CARD,9657,9763,9597,9763,3165
704,NASDAQ-DLKV,10671,10672,10551,10553,851
704,NASDAQ-ETFB,11484,11488,11443,11443,652
704,NASDAQ-ETFB3,11175,11182,11149,11160,1502
704,NASDAQ-FSR,10551,10623,10551,10618,853
704,NASDAQ-GOLD,8404,8418,8395,8397,539
704,NASDAQ-HT,10934,10996,10883,10885,969
704,NASDAQ-INA,10888,10892,10849,10864,1634
704,NASDAQ-KOTD,11946,11949,11888,11929,1929
704,NASDAQ-NGUP,10591,10598,10549,10577,459
704,NASDAQ-SIMP,10021,10041,10010,10014,985
704,NASDAQ-ZITO,10045,10062,10025,10062,273
705,NASDAQ-CARD,9763,9798,9716,9735,3427
705,NASDAQ-DLKV,10553,10573,10529,10573,1569
705,NASDAQ-ETFB,11434,11434,11410,11423,997
705,NASDAQ-ETFB3,11160,11164,11139,11159,1922
705,NASDAQ-FSR,10609,10642,10586,10617,2842
705,NASDAQ-GOLD,8417,8437,8406,8437,554
705,NASDAQ-HT,10885,10888,10796,10796,982
705,NASDAQ-INA,10864,10876,10833,10876,2304
705,NASDAQ-KOTD,11881,11900,11850,11852,1720
705,NASDAQ-NGUP,10577,10584,10543,10549,874
705,NASDAQ-SIMP,10012,10014,9957,9972,3922
705,NASDAQ-ZITO,10039,10096,10023,10090,2530
740,NASDAQ-CARD,9250,9432,9241,9432,2059
740,NASDAQ-DLKV,10399,10399,10349,10351,880
740,NASDAQ-ETFB,11127,11139,11119,11121,739
740,NASDAQ-ETFB3,11052,11062,11036,11038,1260
740,NASDAQ-FSR,10559,10631,10557,10623,712
740,NASDAQ-GOLD,8014,8022,7973,7997,626
740,NASDAQ-HT,9701,9724,9701,9716,1035
740,NASDAQ-INA,10863,10967,10861,10967,993
740,NASDAQ-KOTD,11803,11848,11795,11824,1037
740,NASDAQ-NGUP,10886,10909,10856,10856,268
740,NASDAQ-SIMP,9936,9960,9925,9960,1274
740,NASDAQ-ZITO,10009,10044,9991,10033,1769
741,NASDAQ-CARD,9432,9432,9248,9261,1926
741,NASDAQ-DLKV,10351,10461,10351,10436,1300
741,NASDAQ-ETFB,11125,11126,11107,11123,1115
741,NASDAQ-ETFB3,11047,11051,11023,11025,1389
741,NASDAQ-FSR,10615,10652,10565,10643,1324
741,NASDAQ-GOLD,8008,8009,7953,7970,2075
741,NASDAQ-HT,9716,9777,9709,9754,1196
741,NASDAQ-INA,10940,10956,10900,10956,699
741,NASDAQ-KOTD,11803,11846,11788,11802,1196
741,NASDAQ-NGUP,10881,10909,10848,10909,290
741,NASDAQ-SIMP,9972,9972,9920,9929,1571
741,NASDAQ-ZITO,10013,10029,10000,10016,598
742,NASDAQ-CARD,9256,9279,9188,9188,2266
742,NASDAQ-DLKV,10437,10446,10418,10446,828
742,NASDAQ-ETFB,11121,11125,11099,11118,1059
742,NASDAQ-ETFB3,11025,11056,11019,11048,1330
742,NASDAQ-FSR,10647,10649,10600,10620,2417
742,NASDAQ-GOLD,7970,7999,7958,7998,1263
742,NASDAQ-HT,9754,9774,9742,9763,1032
742,NASDAQ-INA,10956,10991,10946,10946,1338
742,NASDAQ-KOTD,11802,11831,11774,11831,1347
742,NASDAQ-NGUP,10909,10909,10846,10846,555
742,NASDAQ-SIMP,9926,9930,9886,9887,1922
742,NASDAQ-ZITO,10024,10074,10013,10070,1613
743,NASDAQ-CARD,9176,9190,9089,9089,1167
743,NASDAQ-DLKV,10446,10446,10410,10411,1111
743,NASDAQ-ETFB,11120,11133,11118,11131,1279
743,NASDAQ-ETFB3,11048,11069,11036,11063,1303
743,NASDAQ-FSR,10603,10623,10536,10590,2086
743,NASDAQ-GOLD,7991,8052,7991,8052,1252
743,NASDAQ-HT,9752,9757,9729,9750,661
743,NASDAQ-INA,10956,10956,10923,10940,537
743,NASDAQ-KOTD,11834,11838,11773,11801,1436
743,NASDAQ-NGUP,10845,10874,10806,10868,251
743,NASDAQ-SIMP,9887,9925,9885,9916,2498
743,NASDAQ-ZITO,10068,10068,10013,10035,954
744,NASDAQ-CARD,9089,9193,9087,9193,2158
744,NASDAQ-DLKV,10422,10441,10398,10440,1307
744,NASDAQ-ETFB,11134,11165,11134,11161,1671
744,NASDAQ-ETFB3,11063,11074,11061,11070,1226
744,NASDAQ-FSR,10590,10638,10572,10572,660
744,NASDAQ-GOLD,8050,8076,8040,8064,1765
744,NASDAQ-HT,9750,9765,9736,9765,912
744,NASDAQ-INA,10940,10997,10931,10966,1524
744,NASDAQ-KOTD,11801,11820,11755,11761,1262
744,NASDAQ-NGUP,10868,10890,10839,10852,204
744,NASDAQ-SIMP,9916,9927,9891,9923,1980
744,NASDAQ-ZITO,10010,10021,9977,9978,423
745,NASDAQ-CARD,9193,9307,9143,9306,3457
745,NASDAQ-DLKV,10440,10464,10407,10464,657
745,NASDAQ-ETFB,11161,11174,11155,11160,907
745,NASDAQ-ETFB3,11070,11079,11037,11055,1042
745,NASDAQ-FSR,10601,10692,10601,10688,1560
745,NASDAQ-GOLD,8064,8079,8021,8054,876
745,NASDAQ-HT,9761,9761,9717,9750,1845
745,NASDAQ-INA,10966,10990,10939,10942,927
745,NASDAQ-KOTD,11782,11824,11750,11805,1690
745,NASDAQ-NGUP,10858,10865,10828,10857,155
745,NASDAQ-SIMP,9943,9969,9932,9946,3321
745,NASDAQ-ZITO,10016,10050,10012,10024,1201
746,NASDAQ-CARD,9306,9310,9026,9031,3660
746,NASDAQ-DLKV,10438,10438,10394,10430,479
746,NASDAQ-ETFB,11160,11171,11156,11170,768
746,NASDAQ-ETFB3,11055,11059,11047,11058,1405
746,NASDAQ-FSR,10673,10695,10650,10658,842
746,NASDAQ-GOLD,8059,8076,8045,8076,2026
746,NASDAQ-HT,9695,9732,9665,9665,1742
746,NASDAQ-INA,10936,10966,10928,10966,804
746,NASDAQ-KOTD,11805,11829,11756,11829,1907
746,NASDAQ-NGUP,10857,10857,10818,10826,279
746,NASDAQ-SIMP,9946,9962,9928,9962,1846
746,NASDAQ-ZITO,10024,10040,10000,10020,809
747,NASDAQ-CARD,9038,9268,9014,9266,2620
747,NASDAQ-DLKV,10426,10446,10385,10386,1067
747,NASDAQ-ETFB,11170,11192,11158,11184,1967
747,NASDAQ-ETFB3,11058,11078,11058,11072,1676
747,NASDAQ-FSR,10674,10681,10612,10615,1971
747,NASDAQ-GOLD,8083,8119,8076,8105,1258
747,NASDAQ-HT,9683,9720,9655,9661,1751
747,NASDAQ-INA,10966,10995,10933,10953,1151
747,NASDAQ-KOTD,11825,11829,11750,11750,1311
747,NASDAQ-NGUP,10808,10858,10808,10858,351
747,NASDAQ-SIMP,9931,9978,9929,9948,1418
747,NASDAQ-ZITO,10022,10051,9987,10000,1021
748,NASDAQ-CARD,9266,9278,9218,9220,2890
748,NASDAQ-DLKV,10386,10395,10339,10379,633
748,NASDAQ-ETFB,11184,11184,11146,11153,1473
748,NASDAQ-ETFB3,11072,11078,11031,11036,1084
748,NASDAQ-FSR,10637,10697,10634,10697,1021
748,NASDAQ-GOLD,8111,8140,8092,8092,1240
748,NASDAQ-HT,9654,9661,9594,9661,2047
748,NASDAQ-INA,10928,10928,10849,10907,858
748,NASDAQ-KOTD,11746,11768,11707,11754,1946
748,NASDAQ-NGUP,10810,10833,10787,10832,555
748,NASDAQ-SIMP,9948,9972,9941,9953,965
748,NASDAQ-ZITO,9988,9991,9959,9979,553
749,NASDAQ-CARD,9222,9244,8968,8973,2727
749,NASDAQ-DLKV,10373,10383,10355,10383,1199
749,NASDAQ-ETFB,11153,11175,11149,11166,792
749,NASDAQ-ETFB3,11032,11069,11032,11041,1085
749,NASDAQ-FSR,10699,10724,10688,10722,2432
749,NASDAQ-GOLD,8085,8165,8078,8151,1032
749,NASDAQ-HT,9661,9675,9632,9658,3015
749,NASDAQ-INA,10899,10926,10873,10902,668
749,NASDAQ-KOTD,11754,11754,11686,11716,1344
749,NASDAQ-NGUP,10832,10860,10774,10784,231
749,NASDAQ-SIMP,9950,9985,9941,9948,628
749,NASDAQ-ZITO,9965,9975,9932,9953,737
750,NASDAQ-CARD,8971,9108,8957,9094,1675
750,NASDAQ-DLKV,10383,10383,10340,10364,375
750,NASDAQ-ETFB,11166,11166,11090,11090,563
750,NASDAQ-ETFB3,11028,11028,10982,10986,579
750,NASDAQ-FSR,10722,10761,10691,10759,1120
750,NASDAQ-GOLD,8151,8151,8071,8088,616
750,NASDAQ-HT,9662,9712,9645,9670,2047
750,NASDAQ-INA,10882,10900,10853,10879,1046
750,NASDAQ-KOTD,11716,11749,11698,11716,1979
750,NASDAQ-NGUP,10775,10810,10769,10804,1027
750,NASDAQ-SIMP,9948,9990,9945,9950,2697
750,NASDAQ-ZITO,9952,9966,9937,9952,1479
751,NASDAQ-CARD,9094,9292,9055,9292,1266
751,NASDAQ-DLKV,10366,10390,10356,10369,440
751,NASDAQ-ETFB,11075,11085,11063,11077,1935
751,NASDAQ-ETFB3,10983,11010,10981,10995,587
751,NASDAQ-FSR,10759,10828,10751,10828,1507
751,NASDAQ-GOLD,8100,8100,8053,8078,812
751,NASDAQ-HT,9670,9710,9656,9704,2334
751,NASDAQ-INA,10865,10892,10829,10841,643
751,NASDAQ-KOTD,11716,11716,11657,11657,1537
751,NASDAQ-NGUP,10804,10905,10804,10869,827
751,NASDAQ-SIMP,9943,9973,9933,9966,925
751,NASDAQ-ZITO,9947,9962,9930,9932,859
752,NASDAQ-CARD,9294,9295,9247,9287,939
752,NASDAQ-DLKV,10343,10380,10333,10359,720
752,NASDAQ-ETFB,11075,11093,11073,11083,1275
752,NASDAQ-ETFB3,10999,11001,10972,10972,613
752,NASDAQ-FSR,10814,10836,10791,10791,981
752,NASDAQ-GOLD,8078,8090,8063,8075,798
752,NASDAQ-HT,9706,9753,9688,9746,2114
752,NASDAQ-INA,10841,10859,10804,10804,748
752,NASDAQ-KOTD,11657,11703,11654,11703,1045
752,NASDAQ-NGUP,10894,10896,10843,10882,584
752,NASDAQ-SIMP,9967,9988,9945,9949,1024
752,NASDAQ-ZITO,9928,9967,9923,9923,1144
793,NASDAQ-CARD,10348,10650,10346,10643,2956
793,NASDAQ-DLKV,10393,10428,10345,10385,300
793,NASDAQ-ETFB,11257,11272,11244,11244,1018
793,NASDAQ-ETFB3,10974,10984,10968,10984,1173
793,NASDAQ-FSR,10834,10874,10823,10860,541
793,NASDAQ-GOLD,8036,8050,8020,8046,1604
793,NASDAQ-HT,9900,9986,9896,9986,2528
793,NASDAQ-INA,10637,10647,10592,10618,1173
793,NASDAQ-KOTD,11864,11867,11827,11832,2019
793,NASDAQ-NGUP,9676,9709,9654,9679,883
793,NASDAQ-SIMP,10016,10050,10005,10027,1587
793,NASDAQ-ZITO,9997,10018,9977,9999,1100
794,NASDAQ-CARD,10641,10673,10376,10515,3568
794,NASDAQ-DLKV,10367,10390,10333,10362,1246
794,NASDAQ-ETFB,11247,11272,11228,11228,1270
794,NASDAQ-ETFB3,10969,10978,10950,10950,486
794,NASDAQ-FSR,10860,10900,10860,10860,519
794,NASDAQ-GOLD,8046,8068,8012,8013,984
794,NASDAQ-HT,9986,10013,9958,10013,934
794,NASDAQ-INA,10631,10687,10625,10676,1111
794,NASDAQ-KOTD,11861,11883,11794,11796,517
794,NASDAQ-NGUP,9679,9683,9638,9652,257
794,NASDAQ-SIMP,10027,10033,10014,10014,424
794,NASDAQ-ZITO,9971,10042,9969,10041,645
795,NASDAQ-CARD,10515,10561,10505,10507,1280
795,NASDAQ-DLKV,10341,10347,10283,10283,1066
795,NASDAQ-ETFB,11230,11237,11223,11223,1729
795,NASDAQ-ETFB3,10952,10969,10934,10934,529
795,NASDAQ-FSR,10844,10849,10751,10753,640
795,NASDAQ-GOLD,8013,8080,8013,8078,592
795,NASDAQ-HT,10013,10032,9984,10021,2100
795,NASDAQ-INA,10676,10731,10662,10731,638
795,NASDAQ-KOTD,11796,11815,11725,11727,485
795,NASDAQ-NGUP,9652,9663,9588,9598,333
795,NASDAQ-SIMP,10015,10036,9999,10001,1600
795,NASDAQ-ZITO,10041,10045,10007,10007,1031
796,NASDAQ-CARD,10515,10521,10172,10179,702
796,NASDAQ-DLKV,10283,10283,10236,10242,669
796,NASDAQ-ETFB,11227,11261,11223,11257,1251
796,NASDAQ-ETFB3,10934,10969,10934,10959,815
796,NASDAQ-FSR,10753,10758,10702,10715,1935
796,NASDAQ-GOLD,8078,8151,8075,8137,3440
796,NASDAQ-HT,10021,10021,9974,9974,1151
796,NASDAQ-INA,10731,10736,10690,10690,719
796,NASDAQ-KOTD,11727,11727,11616,11617,746
796,NASDAQ-NGUP,9586,9588,9521,9521,711
796,NASDAQ-SIMP,10001,10021,9985,10021,2079
796,NASDAQ-ZITO,9995,10045,9990,10043,1752
797,NASDAQ-CARD,10186,10376,10178,10354,2119
797,NASDAQ-DLKV,10247,10276,10225,10225,811
797,NASDAQ-ETFB,11257,11265,11238,11246,1135
797,NASDAQ-ETFB3,10948,10952,10910,10910,761
797,NASDAQ-FSR,10715,10800,10711,10774,1286
797,NASDAQ-GOLD,8136,8141,8107,8122,1493
797,NASDAQ-HT,9994,10017,9983,10009,697
797,NASDAQ-INA,10680,10712,10666,10691,771
797,NASDAQ-KOTD,11617,11655,11612,11621,772
797,NASDAQ-NGUP,9521,9545,9478,9478,593
797,NASDAQ-SIMP,10021,10032,9980,9996,2798
797,NASDAQ-ZITO,10017,10036,9970,10017,1528
798,NASDAQ-CARD,10356,10400,10346,10361,1123
798,NASDAQ-DLKV,10225,10225,10162,10187,436
798,NASDAQ-ETFB,11242,11243,11192,11193,926
798,NASDAQ-ETFB3,10910,10914,10873,10873,358
798,NASDAQ-FSR,10771,10779,10709,10736,774
798,NASDAQ-GOLD,8129,8172,8123,8172,967
798,NASDAQ-HT,9985,9994,9968,9991,583
798,NASDAQ-INA,10668,10706,10642,10706,375
798,NASDAQ-KOTD,11617,11617,11568,11614,486
798,NASDAQ-NGUP,9478,9554,9478,9554,306
798,NASDAQ-SIMP,9996,10001,9947,9953,1805
798,NASDAQ-ZITO,9995,10027,9981,10022,1223
799,NASDAQ-CARD,10345,10383,10230,10230,995
799,NASDAQ-DLKV,10189,10195,10140,10158,1909
799,NASDAQ-ETFB,11193,11197,11162,11186,2439
799,NASDAQ-ETFB3,10873,10873,10835,10867,1131
799,NASDAQ-FSR,10697,10727,10687,10712,1603
799,NASDAQ-GOLD,8169,8177,8125,8131,2373
799,NASDAQ-HT,9988,9996,9954,9962,378
799,NASDAQ-INA,10706,10760,10700,10739,344
799,NASDAQ-KOTD,11619,11619,11568,11574,496
799,NASDAQ-NGUP,9568,9621,9556,9600,914
799,NASDAQ-SIMP,9952,9987,9952,9978,2988
799,NASDAQ-ZITO,10022,10080,10005,10067,1206
800,NASDAQ-CARD,10230,10259,10022,10030,753
800,NASDAQ-DLKV,10162,10223,10139,10221,1241
800,NASDAQ-ETFB,11186,11190,11118,11149,1484
800,NASDAQ-ETFB3,10867,10871,10808,10820,1305
800,NASDAQ-FSR,10712,10759,10693,10756,733
800,NASDAQ-GOLD,8140,8169,8128,8158,2251
800,NASDAQ-HT,9974,9997,9958,9994,699
800,NASDAQ-INA,10721,10740,10712,10740,288
800,NASDAQ-KOTD,11598,11681,11594,11681,1284
800,NASDAQ-NGUP,9607,9689,9607,9672,595
800,NASDAQ-SIMP,9978,9990,9960,9976,1026
800,NASDAQ-ZITO,10050,10059,10010,10015,1995
801,NASDAQ-CARD,10030,10041,9869,9869,1472
801,NASDAQ-DLKV,10207,10211,10182,10186,629
801,NASDAQ-ETFB,11151,11155,11131,11148,1288
801,NASDAQ-ETFB3,10822,10826,10808,10823,1861
801,NASDAQ-FSR,10754,10793,10753,10788,413
801,NASDAQ-GOLD,8158,8158,8100,8121,1543
801,NASDAQ-HT,9992,10036,9992,10006,724
801,NASDAQ-INA,10715,10729,10677,10700,743
801,NASDAQ-KOTD,11666,11684,11633,11633,1038
801,NASDAQ-NGUP,9672,9697,9656,9668,1076
801,NASDAQ-SIMP,9974,10010,9971,9985,1832
801,NASDAQ-ZITO,10015,10065,10015,10045,2700
802,NASDAQ-CARD,9860,9873,9593,9593,1573
802,NASDAQ-DLKV,10197,10203,10172,10172,809
802,NASDAQ-ETFB,11142,11161,11127,11149,1396
802,NASDAQ-ETFB3,10823,10869,10822,10869,1672
802,NASDAQ-FSR,10807,10808,10756,10806,1208
802,NASDAQ-GOLD,8123,8139,8099,8099,1244
802,NASDAQ-HT,9996,10002,9960,9978,1479
802,NASDAQ-INA,10696,10728,10691,10694,587
802,NASDAQ-KOTD,11639,11660,11603,11603,649
802,NASDAQ-NGUP,9668,9681,9641,9648,527
802,NASDAQ-SIMP,9990,10000,9975,9975,1773
802,NASDAQ-ZITO,10051,10069,10036,10040,1750
803,NASDAQ-CARD,9580,9588,9365,9367,2128
803,NASDAQ-DLKV,10172,10194,10165,10192,391
803,NASDAQ-ETFB,11149,11178,11145,11172,1583
803,NASDAQ-ETFB3,10882,10882,10844,10850,817
803,NASDAQ-FSR,10806,10806,10763,10787,1822
803,NASDAQ-GOLD,8099,8148,8090,8147,888
803,NASDAQ-HT,9980,9991,9951,9957,1208
803,NASDAQ-INA,10721,10738,10702,10738,898
803,NASDAQ-KOTD,11603,11639,11580,11613,826
803,NASDAQ-NGUP,9664,9702,9620,9681,738
803,NASDAQ-SIMP,9977,10008,9965,9974,2607
803,NASDAQ-ZITO,10040,10040,9998,10031,1569
804,NASDAQ-CARD,9361,9573,9333,9493,3274
804,NASDAQ-DLKV,10213,10242,10165,10199,224
804,NASDAQ-ETFB,11172,11187,11172,11174,1274
804,NASDAQ-ETFB3,10850,10850,10832,10846,630
804,NASDAQ-FSR,10775,10808,10775,10800,1043
804,NASDAQ-GOLD,8146,8146,8105,8105,1090
804,NASDAQ-HT,9957,9961,9933,9937,1196
804,NASDAQ-INA,10738,10769,10736,10743,309
804,NASDAQ-KOTD,11626,11630,11566,11599,705
804,NASDAQ-NGUP,9711,9715,9674,9674,704
804,NASDAQ-SIMP,9974,10020,9972,10008,1891
804,NASDAQ-ZITO,10034,10052,10006,10032,1039
805,NASDAQ-CARD,9493,9842,9441,9490,3736
805,NASDAQ-DLKV,10218,10227,10128,10129,547
805,NASDAQ-ETFB,11174,11180,11150,11158,1926
805,NASDAQ-ETFB3,10846,10848,10821,10822,844
805,NASDAQ-FSR,10800,10801,10712,10722,997
805,NASDAQ-GOLD,8107,8169,8107,8153,924
805,NASDAQ-HT,9937,9970,9924,9953,965
805,NASDAQ-INA,10728,10728,10688,10723,207
805,NASDAQ-KOTD,11573,11573,11451,11465,757
805,NASDAQ-NGUP,9670,9670,9609,9620,728
805,NASDAQ-SIMP,9998,10034,9983,9995,962
805,NASDAQ-ZITO,10032,10043,9996,9996,791
806,NASDAQ-CARD,9425,9872,9422,9568,2651
806,NASDAQ-DLKV,10129,10158,10105,10158,1289
806,NASDAQ-ETFB,11158,11176,11146,11163,931
806,NASDAQ-ETFB3,10818,10857,10818,10851,912
806,NASDAQ-FSR,10694,10701,10649,10670,698
806,NASDAQ-GOLD,8137,8158,8132,8151,1332
806,NASDAQ-HT,9953,10008,9946,10006,1942
806,NASDAQ-INA,10714,10751,10686,10751,298
806,NASDAQ-KOTD,11459,11502,11452,11495,932
806,NASDAQ-NGUP,9618,9620,9585,9596,745
806,NASDAQ-SIMP,9988,10007,9981,9996,1295
806,NASDAQ-ZITO,9994,10024,9994,10014,1153
807,NASDAQ-CARD,9582,9586,9485,9488,1704
807,NASDAQ-DLKV,10140,10216,10118,10216,1340
807,NASDAQ-ETFB,11163,11167,11118,11120,588
807,NASDAQ-ETFB3,10837,10849,10796,10800,789
807,NASDAQ-FSR,10670,10699,10649,10657,1260
807,NASDAQ-GOLD,8151,8176,8124,8124,806
807,NASDAQ-HT,10006,10015,9974,9974,2862
807,NASDAQ-INA,10773,10775,10715,10725,781
807,NASDAQ-KOTD,11495,11499,11454,11494,1332
807,NASDAQ-NGUP,9600,9604,9564,9569,1462
807,NASDAQ-SIMP,9995,10007,9980,9999,2880
807,NASDAQ-ZITO,10018,10058,10009,10050,2558
808,NASDAQ-CARD,9520,9617,9469,9617,2849
808,NASDAQ-DLKV,10215,10259,10206,10247,476
808,NASDAQ-ETFB,11118,11124,11091,11102,911
808,NASDAQ-ETFB3,10800,10800,10745,10751,1271
808,NASDAQ-FSR,10661,10689,10653,10671,899
808,NASDAQ-GOLD,8122,8150,8121,8128,2125
808,NASDAQ-HT,9974,9976,9921,9935,1621
808,NASDAQ-INA,10725,10752,10700,10730,367
808,NASDAQ-KOTD,11485,11568,11467,11564,1128
808,NASDAQ-NGUP,9569,9598,9536,9598,1297
808,NASDAQ-SIMP,9999,10015,9958,9966,2059
808,NASDAQ-ZITO,10056,10076,10048,10075,1600
809,NASDAQ-CARD,9617,9617,9407,9407,1733
809,NASDAQ-DLKV,10243,10252,10209,10213,295
809,NASDAQ-ETFB,11102,11103,11082,11095,1381
809,NASDAQ-ETFB3,10751,10799,10745,10794,629
809,NASDAQ-FSR,10671,10701,10635,10658,1185
809,NASDAQ-GOLD,8098,8132,8098,8118,584
809,NASDAQ-HT,9941,9958,9917,9918,1072
809,NASDAQ-INA,10726,10736,10679,10709,200
809,NASDAQ-KOTD,11567,11623,11525,11619,1049
809,NASDAQ-NGUP,9598,9598,9478,9587,416
809,NASDAQ-SIMP,9966,10015,9958,9974,2816
809,NASDAQ-ZITO,10067,10071,10042,10047,1053
810,NASDAQ-CARD,9407,9413,9201,9202,1966
810,NASDAQ-DLKV,10217,10225,10173,10225,313
810,NASDAQ-ETFB,11095,11135,11089,11135,915
810,NASDAQ-ETFB3,10794,10847,10794,10842,453
810,NASDAQ-FSR,10656,10662,10638,10661,1061
810,NASDAQ-GOLD,8129,8154,8120,8133,859
810,NASDAQ-HT,9922,9927,9883,9912,415
810,NASDAQ-INA,10740,10744,10677,10689,81
810,NASDAQ-KOTD,11598,11598,11541,11560,1191
810,NASDAQ-NGUP,9588,9591,9536,9550,561
810,NASDAQ-SIMP,9973,10012,9971,9994,1974
810,NASDAQ-ZITO,10049,10063,10031,10046,1009
811,NASDAQ-CARD,9202,9221,9167,9221,1492
811,NASDAQ-DLKV,10231,10298,10227,10289,511
811,NASDAQ-ETFB,11135,11148,11131,11142,1001
811,NASDAQ-ETFB3,10842,10852,10819,10836,801
811,NASDAQ-FSR,10648,10707,10644,10694,876
811,NASDAQ-GOLD,8133,8179,8133,8178,1004
811,NASDAQ-HT,9912,9945,9895,9918,873
811,NASDAQ-INA,10689,10715,10686,10703,889
811,NASDAQ-KOTD,11560,11572,11535,11536,1118
811,NASDAQ-NGUP,9582,9621,9582,9600,888
811,NASDAQ-SIMP,9994,9996,9947,9952,2280
811,NASDAQ-ZITO,10048,10068,10014,10059,1403
845,NASDAQ-CARD,10149,10172,9932,9932,2489
845,NASDAQ-DLKV,10422,10456,10401,10414,394
845,NASDAQ-ETFB,11494,11543,11494,11537,748
845,NASDAQ-ETFB3,11129,11167,11129,11155,1004
845,NASDAQ-FSR,10672,10699,10656,10679,1102
845,NASDAQ-GOLD,8156,8214,8136,8214,1308
845,NASDAQ-HT,9969,9976,9938,9938,2540
845,NASDAQ-INA,11355,11404,11319,11386,1545
845,NASDAQ-KOTD,11740,11782,11712,11730,573
845,NASDAQ-NGUP,9633,9661,9558,9560,403
845,NASDAQ-SIMP,9910,9964,9910,9958,3354
845,NASDAQ-ZITO,9862,9901,9857,9864,1485
846,NASDAQ-CARD,9934,10008,9905,10004,2126
846,NASDAQ-DLKV,10393,10444,10380,10435,530
846,NASDAQ-ETFB,11537,11537,11498,11521,1098
846,NASDAQ-ETFB3,11155,11155,11127,11141,1088
846,NASDAQ-FSR,10679,10715,10657,10715,533
846,NASDAQ-GOLD,8229,8240,8193,8193,1931
846,NASDAQ-HT,9940,9967,9927,9942,2711
846,NASDAQ-INA,11391,11422,11358,11422,2035
846,NASDAQ-KOTD,11726,11780,11712,11751,703
846,NASDAQ-NGUP,9560,9677,9546,9676,550
846,NASDAQ-SIMP,9945,9956,9915,9933,1429
846,NASDAQ-ZITO,9867,9893,9854,9875,1244
847,NASDAQ-CARD,10004,10117,9986,10096,1548
847,NASDAQ-DLKV,10424,10433,10377,10410,743
847,NASDAQ-ETFB,11521,11557,11517,11545,771
847,NASDAQ-ETFB3,11145,11192,11139,11190,979
847,NASDAQ-FSR,10715,10721,10630,10632,953
847,NASDAQ-GOLD,8193,8228,8191,8203,1379
847,NASDAQ-HT,9942,9953,9915,9921,3093
847,NASDAQ-INA,11422,11454,11416,11443,2278
847,NASDAQ-KOTD,11747,11780,11708,11780,866
847,NASDAQ-NGUP,9670,9771,9666,9752,529
847,NASDAQ-SIMP,9933,9966,9920,9937,2031
847,NASDAQ-ZITO,9888,9903,9866,9872,700
848,NASDAQ-CARD,10096,10116,9907,9907,2160
848,NASDAQ-DLKV,10410,10437,10398,10426,720
848,NASDAQ-ETFB,11549,11549,11521,11544,487
848,NASDAQ-ETFB3,11195,11197,11157,11197,749
848,NASDAQ-FSR,10623,10637,10599,10619,1824
848,NASDAQ-GOLD,8203,8227,8200,8207,390
848,NASDAQ-HT,9931,9966,9902,9966,2562
848,NASDAQ-INA,11443,11455,11377,11382,1492
848,NASDAQ-KOTD,11780,11802,11715,11800,513
848,NASDAQ-NGUP,9775,9775,9719,9740,370
848,NASDAQ-SIMP,9966,9987,9942,9975,3279
848,NASDAQ-ZITO,9887,9946,9872,9945,2683
849,NASDAQ-CARD,9799,9835,9761,9767,2597
849,NASDAQ-DLKV,10405,10462,10389,10389,419
849,NASDAQ-ETFB,11544,11562,11542,11554,909
849,NASDAQ-ETFB3,11197,11205,11180,11195,848
849,NASDAQ-FSR,10619,10622,10576,10607,1252
849,NASDAQ-GOLD,8206,8223,8164,8201,550
849,NASDAQ-HT,9953,9982,9944,9968,1932
849,NASDAQ-INA,11382,11418,11369,11381,1071
849,NASDAQ-KOTD,11791,11812,11749,11769,816
849,NASDAQ-NGUP,9740,9740,9679,9679,636
849,NASDAQ-SIMP,9976,9995,9887,9974,3988
849,NASDAQ-ZITO,9945,9965,9911,9965,3513
850,NASDAQ-CARD,9763,9795,9761,9795,1493
850,NASDAQ-DLKV,10398,10481,10398,10426,651
850,NASDAQ-ETFB,11560,11570,11545,11545,1845
850,NASDAQ-ETFB3,11191,11202,11191,11195,1301
850,NASDAQ-FSR,10595,10637,10570,10578,927
850,NASDAQ-GOLD,8210,8215,8165,8166,872
850,NASDAQ-HT,9976,9988,9964,9973,1263
850,NASDAQ-INA,11387,11419,11386,11409,723
850,NASDAQ-KOTD,11772,11820,11764,11819,559
850,NASDAQ-NGUP,9724,9761,9713,9737,311
850,NASDAQ-SIMP,9988,10008,9957,10008,2897
850,NASDAQ-ZITO,9965,9969,9947,9948,2361
851,NASDAQ-CARD,9799,10066,9793,10058,2018
851,NASDAQ-DLKV,10436,10485,10423,10468,685
851,NASDAQ-ETFB,11547,11563,11538,11555,1571
851,NASDAQ-ETFB3,11195,11214,11191,11193,1834
851,NASDAQ-FSR,10588,10608,10574,10574,1319
851,NASDAQ-GOLD,8166,8194,8162,8162,1180
851,NASDAQ-HT,9968,9985,9946,9960,3199
851,NASDAQ-INA,11405,11506,11405,11475,2388
851,NASDAQ-KOTD,11814,11902,11805,11846,631
851,NASDAQ-NGUP,9717,9760,9717,9759,1105
851,NASDAQ-SIMP,10008,10008,9960,9987,3149
851,NASDAQ-ZITO,9954,9974,9931,9973,1362
852,NASDAQ-CARD,10058,10094,9898,9898,1706
852,NASDAQ-DLKV,10480,10484,10454,10457,437
852,NASDAQ-ETFB,11555,11570,11542,11567,1960
852,NASDAQ-ETFB3,11193,11215,11187,11213,2053
852,NASDAQ-FSR,10585,10628,10577,10581,1522
852,NASDAQ-GOLD,8162,8183,8132,8160,2247
852,NASDAQ-HT,9962,9992,9938,9946,1685
852,NASDAQ-INA,11473,11506,11465,11471,1160
852,NASDAQ-KOTD,11836,11868,11816,11819,807
852,NASDAQ-NGUP,9759,9788,9737,9737,698
852,NASDAQ-SIMP,9987,10010,9967,10000,3100
852,NASDAQ-ZITO,9975,9993,9952,9977,1694
897,NASDAQ-CARD,9787,10061,9769,10055,2959
897,NASDAQ-DLKV,10244,10277,10234,10266,1139
897,NASDAQ-ETFB,11568,11569,11500,11508,1478
897,NASDAQ-ETFB3,11044,11044,10950,10950,1731
897,NASDAQ-FSR,10210,10257,10184,10257,982
897,NASDAQ-GOLD,8457,8470,8440,8467,1924
897,NASDAQ-HT,10758,10796,10754,10788,1246
897,NASDAQ-INA,11343,11376,11307,11373,963
897,NASDAQ-KOTD,11119,11251,11115,11249,817
897,NASDAQ-NGUP,8384,8424,8360,8404,837
897,NASDAQ-SIMP,9927,9948,9912,9930,1671
897,NASDAQ-ZITO,9658,9695,9653,9691,1266
898,NASDAQ-CARD,10030,10047,9877,9877,1719
898,NASDAQ-DLKV,10257,10353,10257,10347,1840
898,NASDAQ-ETFB,11504,11508,11454,11454,1018
898,NASDAQ-ETFB3,10956,10962,10931,10931,1784
898,NASDAQ-FSR,10265,10334,10229,10334,1778
898,NASDAQ-GOLD,8445,8478,8433,8451,1416
898,NASDAQ-HT,10798,10809,10767,10772,1701
898,NASDAQ-INA,11382,11386,11343,11376,1535
898,NASDAQ-KOTD,11247,11275,11199,11275,1315
898,NASDAQ-NGUP,8411,8496,8411,8496,862
898,NASDAQ-SIMP,9938,9972,9917,9918,2664
898,NASDAQ-ZITO,9698,9700,9636,9666,1414
899,NASDAQ-CARD,9885,9903,9878,9903,1344
899,NASDAQ-DLKV,10347,10378,10321,10341,1412
899,NASDAQ-ETFB,11458,11491,11436,11491,1872
899,NASDAQ-ETFB3,10931,10955,10923,10955,1426
899,NASDAQ-FSR,10338,10351,10315,10351,3251
899,NASDAQ-GOLD,8451,8475,8429,8471,1301
899,NASDAQ-HT,10802,10826,10767,10772,988
899,NASDAQ-INA,11372,11392,11350,11358,473
899,NASDAQ-KOTD,11275,11340,11275,11302,946
899,NASDAQ-NGUP,8512,8567,8512,8567,750
899,NASDAQ-SIMP,9918,9929,9886,9906,2741
899,NASDAQ-ZITO,9677,9745,9672,9743,335
900,NASDAQ-CARD,9904,10101,9884,10101,2507
900,NASDAQ-DLKV,10341,10351,10304,10323,2287
900,NASDAQ-ETFB,11491,11499,11484,11493,967
900,NASDAQ-ETFB3,10955,10996,10955,10996,1246
900,NASDAQ-FSR,10360,10360,10300,10336,2678
900,NASDAQ-GOLD,8471,8489,8453,8460,1155
900,NASDAQ-HT,10776,10776,10704,10744,1038
900,NASDAQ-INA,11406,11410,11363,11380,1315
900,NASDAQ-KOTD,11302,11302,11214,11244,560
900,NASDAQ-NGUP,8567,8579,8532,8556,790
900,NASDAQ-SIMP,9925,9945,9881,9886,3182
900,NASDAQ-ZITO,9730,9736,9710,9722,603
901,NASDAQ-CARD,10104,10306,10059,10306,2899
901,NASDAQ-DLKV,10301,10326,10289,10315,1014
901,NASDAQ-ETFB,11497,11535,11487,11511,2110
901,NASDAQ-ETFB3,10997,11006,10987,10996,1550
901,NASDAQ-FSR,10319,10338,10300,10325,2695
901,NASDAQ-GOLD,8476,8479,8445,8466,1476
901,NASDAQ-HT,10744,10775,10721,10750,2316
901,NASDAQ-INA,11367,11397,11345,11370,940
901,NASDAQ-KOTD,11241,11251,11138,11138,1471
901,NASDAQ-NGUP,8544,8551,8517,8544,800
901,NASDAQ-SIMP,9920,9926,9890,9922,2192
901,NASDAQ-ZITO,9716,9754,9711,9751,1478
902,NASDAQ-CARD,10323,10349,10205,10206,2383
902,NASDAQ-DLKV,10319,10354,10315,10354,1428
902,NASDAQ-ETFB,11511,11519,11478,11489,1196
902,NASDAQ-ETFB3,10996,11000,10975,10990,1579
902,NASDAQ-FSR,10291,10399,10289,10395,1355
902,NASDAQ-GOLD,8456,8466,8428,8450,2151
902,NASDAQ-HT,10750,10773,10389,10397,2226
902,NASDAQ-INA,11376,11455,11374,11436,1056
902,NASDAQ-KOTD,11156,11222,11114,11222,1359
902,NASDAQ-NGUP,8541,8565,8538,8544,1220
902,NASDAQ-SIMP,9929,9951,9902,9939,2270
902,NASDAQ-ZITO,9730,9757,9713,9737,1383
903,NASDAQ-CARD,10197,10213,9916,9928,1267
903,NASDAQ-DLKV,10365,10386,10359,10382,1525
903,NASDAQ-ETFB,11493,11499,11459,11459,1230
903,NASDAQ-ETFB3,10996,11002,10949,10955,2157
903,NASDAQ-FSR,10373,10373,10318,10368,1111
903,NASDAQ-GOLD,8436,8446,8405,8417,1036
903,NASDAQ-HT,10458,10734,10458,10734,1260
903,NASDAQ-INA,11420,11450,11412,11450,1814
903,NASDAQ-KOTD,11215,11273,11199,11204,2049
903,NASDAQ-NGUP,8538,8538,8464,8464,1073
903,NASDAQ-SIMP,9937,9957,9927,9957,2786
903,NASDAQ-ZITO,9732,9772,9730,9772,1974
904,NASDAQ-CARD,9928,9937,9894,9933,2439
904,NASDAQ-DLKV,10382,10423,10368,10396,554
904,NASDAQ-ETFB,11459,11478,11418,11426,1696
904,NASDAQ-ETFB3,10957,10983,10945,10983,1248
904,NASDAQ-FSR,10354,10385,10334,10350,959
904,NASDAQ-GOLD,8417,8471,8417,8448,693
904,NASDAQ-HT,10740,10808,10736,10800,460
904,NASDAQ-INA,11450,11505,11442,11505,348
904,NASDAQ-KOTD,11211,11211,11127,11143,711
904,NASDAQ-NGUP,8422,8462,8368,8368,777
904,NASDAQ-SIMP,9957,9980,9945,9974,2316
904,NASDAQ-ZITO,9737,9764,9732,9732,531
905,NASDAQ-CARD,9934,10064,9932,10061,2527
905,NASDAQ-DLKV,10369,10411,10365,10405,1046
905,NASDAQ-ETFB,11422,11478,11418,11474,1350
905,NASDAQ-ETFB3,10987,11014,10987,11003,719
905,NASDAQ-FSR,10370,10395,10349,10370,987
905,NASDAQ-GOLD,8441,8483,8416,8416,599
905,NASDAQ-HT,10791,10828,10783,10802,740
905,NASDAQ-INA,11486,11507,11451,11505,306
905,NASDAQ-KOTD,11137,11150,11104,11104,792
905,NASDAQ-NGUP,8352,8413,8352,8379,373
905,NASDAQ-SIMP,9975,9993,9957,9975,2945
905,NASDAQ-ZITO,9766,9785,9749,9785,899
906,NASDAQ-CARD,10061,10069,10031,10041,2379
906,NASDAQ-DLKV,10373,10408,10373,10400,1054
906,NASDAQ-ETFB,11474,11494,11471,11487,1601
906,NASDAQ-ETFB3,10999,11013,10993,11013,1534
906,NASDAQ-FSR,10391,10391,10352,10364,1935
906,NASDAQ-GOLD,8414,8460,8411,8411,903
906,NASDAQ-HT,10802,10842,10802,10812,1334
906,NASDAQ-INA,11483,11501,11465,11469,924
906,NASDAQ-KOTD,11152,11258,11152,11246,1509
906,NASDAQ-NGUP,8379,8403,8368,8400,922
906,NASDAQ-SIMP,9984,9996,9964,9989,3860
906,NASDAQ-ZITO,9789,9792,9756,9792,2532
950,NASDAQ-CARD,9970,10012,9950,9950,2579
950,NASDAQ-DLKV,10404,10448,10404,10432,424
950,NASDAQ-ETFB,11597,11646,11597,11634,2555
950,NASDAQ-ETFB3,11180,11206,11178,11191,1665
950,NASDAQ-FSR,10288,10343,10287,10325,3831
950,NASDAQ-GOLD,8359,8359,8289,8291,1545
950,NASDAQ-HT,10768,10785,10727,10733,2948
950,NASDAQ-INA,11545,11615,11543,11615,1556
950,NASDAQ-KOTD,11598,11649,11587,11644,291
950,NASDAQ-NGUP,8410,8414,8372,8380,1291
950,NASDAQ-SIMP,9934,9936,9900,9910,2404
950,NASDAQ-ZITO,9778,9810,9752,9788,2711
951,NASDAQ-CARD,9934,9977,9918,9977,1952
951,NASDAQ-DLKV,10406,10415,10319,10353,998
951,NASDAQ-ETFB,11624,11653,11609,11651,2186
951,NASDAQ-ETFB3,11191,11228,11178,11180,2064
951,NASDAQ-FSR,10325,10325,10262,10270,2317
951,NASDAQ-GOLD,8315,8330,8299,8312,1402
951,NASDAQ-HT,10733,10785,10720,10767,1867
951,NASDAQ-INA,11589,11591,11541,11586,2067
951,NASDAQ-KOTD,11644,11644,11567,11567,227
951,NASDAQ-NGUP,8388,8414,8356,8358,594
951,NASDAQ-SIMP,9901,9951,9891,9903,2442
951,NASDAQ-ZITO,9787,9805,9778,9786,1362
952,NASDAQ-CARD,9971,9996,9778,9778,1881
952,NASDAQ-DLKV,10356,10356,10306,10319,560
952,NASDAQ-ETFB,11651,11651,11618,11618,831
952,NASDAQ-ETFB3,11176,11215,11172,11215,1004
952,NASDAQ-FSR,10258,10278,10211,10211,2258
952,NASDAQ-GOLD,8310,8311,8274,8290,1845
952,NASDAQ-HT,10767,10767,10716,10716,1949
952,NASDAQ-INA,11585,11635,11546,11561,1603
952,NASDAQ-KOTD,11562,11570,11502,11502,652
952,NASDAQ-NGUP,8380,8413,8364,8407,269
952,NASDAQ-SIMP,9906,9945,9892,9943,1091
952,NASDAQ-ZITO,9794,9809,9741,9741,1349
953,NASDAQ-CARD,9740,9762,9566,9566,2229
953,NASDAQ-DLKV,10315,10317,10235,10235,742
953,NASDAQ-ETFB,11622,11626,11572,11572,997
953,NASDAQ-ETFB3,11228,11232,11164,11164,1112
953,NASDAQ-FSR,10205,10205,10078,10086,1840
953,NASDAQ-GOLD,8318,8333,8287,8288,1604
953,NASDAQ-HT,10716,10740,10711,10730,2088
953,NASDAQ-INA,11561,11565,11510,11555,1713
953,NASDAQ-KOTD,11460,11464,11431,11452,597
953,NASDAQ-NGUP,8400,8400,8329,8349,1153
953,NASDAQ-SIMP,9932,9951,9922,9942,1449
953,NASDAQ-ZITO,9739,9774,9718,9774,2288
