time,instrument,order_id,expired
596677,SSE-ZABA,76562,False
596677,SSE-KRAS,76854,False
596677,SSE-ZABA,76564,False
596677,SSE-KRAS,76856,False
596677,SSE-ZABA,76566,False
596677,SSE-KRAS,76858,False
596677,SSE-ZABA,76568,False
596682,SSE-CARD,89822,False
596682,SSE-CARD,89821,False
596682,SSE-CARD,89820,False
596682,SSE-CARD,89819,False
596682,SSE-CARD,89818,False
596682,SSE-CARD,89817,False
596682,SSE-CARD,89815,False
596682,SSE-CARD,89814,False
596683,SSE-CARD,89816,False
596683,SSE-CARD,89813,False
596683,SSE-FSR,77934,False
596683,SSE-FSR,77933,False
596683,SSE-FSR,77932,False
596683,SSE-FSR,77931,False
596683,SSE-FSR,77929,False
596683,SSE-FSR,77936,False
596683,SSE-FSR,77938,False
596683,SSE-FSR,77930,False
596683,SSE-FSR,77937,False
596683,SSE-FSR,77935,False
596683,SSE-HT,75832,False
596683,SSE-HT,75830,False
596683,SSE-HT,75829,False
596683,SSE-HT,75827,False
596684,SSE-HT,75833,False
596684,SSE-HT,75831,False
596684,SSE-HT,75828,False
596684,SSE-HT,75826,False
596684,SSE-HT,75825,False
596684,SSE-HT,75834,False
596684,SSE-KRAS,76820,False
596684,SSE-KRAS,76827,False
596685,SSE-KRAS,76826,False
596685,SSE-KRAS,76818,False
596685,SSE-KRAS,76824,False
596685,SSE-KRAS,76822,False
596685,SSE-SIMP,78406,False
596685,SSE-SIMP,78400,False
596685,SSE-SIMP,78399,False
596685,SSE-SIMP,78398,False
596685,SSE-SIMP,78404,False
596685,SSE-SIMP,78402,False
596685,SSE-SIMP,78401,False
596685,SSE-SIMP,78403,False
596685,SSE-SIMP,78405,False
596685,SSE-ZABA,76535,False
596685,SSE-ZABA,76533,False
596685,SSE-ZABA,76531,False
596685,SSE-ZABA,76534,False
596686,SSE-HT,75845,False
596686,SSE-KRAS,76871,False
596686,SSE-ZABA,76580,False
596686,SSE-KRAS,76873,False
596686,SSE-ZABA,76582,False
596686,SSE-FSR,77963,False
596686,SSE-KRAS,76875,False
596686,SSE-ZABA,76584,False
596686,SSE-FSR,77964,False
596686,SSE-KRAS,76877,False
596697,SSE-ZABA,76586,False
596697,SSE-KRAS,76879,False
596697,SSE-ZABA,76588,False
596697,SSE-KRAS,76881,False
596697,SSE-ZABA,76590,False
596697,SSE-KRAS,76883,False
596697,SSE-ZABA,76592,False
596697,SSE-KRAS,76885,False
596710,SSE-ZABA,76594,False
596710,SSE-KRAS,76887,False
596710,SSE-ZABA,76596,False
596716,SSE-KRAS,76889,False
596716,SSE-ZABA,76598,False
596718,SSE-KRAS,76891,False
596718,SSE-ZABA,76600,False
596718,SSE-ZABA,76601,False
596726,SSE-HT,75847,False
596726,SSE-ZABA,76603,False
596726,SSE-SIMP,78420,False
596726,SSE-CARD,89835,False
596726,SSE-HT,75849,False
596726,SSE-KRAS,76894,False
596726,SSE-ZABA,76605,False
596726,SSE-CARD,89836,False
596726,SSE-HT,75851,False
596726,SSE-KRAS,76895,False
596726,SSE-ZABA,76606,False
596726,SSE-CARD,89837,False
596726,SSE-HT,75853,False
596726,SSE-KRAS,76896,False
596726,SSE-ZABA,76607,False
596726,SSE-CARD,89838,False
596726,SSE-HT,75855,False
596727,SSE-KRAS,76897,False
596727,SSE-ZABA,76608,False
596727,SSE-CARD,89839,False
596727,SSE-HT,75857,False
596727,SSE-KRAS,76898,False
596727,SSE-ZABA,76609,False
596735,SSE-KRAS,76899,False
596735,SSE-ZABA,76610,False
596735,SSE-ZABA,76611,False
596735,SSE-KRAS,76901,False
596735,SSE-ZABA,76612,False
596735,SSE-ZABA,76613,False
596736,SSE-CARD,89840,False
596736,SSE-HT,75859,False
596736,SSE-KRAS,76903,False
596736,SSE-ZABA,76614,False
596736,SSE-CARD,89841,False
596746,SSE-KRAS,76904,False
596747,SSE-ZABA,76615,False
596747,SSE-ZABA,76616,False
596748,SSE-KRAS,76906,False
596748,SSE-ZABA,76617,False
596748,SSE-ZABA,76618,False
596758,SSE-CARD,89843,False
596789,SSE-FSR,77976,False
596792,SSE-CARD,89832,False
596792,SSE-CARD,89830,False
596792,SSE-CARD,89827,False
596792,SSE-CARD,89826,False
596792,SSE-CARD,89825,False
596792,SSE-CARD,89824,False
596792,SSE-CARD,89828,False
596792,SSE-CARD,89833,False
596792,SSE-CARD,89831,False
596792,SSE-CARD,89829,False
596793,SSE-FSR,77962,False
596793,SSE-FSR,77960,False
596793,SSE-FSR,77958,False
596793,SSE-FSR,77956,False
596793,SSE-FSR,77961,False
596793,SSE-FSR,77955,False
596794,SSE-FSR,77959,False
596794,SSE-FSR,77957,False
596794,SSE-HT,75844,False
596794,SSE-HT,75842,False
596794,SSE-HT,75838,False
596794,SSE-HT,75835,False
596794,SSE-HT,75843,False
596794,SSE-HT,75841,False
596794,SSE-HT,75839,False
596794,SSE-HT,75837,False
596794,SSE-HT,75840,False
596796,SSE-KRAS,76868,False
596796,SSE-KRAS,76867,False
596796,SSE-KRAS,76865,False
596796,SSE-KRAS,76863,False
596796,SSE-KRAS,76861,False
596796,SSE-KRAS,76869,False
596797,SSE-SIMP,78416,False
596797,SSE-SIMP,78415,False
596797,SSE-SIMP,78414,False
596797,SSE-SIMP,78413,False
596797,SSE-SIMP,78418,False
596797,SSE-SIMP,78411,False
596797,SSE-SIMP,78409,False
596797,SSE-SIMP,78412,False
596797,SSE-SIMP,78410,False
596797,SSE-SIMP,78417,False
596797,SSE-ZABA,76573,False
596797,SSE-ZABA,76571,False
596797,SSE-ZABA,76575,False
596797,SSE-ZABA,76579,False
596798,SSE-ZABA,76577,False
596810,SSE-ZABA,76629,False
596810,SSE-FSR,77987,False
596810,SSE-FSR,77988,False
596810,SSE-FSR,77989,False
596810,SSE-ZABA,76630,False
596810,SSE-KRAS,76920,False
596810,SSE-ZABA,76632,False
596810,SSE-KRAS,76922,False
596810,SSE-FSR,77992,False
596810,SSE-ZABA,76634,False
596810,SSE-KRAS,76924,False
596810,SSE-FSR,77993,False
596810,SSE-FSR,77994,False
596810,SSE-FSR,77995,False
596810,SSE-ZABA,76636,False
596810,SSE-KRAS,76926,False
596810,SSE-ZABA,76638,False
596810,SSE-KRAS,76928,False
596823,SSE-FSR,77998,False
596824,SSE-FSR,77999,False
596824,SSE-FSR,78000,False
596824,SSE-ZABA,76640,False
596824,SSE-KRAS,76930,False
596824,SSE-FSR,78001,False
596826,SSE-SIMP,78431,False
596830,SSE-HT,75872,False
596832,SSE-FSR,78002,False
596833,SSE-FSR,78003,False
596833,SSE-ZABA,76642,False
596833,SSE-KRAS,76932,False
596854,SSE-FSR,78005,False
596854,SSE-FSR,78006,False
596854,SSE-ZABA,76644,False
596854,SSE-KRAS,76935,False
596870,SSE-CARD,89854,False
596883,SSE-HT,75874,False
596883,SSE-KRAS,76937,False
596883,SSE-ZABA,76646,False
596884,SSE-CARD,89855,False
596884,SSE-HT,75876,False
596884,SSE-KRAS,76938,False
596884,SSE-ZABA,76647,False
596884,SSE-FSR,78009,False
596884,SSE-ZABA,76648,False
596884,SSE-CARD,89856,False
596886,SSE-CARD,89853,False
596886,SSE-CARD,89852,False
596886,SSE-CARD,89851,False
596886,SSE-CARD,89849,False
596886,SSE-CARD,89847,False
596886,SSE-CARD,89845,False
596886,SSE-CARD,89848,False
596886,SSE-CARD,89846,False
596886,SSE-CARD,89844,False
596887,SSE-CARD,89850,False
596887,SSE-FSR,77986,False
596887,SSE-FSR,77984,False
596887,SSE-FSR,77983,False
596887,SSE-FSR,77982,False
596887,SSE-FSR,77980,False
596887,SSE-FSR,77978,False
596888,SSE-FSR,77985,False
596888,SSE-FSR,77981,False
596888,SSE-FSR,77979,False
596889,SSE-HT,75871,False
596889,SSE-HT,75870,False
596889,SSE-HT,75869,False
596889,SSE-HT,75867,False
596889,SSE-HT,75865,False
596889,SSE-HT,75862,False
596889,SSE-HT,75864,False
596889,SSE-HT,75868,False
596889,SSE-HT,75866,False
596891,SSE-KRAS,76918,False
596891,SSE-KRAS,76916,False
596891,SSE-KRAS,76913,False
596891,SSE-KRAS,76911,False
596891,SSE-KRAS,76914,False
596891,SSE-KRAS,76912,False
596891,SSE-KRAS,76917,False
596891,SSE-KRAS,76915,False
596892,SSE-SIMP,78429,False
596892,SSE-SIMP,78427,False
596892,SSE-SIMP,78426,False
596892,SSE-SIMP,78425,False
596892,SSE-SIMP,78424,False
596892,SSE-SIMP,78423,False
596892,SSE-SIMP,78421,False
596892,SSE-SIMP,78422,False
596892,SSE-SIMP,78428,False
596892,SSE-SIMP,78430,False
596892,SSE-ZABA,76620,False
596893,SSE-ZABA,76628,False
596893,SSE-ZABA,76625,False
596893,SSE-ZABA,76627,False
596893,SSE-ZABA,76624,False
596893,SSE-ZABA,76622,False
596893,SSE-ZABA,76626,False
596893,SSE-CARD,89867,False
596893,SSE-HT,75888,False
596893,SSE-ZABA,76661,False
596894,SSE-CARD,89868,False
596894,SSE-CARD,89869,False
596894,SSE-KRAS,76953,False
596894,SSE-ZABA,76662,False
596894,SSE-CARD,89870,False
596894,SSE-KRAS,76955,False
596894,SSE-ZABA,76664,False
596894,SSE-KRAS,76956,False
596894,SSE-FSR,78021,False
596894,SSE-HT,75890,False
596894,SSE-ZABA,76667,False
596894,SSE-SIMP,78443,False
596894,SSE-CARD,89873,False
596894,SSE-HT,75892,False
596894,SSE-CARD,89874,False
596894,SSE-KRAS,76960,False
596894,SSE-ZABA,76668,False
596894,SSE-FSR,78025,False
596904,SSE-ZABA,76671,False
596904,SSE-CARD,89877,False
596904,SSE-HT,75894,False
596904,SSE-ZABA,76673,False
596904,SSE-CARD,89878,False
596904,SSE-CARD,89879,False
596913,SSE-HT,75896,False
596914,SSE-ZABA,76675,False
596914,SSE-SIMP,78444,False
596914,SSE-CARD,89881,False
596914,SSE-HT,75898,False
596923,SSE-ZABA,76677,False
596924,SSE-CARD,89882,False
596924,SSE-HT,75900,False
596924,SSE-ZABA,76679,False
596925,SSE-FSR,78030,False
596925,SSE-CARD,89883,False
596925,SSE-ZABA,76680,False
596934,SSE-CARD,89885,False
596934,SSE-HT,75902,False
596934,SSE-ZABA,76683,False
596934,SSE-SIMP,78445,False
596934,SSE-CARD,89887,False
596934,SSE-FSR,78033,False
596935,SSE-CARD,89888,False
596935,SSE-ZABA,76684,False
596947,SSE-HT,75905,False
596947,SSE-ZABA,76687,False
596947,SSE-CARD,89890,False
596947,SSE-HT,75907,False
596947,SSE-ZABA,76689,False
596953,SSE-CARD,89891,False
596953,SSE-HT,75909,False
596954,SSE-ZABA,76691,False
596954,SSE-SIMP,78446,False
596954,SSE-CARD,89893,False
596955,SSE-FSR,78037,False
596960,SSE-CARD,89894,False
596960,SSE-ZABA,76692,False
596961,SSE-CARD,89896,False
596963,SSE-KRAS,76971,False
596963,SSE-FSR,78038,False
596963,SSE-CARD,89897,False
596963,SSE-ZABA,76695,False
596963,SSE-SIMP,78448,False
596963,SSE-HT,75913,False
596963,SSE-ZABA,76697,False
596963,SSE-CARD,89898,False
596963,SSE-HT,75915,False
596967,SSE-CARD,89899,False
596989,SSE-ZABA,76699,False
596989,SSE-CARD,89900,False
596991,SSE-ZABA,76700,False
596991,SSE-CARD,89901,False
596991,SSE-HT,75917,False
596991,SSE-ZABA,76702,False
596991,SSE-SIMP,78449,False
596991,SSE-CARD,89903,False
596991,SSE-KRAS,76975,False
596991,SSE-FSR,78041,False
596992,SSE-CARD,89904,False
596992,SSE-FSR,78042,False
596992,SSE-CARD,89905,False
596992,SSE-ZABA,76703,False
596996,SSE-CARD,89866,False
596996,SSE-CARD,89862,False
596996,SSE-CARD,89860,False
596996,SSE-CARD,89865,False
596996,SSE-CARD,89864,False
596996,SSE-CARD,89863,False
596997,SSE-FSR,78018,False
596997,SSE-FSR,78016,False
596997,SSE-FSR,78014,False
596997,SSE-FSR,78013,False
596997,SSE-FSR,78012,False
596997,SSE-FSR,78019,False
596997,SSE-FSR,78017,False
596998,SSE-FSR,78015,False
596998,SSE-FSR,78011,False
596999,SSE-HT,75885,False
596999,SSE-HT,75883,False
596999,SSE-HT,75882,False
596999,SSE-HT,75886,False
596999,SSE-HT,75884,False
596999,SSE-HT,75881,False
597000,SSE-HT,75880,False
597001,SSE-KRAS,76951,False
597001,SSE-KRAS,76950,False
597001,SSE-KRAS,76948,False
597001,SSE-KRAS,76947,False
597001,SSE-KRAS,76945,False
597001,SSE-KRAS,76943,False
597002,SSE-KRAS,76949,False
597003,SSE-SIMP,78441,False
597003,SSE-SIMP,78439,False
597003,SSE-SIMP,78442,False
597003,SSE-SIMP,78440,False
597003,SSE-SIMP,78438,False
597003,SSE-SIMP,78435,False
597003,SSE-SIMP,78437,False
597003,SSE-SIMP,78434,False
597003,SSE-SIMP,78436,False
597003,SSE-ZABA,76655,False
597003,SSE-ZABA,76657,False
597003,SSE-ZABA,76659,False
597003,SSE-ZABA,76656,False
597004,SSE-ZABA,76658,False
597004,SSE-ZABA,76653,False
597004,SSE-CARD,89917,False
597004,SSE-ZABA,76715,False
597004,SSE-ZABA,76717,False
597004,SSE-KRAS,76986,False
597004,SSE-ZABA,76719,False
597005,SSE-FSR,78054,False
597009,SSE-ZABA,76720,False
597015,SSE-ZABA,76721,False
597017,SSE-FSR,78055,False
597017,SSE-KRAS,76988,False
597017,SSE-ZABA,76722,False
597017,SSE-FSR,78056,False
597021,SSE-HT,75932,False
597021,SSE-ZABA,76724,False
597021,SSE-CARD,89918,False
597021,SSE-HT,75934,False
597025,SSE-ZABA,76726,False
597025,SSE-CARD,89919,False
597025,SSE-HT,75936,False
597025,SSE-ZABA,76728,False
597025,SSE-SIMP,78460,False
597030,SSE-FSR,78060,False
597030,SSE-KRAS,76993,False
597030,SSE-ZABA,76729,False
597030,SSE-FSR,78061,False
597036,SSE-CARD,89921,False
597036,SSE-HT,75938,False
597036,SSE-ZABA,76731,False
597036,SSE-CARD,89922,False
597036,SSE-HT,75940,False
597045,SSE-ZABA,76733,False
597045,SSE-CARD,89923,False
597045,SSE-HT,75942,False
597045,SSE-ZABA,76735,False
597045,SSE-SIMP,78461,False
597052,SSE-CARD,89924,False
597053,SSE-CARD,89925,False
597055,SSE-CARD,89927,False
597055,SSE-HT,75944,False
597055,SSE-ZABA,76737,False
597055,SSE-CARD,89928,False
597060,SSE-FSR,78067,False
597060,SSE-KRAS,76999,False
597060,SSE-ZABA,76738,False
597065,SSE-HT,75947,False
597065,SSE-ZABA,76740,False
597065,SSE-CARD,89929,False
597065,SSE-HT,75949,False
597065,SSE-ZABA,76742,False
597066,SSE-FSR,78069,False
597066,SSE-KRAS,77003,False
597066,SSE-ZABA,76743,False
597086,SSE-KRAS,77005,False
597086,SSE-ZABA,76744,False
597087,SSE-KRAS,77007,False
597087,SSE-ZABA,76745,False
597087,SSE-KRAS,77008,False
597087,SSE-FSR,78070,False
597087,SSE-CARD,89930,False
597087,SSE-KRAS,77009,False
597087,SSE-ZABA,76746,False
597087,SSE-KRAS,77010,False
597087,SSE-FSR,78071,False
597087,SSE-CARD,89931,False
597088,SSE-SIMP,78463,False
597088,SSE-CARD,89933,False
597088,SSE-HT,75951,False
597089,SSE-KRAS,77011,False
597089,SSE-ZABA,76747,False
597089,SSE-CARD,89934,False
597089,SSE-HT,75953,False
597089,SSE-KRAS,77012,False
597089,SSE-ZABA,76748,False
597089,SSE-CARD,89935,False
597089,SSE-HT,75955,False
597089,SSE-KRAS,77013,False
597090,SSE-CARD,89938,False
597092,SSE-CARD,89915,False
597092,SSE-CARD,89911,False
597092,SSE-CARD,89909,False
597092,SSE-CARD,89908,False
597092,SSE-CARD,89907,False
597093,SSE-CARD,89916,False
597093,SSE-CARD,89914,False
597093,SSE-CARD,89912,False
597093,SSE-CARD,89910,False
597093,SSE-CARD,89913,False
597093,SSE-FSR,78053,False
597093,SSE-FSR,78051,False
597093,SSE-FSR,78047,False
597093,SSE-FSR,78045,False
597093,SSE-FSR,78050,False
597093,SSE-FSR,78048,False
597093,SSE-FSR,78052,False
597093,SSE-FSR,78049,False
597095,SSE-HT,75927,False
597095,SSE-HT,75925,False
597095,SSE-HT,75923,False
597095,SSE-HT,75921,False
597095,SSE-HT,75924,False
597096,SSE-HT,75930,False
597096,SSE-HT,75926,False
597096,SSE-HT,75928,False
597097,SSE-HT,75929,False
597097,SSE-KRAS,76983,False
597097,SSE-KRAS,76979,False
597098,SSE-KRAS,76984,False
597098,SSE-KRAS,76981,False
597098,SSE-KRAS,76985,False
597098,SSE-SIMP,78457,False
597098,SSE-SIMP,78454,False
597098,SSE-SIMP,78452,False
597098,SSE-SIMP,78453,False
597098,SSE-SIMP,78451,False
597098,SSE-SIMP,78455,False
597098,SSE-SIMP,78456,False
597098,SSE-SIMP,78458,False
597098,SSE-SIMP,78459,False
597098,SSE-ZABA,76708,False
597098,SSE-ZABA,76710,False
597099,SSE-ZABA,76713,False
597099,SSE-ZABA,76711,False
597099,SSE-ZABA,76707,False
597099,SSE-ZABA,76714,False
597099,SSE-ZABA,76712,False
597099,SSE-ZABA,76709,False
597099,SSE-ZABA,76759,False
597099,SSE-CARD,89949,False
597099,SSE-HT,75968,False
597099,SSE-ZABA,76761,False
597104,SSE-CARD,89950,False
597104,SSE-HT,75969,False
597104,SSE-ZABA,76763,False
597104,SSE-CARD,89951,False
597104,SSE-HT,75970,False
597112,SSE-ZABA,76765,False
597112,SSE-SIMP,78474,False
597112,SSE-CARD,89953,False
597113,SSE-HT,75971,False
597113,SSE-ZABA,76767,False
597114,SSE-KRAS,77028,False
597117,SSE-KRAS,77029,False
597117,SSE-FSR,78087,False
597117,SSE-CARD,89954,False
597121,SSE-CARD,89955,False
597121,SSE-HT,75972,False
597121,SSE-ZABA,76771,False
597121,SSE-CARD,89956,False
597125,SSE-SIMP,78475,False
597125,SSE-KRAS,77032,False
597125,SSE-FSR,78088,False
597125,SSE-CARD,89957,False
597130,SSE-HT,75974,False
597130,SSE-ZABA,76774,False
597130,SSE-CARD,89958,False
597130,SSE-KRAS,77034,False
597130,SSE-FSR,78089,False
597130,SSE-CARD,89959,False
597133,SSE-CARD,89960,False
597160,SSE-CARD,89961,False
597161,SSE-HT,75975,False
597176,SSE-KRAS,77035,False
597176,SSE-CARD,89962,False
597176,SSE-ZABA,76779,False
597176,SSE-KRAS,77037,False
597180,SSE-CARD,89963,False
597182,SSE-CARD,89946,False
597182,SSE-CARD,89944,False
597182,SSE-CARD,89941,False
597182,SSE-CARD,89940,False
597182,SSE-CARD,89939,False
597183,SSE-CARD,89948,False
597183,SSE-CARD,89947,False
597183,SSE-CARD,89945,False
597183,SSE-CARD,89942,False
597183,SSE-CARD,89943,False
597183,SSE-FSR,78083,False
597183,SSE-FSR,78081,False
597183,SSE-FSR,78079,False
597183,SSE-FSR,78077,False
597183,SSE-FSR,78076,False
597183,SSE-FSR,78085,False
597183,SSE-FSR,78084,False
597183,SSE-FSR,78080,False
597183,SSE-FSR,78082,False
597184,SSE-FSR,78078,False
597184,SSE-HT,75959,False
597184,SSE-HT,75966,False
597184,SSE-HT,75962,False
597184,SSE-HT,75960,False
597184,SSE-HT,75958,False
597184,SSE-HT,75963,False
597184,SSE-HT,75961,False
597184,SSE-HT,75965,False
597184,SSE-HT,75964,False
597185,SSE-KRAS,77020,False
597185,SSE-KRAS,77018,False
597185,SSE-KRAS,77017,False
597185,SSE-KRAS,77016,False
597185,SSE-KRAS,77023,False
597185,SSE-KRAS,77021,False
597185,SSE-KRAS,77022,False
597185,SSE-KRAS,77015,False
597185,SSE-KRAS,77019,False
597186,SSE-SIMP,78473,False
597186,SSE-SIMP,78471,False
597186,SSE-SIMP,78467,False
597186,SSE-SIMP,78465,False
597186,SSE-SIMP,78470,False
597186,SSE-SIMP,78472,False
597186,SSE-SIMP,78469,False
597186,SSE-SIMP,78464,False
597186,SSE-SIMP,78466,False
597186,SSE-SIMP,78468,False
597186,SSE-ZABA,76757,False
597186,SSE-ZABA,76755,False
597186,SSE-ZABA,76753,False
597186,SSE-ZABA,76751,False
597186,SSE-ZABA,76756,False
597186,SSE-ZABA,76758,False
597194,SSE-FSR,78100,False
597207,SSE-FSR,78101,False
597216,SSE-ZABA,76797,False
597225,SSE-KRAS,77053,False
597225,SSE-FSR,78102,False
597285,SSE-CARD,89975,False
597287,SSE-KRAS,77056,False
597289,SSE-CARD,89974,False
597289,SSE-CARD,89972,False
597289,SSE-CARD,89971,False
597289,SSE-CARD,89970,False
597289,SSE-CARD,89967,False
597289,SSE-CARD,89965,False
597289,SSE-CARD,89968,False
597289,SSE-CARD,89966,False
597289,SSE-CARD,89969,False
597289,SSE-CARD,89973,False
597289,SSE-FSR,78099,False
597289,SSE-FSR,78098,False
597289,SSE-FSR,78097,False
597289,SSE-FSR,78096,False
597289,SSE-FSR,78095,False
597289,SSE-FSR,78092,False
597289,SSE-FSR,78090,False
597290,SSE-FSR,78094,False
597290,SSE-FSR,78093,False
597290,SSE-HT,75984,False
597290,SSE-HT,75979,False
597291,SSE-HT,75987,False
597291,SSE-HT,75985,False
597291,SSE-HT,75983,False
597291,SSE-HT,75986,False
597291,SSE-HT,75982,False
597291,SSE-HT,75981,False
597292,SSE-KRAS,77046,False
597292,SSE-KRAS,77044,False
597292,SSE-KRAS,77042,False
597292,SSE-KRAS,77047,False
597292,SSE-KRAS,77045,False
597292,SSE-KRAS,77043,False
597293,SSE-SIMP,78484,False
597293,SSE-SIMP,78483,False
597293,SSE-SIMP,78482,False
597293,SSE-SIMP,78480,False
597293,SSE-SIMP,78477,False
597293,SSE-SIMP,78481,False
597293,SSE-SIMP,78486,False
597293,SSE-SIMP,78485,False
597293,SSE-SIMP,78479,False
597293,SSE-ZABA,76787,False
597293,SSE-ZABA,76785,False
597294,SSE-ZABA,76788,False
597294,SSE-ZABA,76789,False
597294,SSE-ZABA,76783,False
597294,SSE-ZABA,76781,False
597294,SSE-ZABA,76790,False
597299,SSE-HT,76004,False
597383,SSE-CARD,89985,False
597383,SSE-CARD,89983,False
597383,SSE-CARD,89982,False
597383,SSE-CARD,89981,False
597383,SSE-CARD,89978,False
597383,SSE-CARD,89977,False
597383,SSE-CARD,89976,False
597383,SSE-CARD,89980,False
597383,SSE-CARD,89984,False
597383,SSE-CARD,89979,False
597384,SSE-FSR,78113,False
597384,SSE-FSR,78111,False
597384,SSE-FSR,78110,False
597384,SSE-FSR,78109,False
597384,SSE-FSR,78105,False
597384,SSE-FSR,78108,False
597384,SSE-FSR,78107,False
597384,SSE-FSR,78104,False
597385,SSE-FSR,78106,False
597385,SSE-FSR,78112,False
597385,SSE-HT,75999,False
597385,SSE-HT,75997,False
597385,SSE-HT,75995,False
597385,SSE-HT,75992,False
597385,SSE-HT,76001,False
597385,SSE-HT,75996,False
597385,SSE-HT,75994,False
597385,SSE-HT,76000,False
597386,SSE-HT,75998,False
597386,SSE-KRAS,77066,False
597386,SSE-KRAS,77057,False
597386,SSE-KRAS,77059,False
597386,SSE-KRAS,77060,False
597386,SSE-KRAS,77063,False
597386,SSE-KRAS,77061,False
597387,SSE-KRAS,77062,False
597387,SSE-KRAS,77065,False
597387,SSE-KRAS,77064,False
597387,SSE-SIMP,78496,False
597387,SSE-SIMP,78494,False
597387,SSE-SIMP,78492,False
597387,SSE-SIMP,78491,False
597387,SSE-SIMP,78489,False
597387,SSE-SIMP,78498,False
597387,SSE-SIMP,78495,False
597387,SSE-SIMP,78497,False
597387,SSE-SIMP,78493,False
597387,SSE-ZABA,76811,False
597387,SSE-ZABA,76809,False
597388,SSE-ZABA,76812,False
597388,SSE-ZABA,76806,False
597388,SSE-ZABA,76804,False
597388,SSE-ZABA,76803,False
597388,SSE-ZABA,76807,False
597388,SSE-ZABA,76805,False
597388,SSE-ZABA,76808,False
597388,SSE-ZABA,76810,False
597393,SSE-CARD,89999,False
597434,SSE-HT,76017,False
597482,SSE-CARD,89993,False
597482,SSE-CARD,89991,False
597482,SSE-CARD,89990,False
597482,SSE-CARD,89989,False
597482,SSE-CARD,89997,False
597482,SSE-CARD,89995,False
597482,SSE-CARD,89994,False
597483,SSE-CARD,89998,False
597483,SSE-CARD,89992,False
597483,SSE-CARD,89996,False
597483,SSE-FSR,78125,False
597483,SSE-FSR,78120,False
597483,SSE-FSR,78119,False
597483,SSE-FSR,78117,False
597483,SSE-FSR,78118,False
597483,SSE-FSR,78124,False
597483,SSE-FSR,78122,False
597483,SSE-FSR,78123,False
597483,SSE-FSR,78121,False
597484,SSE-HT,76011,False
597484,SSE-HT,76009,False
597484,SSE-HT,76015,False
597484,SSE-HT,76013,False
597484,SSE-HT,76006,False
597484,SSE-HT,76008,False
597484,SSE-HT,76010,False
597484,SSE-HT,76012,False
597484,SSE-HT,76014,False
597485,SSE-KRAS,77070,False
597485,SSE-KRAS,77072,False
597485,SSE-KRAS,77074,False
597485,SSE-KRAS,77077,False
597485,SSE-KRAS,77078,False
597485,SSE-KRAS,77069,False
597485,SSE-KRAS,77075,False
597485,SSE-KRAS,77071,False
597485,SSE-KRAS,77076,False
597485,SSE-KRAS,77073,False
597485,SSE-SIMP,78508,False
597485,SSE-SIMP,78506,False
597485,SSE-SIMP,78501,False
597485,SSE-SIMP,78500,False
597486,SSE-SIMP,78504,False
597486,SSE-SIMP,78502,False
597486,SSE-SIMP,78509,False
597486,SSE-SIMP,78505,False
597486,SSE-SIMP,78507,False
597486,SSE-SIMP,78503,False
597486,SSE-ZABA,76820,False
597486,SSE-ZABA,76817,False
597486,SSE-ZABA,76815,False
597486,SSE-ZABA,76823,False
597486,SSE-ZABA,76821,False
597486,SSE-ZABA,76819,False
597486,SSE-ZABA,76816,False
597486,SSE-ZABA,76818,False
597486,SSE-ZABA,76824,False
597486,SSE-ZABA,76822,False
597548,SSE-KRAS,77090,False
597548,SSE-FSR,78136,False
597583,SSE-CARD,90009,False
597583,SSE-CARD,90008,False
597583,SSE-CARD,90007,False
597583,SSE-CARD,90006,False
597583,SSE-CARD,90005,False
597583,SSE-CARD,90002,False
597583,SSE-CARD,90010,False
597583,SSE-CARD,90003,False
597583,SSE-CARD,90001,False
597583,SSE-CARD,90004,False
597583,SSE-FSR,78135,False
597583,SSE-FSR,78133,False
597583,SSE-FSR,78132,False
597583,SSE-FSR,78131,False
597583,SSE-FSR,78129,False
597583,SSE-FSR,78128,False
597583,SSE-FSR,78127,False
597583,SSE-FSR,78126,False
597584,SSE-FSR,78130,False
597584,SSE-FSR,78134,False
597584,SSE-HT,76028,False
597584,SSE-HT,76026,False
597584,SSE-HT,76022,False
597584,SSE-HT,76020,False
597584,SSE-HT,76024,False
597584,SSE-HT,76021,False
597584,SSE-HT,76019,False
597584,SSE-HT,76025,False
597584,SSE-HT,76023,False
597585,SSE-HT,76027,False
597585,SSE-KRAS,77080,False
597585,SSE-KRAS,77079,False
597585,SSE-KRAS,77086,False
597585,SSE-KRAS,77084,False
597585,SSE-KRAS,77088,False
597585,SSE-KRAS,77081,False
597585,SSE-KRAS,77087,False
597585,SSE-KRAS,77085,False
597585,SSE-KRAS,77082,False
597585,SSE-KRAS,77083,False
597586,SSE-SIMP,78519,False
597586,SSE-SIMP,78516,False
597586,SSE-SIMP,78515,False
597586,SSE-SIMP,78521,False
597586,SSE-SIMP,78520,False
597586,SSE-SIMP,78518,False
597586,SSE-SIMP,78522,False
597586,SSE-SIMP,78514,False
597586,SSE-SIMP,78517,False
597586,SSE-ZABA,76834,False
597586,SSE-ZABA,76825,False
597586,SSE-ZABA,76832,False
597586,SSE-ZABA,76827,False
597586,SSE-ZABA,76833,False
597586,SSE-ZABA,76826,False
597586,SSE-ZABA,76830,False
597586,SSE-ZABA,76828,False
597586,SSE-ZABA,76829,False
597586,SSE-ZABA,76831,False
597617,SSE-HT,76041,False
597679,SSE-KRAS,77103,False
597679,SSE-ZABA,76850,False
597680,SSE-FSR,78147,False
597680,SSE-ZABA,76852,False
597680,SSE-FSR,78148,False
597680,SSE-ZABA,76854,False
597680,SSE-KRAS,77109,False
597680,SSE-FSR,78149,False
597680,SSE-ZABA,76856,False
597681,SSE-KRAS,77111,False
597681,SSE-FSR,78150,False
597681,SSE-ZABA,76857,False
597681,SSE-KRAS,77112,False
597681,SSE-FSR,78151,False
597681,SSE-KRAS,77113,False
597681,SSE-KRAS,77114,False
597681,SSE-KRAS,77115,False
597682,SSE-KRAS,77116,False
597682,SSE-ZABA,76858,False
597682,SSE-KRAS,77117,False
597682,SSE-FSR,78152,False
597682,SSE-ZABA,76859,False
597682,SSE-ZABA,76860,False
597682,SSE-ZABA,76861,False
597682,SSE-KRAS,77118,False
597682,SSE-FSR,78153,False
597682,SSE-CARD,90021,False
597682,SSE-CARD,90020,False
597682,SSE-CARD,90016,False
597682,SSE-CARD,90014,False
597683,SSE-CARD,90019,False
597683,SSE-CARD,90012,False
597683,SSE-CARD,90018,False
597683,SSE-FSR,78142,False
597683,SSE-FSR,78141,False
597683,SSE-FSR,78139,False
597683,SSE-FSR,78144,False
597683,SSE-FSR,78146,False
597683,SSE-FSR,78137,False
597683,SSE-FSR,78140,False
597683,SSE-FSR,78138,False
597684,SSE-FSR,78143,False
597684,SSE-FSR,78145,False
597684,SSE-HT,76040,False
597684,SSE-HT,76038,False
597684,SSE-HT,76037,False
597684,SSE-HT,76036,False
597684,SSE-HT,76035,False
597684,SSE-HT,76034,False
597684,SSE-HT,76033,False
597684,SSE-HT,76039,False
597685,SSE-HT,76032,False
597685,SSE-KRAS,77101,False
597685,SSE-KRAS,77099,False
597685,SSE-KRAS,77096,False
597685,SSE-KRAS,77094,False
597685,SSE-KRAS,77092,False
597685,SSE-KRAS,77098,False
597685,SSE-KRAS,77100,False
597685,SSE-SIMP,78530,False
597685,SSE-SIMP,78529,False
597685,SSE-SIMP,78528,False
597685,SSE-SIMP,78527,False
597685,SSE-SIMP,78525,False
597685,SSE-SIMP,78532,False
597685,SSE-SIMP,78526,False
597685,SSE-SIMP,78531,False
597685,SSE-SIMP,78533,False
597685,SSE-SIMP,78524,False
597686,SSE-ZABA,76846,False
597686,SSE-ZABA,76843,False
597686,SSE-ZABA,76841,False
597686,SSE-ZABA,76844,False
597686,SSE-ZABA,76839,False
597686,SSE-ZABA,76837,False
597686,SSE-ZABA,76842,False
597686,SSE-ZABA,76845,False
597741,SSE-HT,76054,False
597741,SSE-ZABA,76872,False
597785,SSE-HT,76056,False
597789,SSE-CARD,90040,False
597789,SSE-CARD,90039,False
597789,SSE-CARD,90038,False
597789,SSE-CARD,90036,False
597789,SSE-CARD,90035,False
597789,SSE-CARD,90033,False
597789,SSE-CARD,90031,False
597789,SSE-CARD,90034,False
597789,SSE-CARD,90032,False
597789,SSE-CARD,90037,False
597790,SSE-FSR,78163,False
597790,SSE-FSR,78162,False
597790,SSE-FSR,78161,False
597790,SSE-FSR,78160,False
597790,SSE-FSR,78158,False
597790,SSE-FSR,78157,False
597790,SSE-FSR,78156,False
597790,SSE-FSR,78155,False
597791,SSE-FSR,78159,False
597792,SSE-HT,76044,False
597792,SSE-HT,76051,False
597793,SSE-HT,76045,False
597793,SSE-HT,76047,False
597793,SSE-HT,76049,False
597794,SSE-HT,76053,False
597794,SSE-HT,76046,False
597794,SSE-HT,76048,False
597794,SSE-HT,76050,False
597794,SSE-HT,76052,False
597795,SSE-KRAS,77127,False
597795,SSE-KRAS,77120,False
597795,SSE-KRAS,77121,False
597795,SSE-KRAS,77124,False
597795,SSE-KRAS,77122,False
597795,SSE-KRAS,77126,False
597795,SSE-KRAS,77123,False
597795,SSE-KRAS,77125,False
597795,SSE-KRAS,77119,False
597795,SSE-KRAS,77128,False
597796,SSE-SIMP,78545,False
597796,SSE-SIMP,78540,False
597796,SSE-SIMP,78542,False
597796,SSE-SIMP,78544,False
597796,SSE-SIMP,78538,False
597796,SSE-SIMP,78546,False
597796,SSE-SIMP,78537,False
597796,SSE-SIMP,78539,False
597796,SSE-SIMP,78541,False
597796,SSE-SIMP,78543,False
597796,SSE-ZABA,76870,False
597796,SSE-ZABA,76868,False
597796,SSE-ZABA,76867,False
597796,SSE-ZABA,76865,False
597796,SSE-ZABA,76863,False
597796,SSE-ZABA,76864,False
597796,SSE-ZABA,76869,False
597796,SSE-ZABA,76862,False
597796,SSE-ZABA,76871,False
597797,SSE-ZABA,76866,False
597797,SSE-ZABA,76883,False
597811,SSE-ZABA,76884,False
597828,SSE-SIMP,78559,False
597838,SSE-ZABA,76886,False
597838,SSE-ZABA,76888,False
597860,SSE-ZABA,76891,False
597860,SSE-ZABA,76893,False
597860,SSE-FSR,78175,False
597861,SSE-ZABA,76895,False
597861,SSE-FSR,78176,False
597861,SSE-ZABA,76897,False
597861,SSE-FSR,78177,False
597861,SSE-ZABA,76899,False
597861,SSE-FSR,78178,False
597861,SSE-ZABA,76901,False
597861,SSE-ZABA,76903,False
597861,SSE-ZABA,76905,False
597861,SSE-ZABA,76907,False
597861,SSE-ZABA,76909,False
597861,SSE-ZABA,76911,False
597862,SSE-ZABA,76913,False
597862,SSE-ZABA,76915,False
597862,SSE-ZABA,76917,False
597862,SSE-ZABA,76919,False
597862,SSE-ZABA,76920,False
597862,SSE-ZABA,76921,False
597863,SSE-ZABA,76922,False
597863,SSE-ZABA,76923,False
597863,SSE-ZABA,76924,False
597886,SSE-CARD,90054,False
597886,SSE-CARD,90053,False
597886,SSE-CARD,90052,False
597886,SSE-CARD,90048,False
597886,SSE-CARD,90047,False
597886,SSE-CARD,90045,False
597886,SSE-CARD,90049,False
597886,SSE-CARD,90051,False
597887,SSE-CARD,90050,False
597887,SSE-CARD,90046,False
597887,SSE-FSR,78173,False
597887,SSE-FSR,78168,False
597887,SSE-FSR,78166,False
597887,SSE-FSR,78172,False
597887,SSE-FSR,78170,False
597887,SSE-FSR,78174,False
597888,SSE-FSR,78167,False
597888,SSE-FSR,78169,False
597888,SSE-FSR,78171,False
597888,SSE-FSR,78165,False
597888,SSE-HT,76066,False
597888,SSE-HT,76064,False
597888,SSE-HT,76062,False
597889,SSE-HT,76058,False
597889,SSE-HT,76065,False
597889,SSE-HT,76057,False
597889,SSE-HT,76061,False
597889,SSE-HT,76063,False
597890,SSE-HT,76059,False
597890,SSE-HT,76060,False
597890,SSE-KRAS,77138,False
597890,SSE-KRAS,77136,False
597891,SSE-KRAS,77137,False
597891,SSE-KRAS,77135,False
597891,SSE-KRAS,77134,False
597891,SSE-KRAS,77132,False
597891,SSE-KRAS,77130,False
597891,SSE-KRAS,77133,False
597891,SSE-KRAS,77139,False
597891,SSE-KRAS,77131,False
597892,SSE-SIMP,78554,False
597892,SSE-SIMP,78552,False
597892,SSE-SIMP,78556,False
597892,SSE-SIMP,78550,False
597892,SSE-SIMP,78551,False
597892,SSE-SIMP,78553,False
597892,SSE-SIMP,78549,False
597892,SSE-SIMP,78555,False
597892,SSE-SIMP,78557,False
597892,SSE-SIMP,78548,False
597892,SSE-ZABA,76882,False
597892,SSE-ZABA,76881,False
597892,SSE-ZABA,76880,False
597892,SSE-ZABA,76874,False
597893,SSE-ZABA,76878,False
597893,SSE-ZABA,76876,False
597893,SSE-ZABA,76935,False
597893,SSE-ZABA,76936,False
597893,SSE-ZABA,76937,False
597896,SSE-ZABA,76938,False
597906,SSE-ZABA,76939,False
597918,SSE-ZABA,76940,False
597927,SSE-ZABA,76941,False
597933,SSE-HT,76077,False
597956,SSE-CARD,90071,False
597956,SSE-KRAS,77151,False
597956,SSE-CARD,90072,False
597957,SSE-CARD,90073,False
597957,SSE-ZABA,76942,False
597957,SSE-ZABA,76943,False
597957,SSE-CARD,90074,False
597957,SSE-CARD,90075,False
597958,SSE-CARD,90076,False
597958,SSE-CARD,90077,False
597958,SSE-ZABA,76944,False
597958,SSE-CARD,90078,False
597958,SSE-CARD,90079,False
597958,SSE-SIMP,78577,False
597958,SSE-ZABA,76945,False
597983,SSE-CARD,90066,False
597983,SSE-CARD,90060,False
597983,SSE-CARD,90058,False
597983,SSE-CARD,90057,False
597983,SSE-CARD,90061,False
597983,SSE-CARD,90064,False
597983,SSE-CARD,90062,False
597983,SSE-CARD,90059,False
597984,SSE-CARD,90065,False
597984,SSE-CARD,90063,False
597984,SSE-FSR,78188,False
597984,SSE-FSR,78187,False
597984,SSE-FSR,78185,False
597984,SSE-FSR,78183,False
597984,SSE-FSR,78182,False
597984,SSE-FSR,78180,False
597984,SSE-FSR,78189,False
597984,SSE-FSR,78184,False
597984,SSE-FSR,78181,False
597985,SSE-FSR,78186,False
597985,SSE-HT,76071,False
597985,SSE-HT,76068,False
597985,SSE-HT,76074,False
597985,SSE-HT,76072,False
597985,SSE-HT,76075,False
597985,SSE-HT,76069,False
597985,SSE-HT,76067,False
597986,SSE-HT,76073,False
597986,SSE-HT,76070,False
597986,SSE-HT,76076,False
597987,SSE-KRAS,77150,False
597987,SSE-KRAS,77148,False
597987,SSE-KRAS,77146,False
597987,SSE-KRAS,77144,False
597987,SSE-KRAS,77141,False
597987,SSE-KRAS,77145,False
597987,SSE-KRAS,77147,False
597987,SSE-KRAS,77149,False
597987,SSE-KRAS,77142,False
597987,SSE-KRAS,77143,False
597987,SSE-SIMP,78568,False
597987,SSE-SIMP,78566,False
597987,SSE-SIMP,78564,False
597987,SSE-SIMP,78562,False
597987,SSE-SIMP,78561,False
597987,SSE-SIMP,78560,False
597988,SSE-SIMP,78569,False
597988,SSE-SIMP,78563,False
597988,SSE-SIMP,78565,False
597988,SSE-SIMP,78567,False
597988,SSE-ZABA,76933,False
597988,SSE-ZABA,76932,False
597988,SSE-ZABA,76931,False
597988,SSE-ZABA,76929,False
597988,SSE-ZABA,76930,False
597988,SSE-ZABA,76925,False
597988,SSE-ZABA,76934,False
597988,SSE-ZABA,76928,False
597988,SSE-ZABA,76926,False
597988,SSE-ZABA,76927,False
598001,SSE-CARD,90091,False
598001,SSE-SIMP,78592,False
598003,SSE-FSR,78202,False
598053,SSE-FSR,78203,False
598084,SSE-CARD,90090,False
598084,SSE-CARD,90088,False
598084,SSE-CARD,90086,False
598084,SSE-CARD,90085,False
598084,SSE-CARD,90083,False
598084,SSE-CARD,90081,False
598085,SSE-CARD,90087,False
598085,SSE-CARD,90084,False
598085,SSE-CARD,90089,False
598086,SSE-FSR,78200,False
598086,SSE-FSR,78198,False
598086,SSE-FSR,78193,False
598086,SSE-FSR,78194,False
598086,SSE-FSR,78196,False
598086,SSE-FSR,78197,False
598086,SSE-FSR,78199,False
598086,SSE-FSR,78201,False
598086,SSE-FSR,78192,False
598087,SSE-FSR,78195,False
598087,SSE-HT,76090,False
598087,SSE-HT,76088,False
598087,SSE-HT,76084,False
598087,SSE-HT,76082,False
598087,SSE-HT,76086,False
598088,SSE-HT,76089,False
598088,SSE-HT,76083,False
598088,SSE-HT,76087,False
598088,SSE-HT,76085,False
598089,SSE-KRAS,77155,False
598089,SSE-KRAS,77159,False
598089,SSE-KRAS,77161,False
598089,SSE-KRAS,77158,False
598089,SSE-KRAS,77156,False
598089,SSE-KRAS,77163,False
598089,SSE-KRAS,77154,False
598089,SSE-KRAS,77160,False
598089,SSE-KRAS,77162,False
598089,SSE-KRAS,77157,False
598090,SSE-SIMP,78590,False
598090,SSE-SIMP,78589,False
598090,SSE-SIMP,78586,False
598090,SSE-SIMP,78584,False
598090,SSE-SIMP,78588,False
598090,SSE-SIMP,78583,False
598090,SSE-SIMP,78591,False
598090,SSE-SIMP,78582,False
598090,SSE-SIMP,78585,False
598090,SSE-SIMP,78587,False
598090,SSE-ZABA,76954,False
598090,SSE-ZABA,76952,False
598090,SSE-ZABA,76951,False
598090,SSE-ZABA,76950,False
598090,SSE-ZABA,76948,False
598090,SSE-ZABA,76947,False
598090,SSE-ZABA,76949,False
598090,SSE-ZABA,76955,False
598091,SSE-ZABA,76953,False
598091,SSE-ZABA,76956,False
598091,SSE-HT,76102,False
598091,SSE-CARD,90103,False
598091,SSE-KRAS,77174,False
598091,SSE-CARD,90104,False
598091,SSE-CARD,90105,False
598091,SSE-CARD,90106,False
598091,SSE-CARD,90107,False
598091,SSE-CARD,90108,False
598100,SSE-FSR,78214,False
598127,SSE-SIMP,78604,False
598146,SSE-FSR,78215,False
598181,SSE-HT,76104,False
598183,SSE-CARD,90102,False
598183,SSE-CARD,90101,False
598183,SSE-CARD,90099,False
598183,SSE-CARD,90097,False
598183,SSE-CARD,90095,False
598183,SSE-CARD,90094,False
598183,SSE-CARD,90093,False
598183,SSE-CARD,90100,False
598183,SSE-CARD,90098,False
598183,SSE-CARD,90096,False
598184,SSE-FSR,78206,False
598184,SSE-FSR,78205,False
598184,SSE-FSR,78204,False
598184,SSE-FSR,78210,False
598184,SSE-FSR,78207,False
598184,SSE-FSR,78209,False
598184,SSE-FSR,78213,False
598184,SSE-FSR,78211,False
598185,SSE-FSR,78212,False
598185,SSE-FSR,78208,False
598185,SSE-HT,76100,False
598185,SSE-HT,76098,False
598185,SSE-HT,76094,False
598185,SSE-HT,76092,False
598186,SSE-HT,76097,False
598186,SSE-HT,76095,False
598186,SSE-HT,76101,False
598187,SSE-HT,76096,False
598187,SSE-HT,76099,False
598187,SSE-KRAS,77171,False
598187,SSE-KRAS,77169,False
598187,SSE-KRAS,77168,False
598187,SSE-KRAS,77166,False
598187,SSE-KRAS,77164,False
598187,SSE-KRAS,77172,False
598188,SSE-KRAS,77173,False
598188,SSE-KRAS,77167,False
598188,SSE-KRAS,77165,False
598188,SSE-KRAS,77170,False
598188,SSE-SIMP,78602,False
598188,SSE-SIMP,78600,False
598188,SSE-SIMP,78598,False
598188,SSE-SIMP,78594,False
598188,SSE-SIMP,78597,False
598188,SSE-SIMP,78599,False
598188,SSE-SIMP,78601,False
598188,SSE-SIMP,78595,False
598188,SSE-SIMP,78596,False
598188,SSE-ZABA,76965,False
598188,SSE-ZABA,76962,False
598188,SSE-ZABA,76961,False
598188,SSE-ZABA,76959,False
598189,SSE-ZABA,76963,False
598189,SSE-ZABA,76966,False
598189,SSE-ZABA,76957,False
598189,SSE-ZABA,76960,False
598189,SSE-ZABA,76958,False
598189,SSE-ZABA,76964,False
598202,SSE-HT,76115,False
598206,SSE-HT,76116,False
598220,SSE-KRAS,77186,False
598230,SSE-HT,76117,False
598269,SSE-HT,76119,False
598279,SSE-ZABA,76978,False
598279,SSE-ZABA,76979,False
598280,SSE-ZABA,76980,False
598280,SSE-FSR,78228,False
598280,SSE-ZABA,76981,False
598283,SSE-CARD,90120,False
598283,SSE-CARD,90119,False
598283,SSE-CARD,90118,False
598283,SSE-CARD,90117,False
598283,SSE-CARD,90111,False
598283,SSE-CARD,90115,False
598283,SSE-CARD,90113,False
598284,SSE-CARD,90112,False
598284,SSE-CARD,90114,False
598284,SSE-CARD,90116,False
598284,SSE-FSR,78226,False
598284,SSE-FSR,78221,False
598284,SSE-FSR,78219,False
598284,SSE-FSR,78217,False
598284,SSE-FSR,78223,False
598285,SSE-FSR,78225,False
598285,SSE-FSR,78220,False
598285,SSE-FSR,78222,False
598285,SSE-FSR,78224,False
598285,SSE-HT,76111,False
598285,SSE-HT,76109,False
598286,SSE-HT,76105,False
598286,SSE-HT,76113,False
598286,SSE-HT,76114,False
598286,SSE-HT,76107,False
598286,SSE-HT,76108,False
598286,SSE-HT,76110,False
598286,SSE-HT,76112,False
598287,SSE-KRAS,77183,False
598287,SSE-KRAS,77182,False
598287,SSE-KRAS,77181,False
598287,SSE-KRAS,77180,False
598287,SSE-KRAS,77179,False
598287,SSE-KRAS,77177,False
598287,SSE-KRAS,77185,False
598287,SSE-KRAS,77178,False
598287,SSE-KRAS,77184,False
598288,SSE-SIMP,78615,False
598288,SSE-SIMP,78613,False
598288,SSE-SIMP,78612,False
598288,SSE-SIMP,78610,False
598288,SSE-SIMP,78609,False
598288,SSE-SIMP,78607,False
598288,SSE-SIMP,78611,False
598288,SSE-SIMP,78608,False
598288,SSE-SIMP,78614,False
598288,SSE-ZABA,76972,False
598288,SSE-ZABA,76971,False
598288,SSE-ZABA,76970,False
598289,SSE-ZABA,76969,False
598289,SSE-ZABA,76968,False
598289,SSE-ZABA,76973,False
598289,SSE-ZABA,76974,False
598289,SSE-ZABA,76976,False
598289,SSE-ZABA,76975,False
598289,SSE-ZABA,76967,False
598305,SSE-KRAS,77199,False
598305,SSE-SIMP,78628,False
598305,SSE-FSR,78243,False
598338,SSE-HT,76131,False
598380,SSE-HT,76133,False
598383,SSE-CARD,90133,False
598383,SSE-CARD,90131,False
598383,SSE-CARD,90125,False
598383,SSE-CARD,90130,False
598383,SSE-CARD,90128,False
598383,SSE-CARD,90126,False
598383,SSE-CARD,90124,False
598384,SSE-CARD,90129,False
598384,SSE-CARD,90127,False
598384,SSE-CARD,90132,False
598384,SSE-FSR,78242,False
598384,SSE-FSR,78238,False
598384,SSE-FSR,78236,False
598384,SSE-FSR,78233,False
598385,SSE-FSR,78234,False
598385,SSE-FSR,78237,False
598385,SSE-FSR,78235,False
598385,SSE-FSR,78239,False
598385,SSE-FSR,78241,False
598385,SSE-FSR,78240,False
598386,SSE-HT,76125,False
598386,SSE-HT,76123,False
598386,SSE-HT,76128,False
598386,SSE-HT,76120,False
598386,SSE-HT,76129,False
598387,SSE-HT,76127,False
598387,SSE-HT,76126,False
598387,SSE-HT,76122,False
598387,SSE-HT,76124,False
598388,SSE-KRAS,77198,False
598388,SSE-KRAS,77192,False
598388,SSE-KRAS,77190,False
598388,SSE-KRAS,77189,False
598388,SSE-KRAS,77194,False
598388,SSE-KRAS,77191,False
598388,SSE-KRAS,77196,False
598388,SSE-KRAS,77193,False
598388,SSE-KRAS,77195,False
598388,SSE-KRAS,77197,False
598389,SSE-SIMP,78623,False
598389,SSE-SIMP,78621,False
598389,SSE-SIMP,78619,False
598389,SSE-SIMP,78627,False
598389,SSE-SIMP,78625,False
598389,SSE-SIMP,78626,False
598389,SSE-SIMP,78622,False
598389,SSE-SIMP,78624,False
598389,SSE-SIMP,78620,False
598389,SSE-ZABA,76992,False
598389,SSE-ZABA,76991,False
598389,SSE-ZABA,76987,False
598389,SSE-ZABA,76983,False
598389,SSE-ZABA,76989,False
598390,SSE-ZABA,76990,False
598390,SSE-ZABA,76988,False
598390,SSE-ZABA,76986,False
598390,SSE-ZABA,76984,False
598390,SSE-ZABA,76985,False
598394,SSE-ZABA,77005,False
598394,SSE-FSR,78256,False
598394,SSE-ZABA,77007,False
598427,SSE-SIMP,78642,False
598443,SSE-CARD,90144,False
598445,SSE-HT,76145,False
598445,SSE-SIMP,78643,False
598454,SSE-SIMP,78644,False
598483,SSE-CARD,90143,False
598483,SSE-CARD,90142,False
598483,SSE-CARD,90141,False
598483,SSE-CARD,90139,False
598483,SSE-CARD,90138,False
598483,SSE-CARD,90137,False
598483,SSE-CARD,90135,False
598483,SSE-CARD,90136,False
598483,SSE-CARD,90134,False
598484,SSE-CARD,90140,False
598484,SSE-FSR,78252,False
598484,SSE-FSR,78247,False
598484,SSE-FSR,78245,False
598484,SSE-FSR,78249,False
598484,SSE-FSR,78254,False
598485,SSE-FSR,78253,False
598485,SSE-FSR,78251,False
598485,SSE-FSR,78248,False
598485,SSE-FSR,78250,False
598485,SSE-HT,76143,False
598485,SSE-HT,76140,False
598486,SSE-HT,76144,False
598486,SSE-HT,76142,False
598486,SSE-HT,76141,False
598487,SSE-HT,76138,False
598487,SSE-HT,76139,False
598487,SSE-HT,76137,False
598487,SSE-HT,76135,False
598487,SSE-KRAS,77210,False
598487,SSE-KRAS,77209,False
598487,SSE-KRAS,77208,False
598487,SSE-KRAS,77204,False
598487,SSE-KRAS,77207,False
598488,SSE-KRAS,77206,False
598488,SSE-KRAS,77203,False
598488,SSE-KRAS,77205,False
598488,SSE-KRAS,77211,False
598488,SSE-SIMP,78640,False
598488,SSE-SIMP,78636,False
598488,SSE-SIMP,78634,False
598488,SSE-SIMP,78632,False
598488,SSE-SIMP,78638,False
598488,SSE-ZABA,76997,False
598489,SSE-ZABA,76996,False
598489,SSE-ZABA,76998,False
598489,SSE-ZABA,77000,False
598489,SSE-ZABA,77002,False
598489,SSE-ZABA,76994,False
598489,SSE-ZABA,76999,False
598489,SSE-ZABA,77001,False
598489,SSE-ZABA,77003,False
598489,SSE-SIMP,78656,False
598540,SSE-SIMP,78658,False
598540,SSE-KRAS,77224,False
598540,SSE-CARD,90156,False
598583,SSE-CARD,90153,False
598583,SSE-CARD,90152,False
598583,SSE-CARD,90151,False
598583,SSE-CARD,90150,False
598583,SSE-CARD,90149,False
598583,SSE-CARD,90147,False
598583,SSE-CARD,90146,False
598583,SSE-CARD,90145,False
598583,SSE-CARD,90148,False
598583,SSE-CARD,90154,False
598583,SSE-FSR,78266,False
598583,SSE-FSR,78265,False
598583,SSE-FSR,78264,False
598583,SSE-FSR,78263,False
598583,SSE-FSR,78262,False
598583,SSE-FSR,78261,False
598583,SSE-FSR,78260,False
598583,SSE-FSR,78259,False
598584,SSE-FSR,78267,False
598584,SSE-HT,76155,False
598584,SSE-HT,76150,False
598584,SSE-HT,76148,False
598584,SSE-HT,76146,False
598585,SSE-HT,76154,False
598585,SSE-HT,76153,False
598585,SSE-HT,76149,False
598585,SSE-HT,76151,False
598585,SSE-HT,76152,False
598586,SSE-KRAS,77223,False
598586,SSE-KRAS,77215,False
598586,SSE-KRAS,77221,False
598586,SSE-KRAS,77219,False
598586,SSE-KRAS,77217,False
598586,SSE-KRAS,77218,False
598586,SSE-KRAS,77214,False
598586,SSE-KRAS,77222,False
598586,SSE-KRAS,77220,False
598586,SSE-KRAS,77216,False
598587,SSE-SIMP,78654,False
598587,SSE-SIMP,78652,False
598587,SSE-SIMP,78647,False
598587,SSE-SIMP,78651,False
598587,SSE-SIMP,78649,False
598587,SSE-SIMP,78655,False
598587,SSE-SIMP,78653,False
598587,SSE-ZABA,77017,False
598587,SSE-ZABA,77016,False
598587,SSE-ZABA,77012,False
598587,SSE-ZABA,77014,False
598588,SSE-ZABA,77010,False
598588,SSE-ZABA,77011,False
598588,SSE-ZABA,77009,False
598588,SSE-ZABA,77015,False
598588,SSE-ZABA,77013,False
598598,SSE-CARD,90168,False
598599,SSE-FSR,78280,False
598599,SSE-FSR,78281,False
598599,SSE-ZABA,77029,False
598600,SSE-FSR,78283,False
598600,SSE-ZABA,77031,False
598600,SSE-FSR,78285,False
598600,SSE-ZABA,77033,False
598637,SSE-SIMP,78670,False
598683,SSE-CARD,90167,False
598683,SSE-CARD,90166,False
598683,SSE-CARD,90160,False
598683,SSE-CARD,90159,False
598684,SSE-CARD,90161,False
598684,SSE-CARD,90165,False
598684,SSE-CARD,90163,False
598684,SSE-CARD,90164,False
598684,SSE-CARD,90162,False
598684,SSE-FSR,78279,False
598684,SSE-FSR,78278,False
598684,SSE-FSR,78276,False
598684,SSE-FSR,78274,False
598684,SSE-FSR,78272,False
598684,SSE-FSR,78277,False
598684,SSE-FSR,78275,False
598685,SSE-HT,76168,False
598685,SSE-HT,76166,False
598685,SSE-HT,76164,False
598685,SSE-HT,76162,False
598685,SSE-HT,76161,False
598685,SSE-HT,76163,False
598685,SSE-HT,76167,False
598686,SSE-HT,76159,False
598686,SSE-HT,76165,False
598687,SSE-HT,76160,False
598687,SSE-KRAS,77229,False
598687,SSE-KRAS,77227,False
598687,SSE-KRAS,77230,False
598687,SSE-KRAS,77228,False
598687,SSE-KRAS,77226,False
598687,SSE-KRAS,77234,False
598687,SSE-KRAS,77232,False
598687,SSE-KRAS,77231,False
598687,SSE-KRAS,77233,False
598688,SSE-SIMP,78669,False
598688,SSE-SIMP,78668,False
598688,SSE-SIMP,78667,False
598688,SSE-SIMP,78666,False
598688,SSE-SIMP,78664,False
598688,SSE-SIMP,78662,False
598688,SSE-SIMP,78665,False
598688,SSE-SIMP,78663,False
598688,SSE-SIMP,78661,False
598688,SSE-ZABA,77025,False
598688,SSE-ZABA,77020,False
598688,SSE-ZABA,77027,False
598689,SSE-ZABA,77028,False
598689,SSE-ZABA,77022,False
598689,SSE-ZABA,77024,False
598689,SSE-ZABA,77026,False
598689,SSE-KRAS,77247,False
598700,SSE-ZABA,77046,False
598755,SSE-CARD,90183,False
598783,SSE-CARD,90178,False
598783,SSE-CARD,90176,False
598783,SSE-CARD,90174,False
598783,SSE-CARD,90172,False
598783,SSE-CARD,90171,False
598783,SSE-CARD,90179,False
598783,SSE-CARD,90177,False
598783,SSE-CARD,90175,False
598783,SSE-CARD,90173,False
598784,SSE-FSR,78298,False
598784,SSE-FSR,78297,False
598784,SSE-FSR,78296,False
598784,SSE-FSR,78295,False
598784,SSE-FSR,78294,False
598784,SSE-FSR,78291,False
598784,SSE-FSR,78293,False
598784,SSE-FSR,78292,False
598784,SSE-FSR,78290,False
598784,SSE-HT,76180,False
598784,SSE-HT,76178,False
598784,SSE-HT,76176,False
598784,SSE-HT,76175,False
598784,SSE-HT,76174,False
598784,SSE-HT,76172,False
598784,SSE-HT,76173,False
598784,SSE-HT,76171,False
598785,SSE-HT,76179,False
598785,SSE-HT,76177,False
598786,SSE-KRAS,77245,False
598786,SSE-KRAS,77243,False
598786,SSE-KRAS,77241,False
598786,SSE-KRAS,77239,False
598786,SSE-KRAS,77238,False
598786,SSE-KRAS,77246,False
598786,SSE-KRAS,77242,False
598786,SSE-KRAS,77244,False
598786,SSE-KRAS,77237,False
598786,SSE-KRAS,77240,False
598787,SSE-SIMP,78682,False
598787,SSE-SIMP,78681,False
598787,SSE-SIMP,78680,False
598787,SSE-SIMP,78677,False
598787,SSE-SIMP,78675,False
598787,SSE-SIMP,78674,False
598787,SSE-SIMP,78683,False
598787,SSE-SIMP,78676,False
598787,SSE-SIMP,78678,False
598787,SSE-SIMP,78679,False
598787,SSE-ZABA,77044,False
598787,SSE-ZABA,77037,False
598787,SSE-ZABA,77036,False
598787,SSE-ZABA,77042,False
598787,SSE-ZABA,77040,False
598788,SSE-ZABA,77045,False
598788,SSE-ZABA,77043,False
598788,SSE-ZABA,77038,False
598788,SSE-ZABA,77039,False
598788,SSE-ZABA,77041,False
598814,SSE-SIMP,78696,False
598841,SSE-ZABA,77059,False
598841,SSE-SIMP,78697,False
598883,SSE-CARD,90191,False
598883,SSE-CARD,90190,False
598883,SSE-CARD,90188,False
598883,SSE-CARD,90187,False
598883,SSE-CARD,90186,False
598884,SSE-CARD,90194,False
598884,SSE-CARD,90193,False
598884,SSE-CARD,90189,False
598884,SSE-CARD,90192,False
598884,SSE-FSR,78308,False
598885,SSE-FSR,78305,False
598885,SSE-FSR,78309,False
598885,SSE-FSR,78304,False
598885,SSE-FSR,78306,False
598885,SSE-FSR,78310,False
598885,SSE-FSR,78302,False
598885,SSE-FSR,78303,False
598885,SSE-FSR,78307,False
598886,SSE-HT,76192,False
598886,SSE-HT,76189,False
598886,SSE-HT,76188,False
598886,SSE-HT,76185,False
598886,SSE-HT,76184,False
598886,SSE-HT,76183,False
598886,SSE-HT,76191,False
598886,SSE-HT,76186,False
598887,SSE-HT,76190,False
598887,SSE-HT,76187,False
598888,SSE-KRAS,77255,False
598888,SSE-KRAS,77253,False
598888,SSE-KRAS,77251,False
598888,SSE-KRAS,77250,False
598888,SSE-KRAS,77252,False
598888,SSE-KRAS,77254,False
598888,SSE-KRAS,77256,False
598888,SSE-KRAS,77257,False
598888,SSE-KRAS,77258,False
598889,SSE-SIMP,78695,False
598889,SSE-SIMP,78693,False
598889,SSE-SIMP,78688,False
598889,SSE-SIMP,78687,False
598889,SSE-SIMP,78686,False
598889,SSE-SIMP,78691,False
598889,SSE-SIMP,78689,False
598889,SSE-SIMP,78692,False
598889,SSE-SIMP,78694,False
598889,SSE-SIMP,78690,False
598889,SSE-ZABA,77057,False
598889,SSE-ZABA,77056,False
598889,SSE-ZABA,77055,False
598889,SSE-ZABA,77048,False
598889,SSE-ZABA,77049,False
598889,SSE-ZABA,77051,False
598889,SSE-ZABA,77053,False
598889,SSE-ZABA,77050,False
598890,SSE-ZABA,77054,False
598890,SSE-ZABA,77052,False
598933,SSE-ZABA,77070,False
598933,SSE-SIMP,78709,False
598933,SSE-HT,76207,False
598933,SSE-KRAS,77272,False
598940,SSE-CARD,90208,False
598940,SSE-HT,76208,False
598940,SSE-CARD,90209,False
598961,SSE-CARD,90211,False
598983,SSE-CARD,90206,False
598983,SSE-CARD,90204,False
598983,SSE-CARD,90202,False
598983,SSE-CARD,90198,False
598983,SSE-CARD,90205,False
598983,SSE-CARD,90203,False
598984,SSE-CARD,90200,False
598984,SSE-CARD,90201,False
598984,SSE-CARD,90199,False
598984,SSE-FSR,78322,False
598984,SSE-FSR,78321,False
598984,SSE-FSR,78320,False
598984,SSE-FSR,78319,False
598984,SSE-FSR,78317,False
598984,SSE-FSR,78316,False
598984,SSE-FSR,78315,False
598984,SSE-FSR,78314,False
598984,SSE-FSR,78313,False
598985,SSE-FSR,78318,False
598985,SSE-HT,76205,False
598985,SSE-HT,76204,False
598985,SSE-HT,76203,False
598985,SSE-HT,76202,False
598985,SSE-HT,76196,False
598985,SSE-HT,76201,False
598985,SSE-HT,76199,False
598986,SSE-HT,76200,False
598986,SSE-HT,76198,False
598987,SSE-KRAS,77269,False
598987,SSE-KRAS,77267,False
598987,SSE-KRAS,77262,False
598987,SSE-KRAS,77264,False
598987,SSE-KRAS,77270,False
598987,SSE-KRAS,77266,False
598987,SSE-KRAS,77268,False
598987,SSE-KRAS,77271,False
598987,SSE-KRAS,77265,False
598987,SSE-KRAS,77263,False
598988,SSE-SIMP,78708,False
598988,SSE-SIMP,78706,False
598988,SSE-SIMP,78704,False
598988,SSE-SIMP,78702,False
598988,SSE-SIMP,78701,False
598988,SSE-SIMP,78700,False
598988,SSE-SIMP,78705,False
598988,SSE-SIMP,78703,False
598988,SSE-SIMP,78707,False
598988,SSE-ZABA,77068,False
598988,SSE-ZABA,77066,False
598988,SSE-ZABA,77063,False
598988,SSE-ZABA,77061,False
598989,SSE-ZABA,77069,False
598989,SSE-ZABA,77062,False
598989,SSE-ZABA,77067,False
598989,SSE-ZABA,77065,False
598989,SSE-ZABA,77064,False
598989,SSE-HT,76219,False
598989,SSE-KRAS,77283,False
599002,SSE-HT,76221,False
599016,SSE-FSR,78334,False
650783,SSE-CARD,99406,False
650783,SSE-CARD,99404,False
650783,SSE-CARD,99398,False
650783,SSE-CARD,99402,False
650783,SSE-CARD,99400,False
650783,SSE-CARD,99407,False
650783,SSE-CARD,99405,False
650783,SSE-CARD,99403,False
650783,SSE-CARD,99399,False
650783,SSE-CARD,99401,False
650783,SSE-FSR,85251,False
650783,SSE-FSR,85250,False
650783,SSE-FSR,85248,False
650783,SSE-FSR,85246,False
650783,SSE-FSR,85249,False
650783,SSE-FSR,85254,False
650783,SSE-FSR,85252,False
650783,SSE-FSR,85253,False
650784,SSE-FSR,85255,False
650784,SSE-HT,82536,False
650784,SSE-HT,82535,False
650784,SSE-HT,82533,False
650784,SSE-HT,82531,False
650784,SSE-HT,82538,False
650784,SSE-HT,82537,False
650785,SSE-HT,82539,False
650785,SSE-HT,82532,False
650785,SSE-HT,82530,False
650785,SSE-HT,82534,False
650786,SSE-KRAS,84228,False
650786,SSE-KRAS,84224,False
650786,SSE-KRAS,84219,False
650786,SSE-KRAS,84227,False
650786,SSE-KRAS,84225,False
650786,SSE-KRAS,84226,False
650786,SSE-KRAS,84221,False
650786,SSE-KRAS,84223,False
650786,SSE-SIMP,86183,False
650786,SSE-SIMP,86175,False
650786,SSE-SIMP,86181,False
650786,SSE-SIMP,86176,False
650786,SSE-SIMP,86174,False
650786,SSE-SIMP,86179,False
650786,SSE-SIMP,86177,False
650786,SSE-SIMP,86180,False
650786,SSE-SIMP,86182,False
650786,SSE-SIMP,86178,False
650786,SSE-ZABA,83700,False
650786,SSE-ZABA,83699,False
650786,SSE-ZABA,83697,False
650786,SSE-ZABA,83696,False
650786,SSE-ZABA,83694,False
650786,SSE-ZABA,83692,False
650786,SSE-ZABA,83698,False
650786,SSE-ZABA,83695,False
650786,SSE-ZABA,83693,False
650786,SSE-ZABA,83701,False
650817,SSE-KRAS,84242,False
650846,SSE-KRAS,84244,False
650882,SSE-CARD,99423,False
650882,SSE-CARD,99419,False
650882,SSE-CARD,99417,False
650883,SSE-CARD,99421,False
650883,SSE-CARD,99416,False
650883,SSE-CARD,99422,False
650883,SSE-CARD,99418,False
650883,SSE-CARD,99420,False
650883,SSE-CARD,99415,False
650884,SSE-FSR,85263,False
650884,SSE-FSR,85262,False
650884,SSE-FSR,85261,False
650884,SSE-FSR,85260,False
650884,SSE-FSR,85264,False
650884,SSE-FSR,85265,False
650884,SSE-FSR,85266,False
650884,SSE-FSR,85258,False
650884,SSE-FSR,85257,False
650884,SSE-FSR,85259,False
650885,SSE-HT,82549,False
650885,SSE-HT,82548,False
650885,SSE-HT,82547,False
650885,SSE-HT,82545,False
650885,SSE-HT,82543,False
650885,SSE-HT,82540,False
650885,SSE-HT,82541,False
650886,SSE-HT,82544,False
650886,SSE-HT,82542,False
650886,SSE-HT,82546,False
650886,SSE-KRAS,84237,False
650886,SSE-KRAS,84235,False
650886,SSE-KRAS,84233,False
650886,SSE-KRAS,84232,False
650886,SSE-KRAS,84239,False
650886,SSE-KRAS,84234,False
650886,SSE-KRAS,84236,False
650886,SSE-KRAS,84241,False
650887,SSE-KRAS,84238,False
650887,SSE-KRAS,84240,False
650887,SSE-SIMP,86196,False
650887,SSE-SIMP,86194,False
650887,SSE-SIMP,86192,False
650887,SSE-SIMP,86191,False
650887,SSE-SIMP,86189,False
650887,SSE-SIMP,86195,False
650887,SSE-SIMP,86193,False
650887,SSE-SIMP,86197,False
650887,SSE-SIMP,86188,False
650887,SSE-SIMP,86190,False
650887,SSE-ZABA,83710,False
650887,SSE-ZABA,83708,False
650887,SSE-ZABA,83706,False
650887,SSE-ZABA,83705,False
650887,SSE-ZABA,83704,False
650887,SSE-ZABA,83703,False
650887,SSE-ZABA,83712,False
650887,SSE-ZABA,83709,False
650887,SSE-ZABA,83711,False
650887,SSE-ZABA,83707,False
650888,SSE-CARD,99443,False
650911,SSE-CARD,99444,False
650927,SSE-CARD,99445,False
650931,SSE-CARD,99446,False
650953,SSE-CARD,99447,False
650954,SSE-CARD,99448,False
650964,SSE-CARD,99449,False
650982,SSE-CARD,99442,False
650982,SSE-CARD,99441,False
650982,SSE-CARD,99434,False
650982,SSE-CARD,99436,False
650983,SSE-CARD,99439,False
650983,SSE-CARD,99437,False
650983,SSE-CARD,99435,False
650983,SSE-CARD,99433,False
650983,SSE-CARD,99438,False
650983,SSE-CARD,99440,False
650983,SSE-FSR,85274,False
650983,SSE-FSR,85273,False
650983,SSE-FSR,85272,False
650983,SSE-FSR,85276,False
650983,SSE-FSR,85268,False
650983,SSE-FSR,85270,False
650983,SSE-FSR,85277,False
650983,SSE-FSR,85275,False
650983,SSE-FSR,85271,False
650983,SSE-FSR,85269,False
650984,SSE-HT,82560,False
650984,SSE-HT,82558,False
650984,SSE-HT,82557,False
650984,SSE-HT,82554,False
650984,SSE-HT,82556,False
650984,SSE-HT,82555,False
650984,SSE-HT,82562,False
650984,SSE-HT,82559,False
650984,SSE-HT,82553,False
650984,SSE-HT,82561,False
650985,SSE-KRAS,84254,False
650985,SSE-KRAS,84250,False
650985,SSE-KRAS,84249,False
650985,SSE-KRAS,84246,False
650985,SSE-KRAS,84252,False
650985,SSE-KRAS,84248,False
650985,SSE-KRAS,84253,False
650985,SSE-KRAS,84251,False
650985,SSE-KRAS,84245,False
650985,SSE-KRAS,84247,False
650986,SSE-SIMP,86209,False
650986,SSE-SIMP,86208,False
650986,SSE-SIMP,86207,False
650986,SSE-SIMP,86204,False
650986,SSE-SIMP,86203,False
650986,SSE-SIMP,86202,False
650986,SSE-SIMP,86205,False
650986,SSE-SIMP,86206,False
650986,SSE-SIMP,86201,False
650986,SSE-ZABA,83723,False
650986,SSE-ZABA,83721,False
650986,SSE-ZABA,83718,False
650986,SSE-ZABA,83716,False
650986,SSE-ZABA,83714,False
650986,SSE-ZABA,83722,False
650986,SSE-ZABA,83717,False
650986,SSE-ZABA,83715,False
650986,SSE-ZABA,83720,False
650986,SSE-ZABA,83719,False
651034,SSE-CARD,99463,False
651037,SSE-CARD,99464,False
651037,SSE-CARD,99465,False
651047,SSE-CARD,99466,False
651047,SSE-CARD,99467,False
651066,SSE-CARD,99468,False
651066,SSE-CARD,99469,False
651079,SSE-CARD,99470,False
651082,SSE-CARD,99458,False
651082,SSE-CARD,99457,False
651082,SSE-CARD,99455,False
651082,SSE-CARD,99453,False
651082,SSE-CARD,99450,False
651082,SSE-CARD,99456,False
651083,SSE-CARD,99454,False
651083,SSE-CARD,99452,False
651083,SSE-CARD,99459,False
651083,SSE-CARD,99451,False
651083,SSE-FSR,85286,False
651083,SSE-FSR,85284,False
651083,SSE-FSR,85283,False
651083,SSE-FSR,85282,False
651083,SSE-FSR,85278,False
651083,SSE-FSR,85281,False
651083,SSE-FSR,85287,False
651083,SSE-FSR,85285,False
651083,SSE-FSR,85279,False
651083,SSE-FSR,85280,False
651083,SSE-HT,82571,False
651083,SSE-HT,82570,False
651083,SSE-HT,82569,False
651083,SSE-HT,82567,False
651083,SSE-HT,82568,False
651084,SSE-HT,82566,False
651084,SSE-HT,82565,False
651084,SSE-HT,82563,False
651084,SSE-HT,82572,False
651085,SSE-HT,82564,False
651085,SSE-KRAS,84262,False
651085,SSE-KRAS,84260,False
651085,SSE-KRAS,84258,False
651085,SSE-KRAS,84256,False
651085,SSE-KRAS,84257,False
651085,SSE-KRAS,84264,False
651085,SSE-KRAS,84255,False
651085,SSE-KRAS,84263,False
651085,SSE-KRAS,84259,False
651085,SSE-KRAS,84261,False
651085,SSE-SIMP,86214,False
651085,SSE-SIMP,86212,False
651085,SSE-SIMP,86218,False
651085,SSE-SIMP,86215,False
651085,SSE-SIMP,86213,False
651085,SSE-SIMP,86217,False
651085,SSE-SIMP,86219,False
651085,SSE-SIMP,86221,False
651085,SSE-SIMP,86216,False
651085,SSE-SIMP,86220,False
651086,SSE-ZABA,83733,False
651086,SSE-ZABA,83732,False
651086,SSE-ZABA,83731,False
651086,SSE-ZABA,83730,False
651086,SSE-ZABA,83729,False
651086,SSE-ZABA,83727,False
651086,SSE-ZABA,83724,False
651086,SSE-ZABA,83726,False
651086,SSE-ZABA,83728,False
651086,SSE-ZABA,83725,False
651086,SSE-CARD,99481,False
651086,SSE-SIMP,86237,False
651086,SSE-CARD,99482,False
651093,SSE-CARD,99483,False
651182,SSE-CARD,99480,False
651182,SSE-CARD,99479,False
651182,SSE-CARD,99475,False
651182,SSE-CARD,99474,False
651182,SSE-CARD,99477,False
651182,SSE-CARD,99473,False
651182,SSE-CARD,99471,False
651182,SSE-CARD,99478,False
651182,SSE-CARD,99476,False
651182,SSE-CARD,99472,False
651183,SSE-FSR,85298,False
651183,SSE-FSR,85293,False
651183,SSE-FSR,85295,False
651183,SSE-FSR,85292,False
651183,SSE-FSR,85290,False
651183,SSE-FSR,85296,False
651183,SSE-FSR,85294,False
651183,SSE-FSR,85297,False
651183,SSE-FSR,85289,False
651183,SSE-FSR,85291,False
651183,SSE-HT,82583,False
651183,SSE-HT,82582,False
651183,SSE-HT,82581,False
651183,SSE-HT,82579,False
651183,SSE-HT,82578,False
651183,SSE-HT,82575,False
651184,SSE-HT,82576,False
651184,SSE-HT,82580,False
651184,SSE-HT,82577,False
651184,SSE-HT,82574,False
651185,SSE-KRAS,84275,False
651185,SSE-KRAS,84274,False
651185,SSE-KRAS,84273,False
651185,SSE-KRAS,84272,False
651185,SSE-KRAS,84271,False
651185,SSE-KRAS,84269,False
651185,SSE-KRAS,84267,False
651185,SSE-KRAS,84266,False
651185,SSE-KRAS,84270,False
651185,SSE-KRAS,84268,False
651185,SSE-SIMP,86236,False
651185,SSE-SIMP,86230,False
651185,SSE-SIMP,86229,False
651185,SSE-SIMP,86228,False
651185,SSE-SIMP,86232,False
651185,SSE-SIMP,86231,False
651185,SSE-SIMP,86235,False
651185,SSE-SIMP,86233,False
651185,SSE-SIMP,86234,False
651185,SSE-SIMP,86227,False
651185,SSE-ZABA,83741,False
651185,SSE-ZABA,83739,False
651186,SSE-ZABA,83737,False
651186,SSE-ZABA,83735,False
651186,SSE-ZABA,83738,False
651186,SSE-ZABA,83736,False
651186,SSE-ZABA,83742,False
651186,SSE-ZABA,83740,False
651186,SSE-ZABA,83744,False
651186,SSE-ZABA,83743,False
651260,SSE-SIMP,86253,False
651283,SSE-CARD,99489,False
651283,SSE-CARD,99485,False
651283,SSE-CARD,99493,False
651283,SSE-CARD,99491,False
651283,SSE-CARD,99490,False
651283,SSE-CARD,99488,False
651283,SSE-CARD,99487,False
651284,SSE-CARD,99492,False
651285,SSE-FSR,85306,False
651285,SSE-FSR,85301,False
651285,SSE-FSR,85300,False
651285,SSE-FSR,85299,False
651285,SSE-FSR,85305,False
651285,SSE-FSR,85303,False
651285,SSE-FSR,85302,False
651285,SSE-FSR,85304,False
651285,SSE-FSR,85308,False
651285,SSE-FSR,85307,False
651285,SSE-HT,82593,False
651285,SSE-HT,82592,False
651286,SSE-HT,82590,False
651286,SSE-HT,82588,False
651286,SSE-HT,82587,False
651286,SSE-HT,82585,False
651286,SSE-HT,82591,False
651286,SSE-HT,82594,False
651286,SSE-HT,82586,False
651287,SSE-HT,82589,False
651287,SSE-KRAS,84285,False
651287,SSE-KRAS,84284,False
651287,SSE-KRAS,84283,False
651287,SSE-KRAS,84281,False
651287,SSE-KRAS,84277,False
651287,SSE-KRAS,84279,False
651288,SSE-KRAS,84286,False
651288,SSE-KRAS,84278,False
651288,SSE-KRAS,84282,False
651288,SSE-KRAS,84280,False
651288,SSE-SIMP,86246,False
651288,SSE-SIMP,86245,False
651288,SSE-SIMP,86242,False
651288,SSE-SIMP,86238,False
651288,SSE-SIMP,86240,False
651288,SSE-SIMP,86243,False
651288,SSE-SIMP,86241,False
651288,SSE-SIMP,86239,False
651288,SSE-SIMP,86247,False
651288,SSE-SIMP,86244,False
651289,SSE-ZABA,83755,False
651289,SSE-ZABA,83754,False
651289,SSE-ZABA,83753,False
651289,SSE-ZABA,83747,False
651289,SSE-ZABA,83751,False
651289,SSE-ZABA,83749,False
651289,SSE-ZABA,83752,False
651289,SSE-ZABA,83750,False
651289,SSE-ZABA,83746,False
651289,SSE-ZABA,83748,False
651330,SSE-KRAS,84299,False
651367,SSE-CARD,99512,False
651367,SSE-CARD,99514,False
651367,SSE-CARD,99515,False
651384,SSE-CARD,99507,False
651384,SSE-CARD,99505,False
651384,SSE-CARD,99503,False
651384,SSE-CARD,99509,False
651385,SSE-CARD,99504,False
651385,SSE-CARD,99506,False
651385,SSE-CARD,99508,False
651385,SSE-CARD,99502,False
651385,SSE-CARD,99501,False
651386,SSE-FSR,85321,False
651386,SSE-FSR,85320,False
651386,SSE-FSR,85319,False
651386,SSE-FSR,85317,False
651386,SSE-FSR,85315,False
651386,SSE-FSR,85314,False
651386,SSE-FSR,85312,False
651386,SSE-FSR,85318,False
651386,SSE-FSR,85316,False
651387,SSE-HT,82605,False
651387,SSE-HT,82603,False
651387,SSE-HT,82602,False
651387,SSE-HT,82601,False
651387,SSE-HT,82600,False
651387,SSE-HT,82598,False
651388,SSE-HT,82597,False
651388,SSE-HT,82604,False
651388,SSE-HT,82599,False
651389,SSE-KRAS,84297,False
651389,SSE-KRAS,84295,False
651389,SSE-KRAS,84293,False
651389,SSE-KRAS,84291,False
651389,SSE-KRAS,84289,False
651389,SSE-KRAS,84296,False
651389,SSE-KRAS,84294,False
651389,SSE-KRAS,84292,False
651389,SSE-KRAS,84298,False
651389,SSE-KRAS,84290,False
651390,SSE-SIMP,86262,False
651390,SSE-SIMP,86258,False
651390,SSE-SIMP,86256,False
651390,SSE-SIMP,86254,False
651390,SSE-SIMP,86260,False
651390,SSE-SIMP,86263,False
651390,SSE-SIMP,86257,False
651390,SSE-SIMP,86255,False
651390,SSE-SIMP,86261,False
651390,SSE-SIMP,86259,False
651390,SSE-ZABA,83769,False
651390,SSE-ZABA,83768,False
651390,SSE-ZABA,83767,False
651390,SSE-ZABA,83764,False
651390,SSE-ZABA,83762,False
651390,SSE-ZABA,83761,False
651390,SSE-ZABA,83760,False
651390,SSE-ZABA,83763,False
651390,SSE-ZABA,83765,False
651391,SSE-ZABA,83766,False
651391,SSE-CARD,99528,False
651391,SSE-CARD,99529,False
651391,SSE-CARD,99530,False
651391,SSE-CARD,99531,False
651391,SSE-CARD,99532,False
651391,SSE-CARD,99533,False
651391,SSE-CARD,99534,False
651416,SSE-CARD,99535,False
651445,SSE-CARD,99537,False
651453,SSE-CARD,99538,False
651483,SSE-CARD,99523,False
651483,SSE-CARD,99521,False
651483,SSE-CARD,99519,False
651483,SSE-CARD,99518,False
651483,SSE-CARD,99527,False
651483,SSE-CARD,99525,False
651483,SSE-CARD,99524,False
651483,SSE-CARD,99526,False
651483,SSE-CARD,99520,False
651483,SSE-CARD,99522,False
651483,SSE-FSR,85331,False
651483,SSE-FSR,85329,False
651483,SSE-FSR,85328,False
651483,SSE-FSR,85326,False
651483,SSE-FSR,85324,False
651483,SSE-FSR,85323,False
651483,SSE-FSR,85327,False
651483,SSE-FSR,85325,False
651483,SSE-FSR,85330,False
651483,SSE-FSR,85332,False
651485,SSE-HT,82615,False
651485,SSE-HT,82613,False
651485,SSE-HT,82611,False
651485,SSE-HT,82612,False
651486,SSE-HT,82610,False
651486,SSE-HT,82608,False
651486,SSE-HT,82607,False
651487,SSE-HT,82614,False
651487,SSE-HT,82616,False
651487,SSE-HT,82609,False
651487,SSE-KRAS,84311,False
651487,SSE-KRAS,84305,False
651487,SSE-KRAS,84303,False
651487,SSE-KRAS,84310,False
651488,SSE-KRAS,84308,False
651488,SSE-KRAS,84307,False
651488,SSE-KRAS,84304,False
651488,SSE-KRAS,84306,False
651488,SSE-KRAS,84302,False
651488,SSE-KRAS,84309,False
651488,SSE-SIMP,86274,False
651488,SSE-SIMP,86272,False
651488,SSE-SIMP,86268,False
651488,SSE-SIMP,86266,False
651488,SSE-SIMP,86271,False
651488,SSE-SIMP,86269,False
651488,SSE-SIMP,86275,False
651488,SSE-SIMP,86270,False
651488,SSE-SIMP,86273,False
651488,SSE-ZABA,83774,False
651488,SSE-ZABA,83773,False
651488,SSE-ZABA,83772,False
651488,SSE-ZABA,83771,False
651488,SSE-ZABA,83770,False
651488,SSE-ZABA,83775,False
651489,SSE-ZABA,83778,False
651489,SSE-ZABA,83776,False
651489,SSE-ZABA,83779,False
651489,SSE-ZABA,83777,False
651546,SSE-CARD,99552,False
651546,SSE-KRAS,84323,False
651582,SSE-CARD,99548,False
651582,SSE-CARD,99546,False
651582,SSE-CARD,99545,False
651582,SSE-CARD,99544,False
651582,SSE-CARD,99542,False
651582,SSE-CARD,99550,False
651582,SSE-CARD,99549,False
651582,SSE-CARD,99547,False
651582,SSE-CARD,99543,False
651582,SSE-CARD,99541,False
651583,SSE-FSR,85339,False
651583,SSE-FSR,85337,False
651583,SSE-FSR,85335,False
651583,SSE-FSR,85334,False
651583,SSE-FSR,85333,False
651583,SSE-FSR,85341,False
651583,SSE-FSR,85336,False
651583,SSE-FSR,85340,False
651583,SSE-FSR,85338,False
651583,SSE-FSR,85342,False
651583,SSE-HT,82627,False
651583,SSE-HT,82626,False
651583,SSE-HT,82625,False
651583,SSE-HT,82624,False
651583,SSE-HT,82623,False
651583,SSE-HT,82622,False
651583,SSE-HT,82621,False
651583,SSE-HT,82620,False
651583,SSE-HT,82619,False
651584,SSE-HT,82618,False
651585,SSE-KRAS,84318,False
651585,SSE-KRAS,84316,False
651585,SSE-KRAS,84315,False
651585,SSE-KRAS,84313,False
651585,SSE-KRAS,84322,False
651585,SSE-KRAS,84320,False
651585,SSE-KRAS,84321,False
651585,SSE-KRAS,84319,False
651585,SSE-KRAS,84317,False
651585,SSE-KRAS,84314,False
651585,SSE-SIMP,86285,False
651585,SSE-SIMP,86283,False
651585,SSE-SIMP,86277,False
651585,SSE-SIMP,86279,False
651585,SSE-SIMP,86280,False
651585,SSE-SIMP,86278,False
651585,SSE-SIMP,86281,False
651585,SSE-SIMP,86282,False
651585,SSE-SIMP,86284,False
651585,SSE-SIMP,86276,False
651585,SSE-ZABA,83789,False
651585,SSE-ZABA,83786,False
651585,SSE-ZABA,83784,False
651585,SSE-ZABA,83782,False
651585,SSE-ZABA,83788,False
651586,SSE-ZABA,83787,False
651586,SSE-ZABA,83785,False
651586,SSE-ZABA,83783,False
651586,SSE-ZABA,83790,False
651589,SSE-SIMP,86298,False
651682,SSE-CARD,99564,False
651682,SSE-CARD,99562,False
651682,SSE-CARD,99560,False
651682,SSE-CARD,99558,False
651682,SSE-CARD,99556,False
651682,SSE-CARD,99557,False
651682,SSE-CARD,99561,False
651682,SSE-CARD,99559,False
651682,SSE-CARD,99563,False
651683,SSE-FSR,85347,False
651683,SSE-FSR,85343,False
651683,SSE-FSR,85345,False
651683,SSE-FSR,85348,False
651683,SSE-FSR,85346,False
651683,SSE-FSR,85344,False
651683,SSE-FSR,85351,False
651683,SSE-FSR,85352,False
651683,SSE-FSR,85349,False
651683,SSE-FSR,85350,False
651683,SSE-HT,82637,False
651683,SSE-HT,82636,False
651683,SSE-HT,82634,False
651683,SSE-HT,82632,False
651683,SSE-HT,82630,False
651683,SSE-HT,82633,False
651683,SSE-HT,82631,False
651683,SSE-HT,82629,False
651684,SSE-HT,82628,False
651685,SSE-HT,82635,False
651685,SSE-KRAS,84333,False
651685,SSE-KRAS,84331,False
651685,SSE-KRAS,84329,False
651685,SSE-KRAS,84327,False
651685,SSE-KRAS,84326,False
651685,SSE-KRAS,84324,False
651685,SSE-KRAS,84330,False
651685,SSE-KRAS,84328,False
651685,SSE-KRAS,84332,False
651685,SSE-KRAS,84325,False
651685,SSE-SIMP,86289,False
651685,SSE-SIMP,86295,False
651685,SSE-SIMP,86291,False
651685,SSE-SIMP,86294,False
651685,SSE-SIMP,86292,False
651685,SSE-SIMP,86290,False
651685,SSE-SIMP,86287,False
651685,SSE-SIMP,86293,False
651686,SSE-SIMP,86296,False
651686,SSE-ZABA,83801,False
651686,SSE-ZABA,83799,False
651686,SSE-ZABA,83797,False
651686,SSE-ZABA,83795,False
651686,SSE-ZABA,83793,False
651686,SSE-ZABA,83792,False
651686,SSE-ZABA,83798,False
651686,SSE-ZABA,83800,False
651686,SSE-ZABA,83796,False
651686,SSE-ZABA,83794,False
651708,SSE-CARD,98949,False
651753,SSE-CARD,99586,False
651761,SSE-SIMP,86315,False
651782,SSE-CARD,99579,False
651782,SSE-CARD,99577,False
651782,SSE-CARD,99576,False
651782,SSE-CARD,99574,False
651782,SSE-CARD,99572,False
651782,SSE-CARD,99573,False
651782,SSE-CARD,99571,False
651782,SSE-CARD,99580,False
651783,SSE-CARD,99578,False
651783,SSE-CARD,99575,False
651783,SSE-FSR,85363,False
651783,SSE-FSR,85362,False
651783,SSE-FSR,85361,False
651783,SSE-FSR,85360,False
651783,SSE-FSR,85359,False
651783,SSE-FSR,85358,False
651783,SSE-FSR,85357,False
651783,SSE-FSR,85356,False
651783,SSE-FSR,85354,False
651783,SSE-FSR,85355,False
651783,SSE-HT,82649,False
651783,SSE-HT,82646,False
651783,SSE-HT,82645,False
651783,SSE-HT,82643,False
651783,SSE-HT,82642,False
651784,SSE-HT,82647,False
651784,SSE-HT,82644,False
651784,SSE-HT,82648,False
651784,SSE-HT,82650,False
651785,SSE-KRAS,84345,False
651785,SSE-KRAS,84343,False
651785,SSE-KRAS,84341,False
651785,SSE-KRAS,84340,False
651785,SSE-KRAS,84339,False
651785,SSE-KRAS,84338,False
651785,SSE-KRAS,84337,False
651785,SSE-KRAS,84346,False
651785,SSE-KRAS,84344,False
651785,SSE-KRAS,84342,False
651785,SSE-SIMP,86308,False
651785,SSE-SIMP,86306,False
651785,SSE-SIMP,86310,False
651785,SSE-SIMP,86307,False
651785,SSE-SIMP,86305,False
651785,SSE-SIMP,86304,False
651785,SSE-SIMP,86312,False
651785,SSE-SIMP,86313,False
651785,SSE-SIMP,86311,False
651785,SSE-SIMP,86309,False
651785,SSE-ZABA,83812,False
651785,SSE-ZABA,83811,False
651785,SSE-ZABA,83810,False
651785,SSE-ZABA,83809,False
651785,SSE-ZABA,83807,False
651785,SSE-ZABA,83803,False
651786,SSE-ZABA,83808,False
651786,SSE-ZABA,83804,False
651786,SSE-ZABA,83806,False
651786,SSE-ZABA,83805,False
651799,SSE-KRAS,84358,False
651816,SSE-CARD,99598,False
651821,SSE-CARD,99321,False
651823,SSE-SIMP,86330,False
651830,SSE-CARD,99599,False
651845,SSE-CARD,99600,False
651879,SSE-CARD,99603,False
651882,SSE-CARD,99596,False
651882,SSE-CARD,99594,False
651882,SSE-CARD,99592,False
651882,SSE-CARD,99590,False
651882,SSE-CARD,99588,False
651883,SSE-CARD,99595,False
651883,SSE-CARD,99591,False
651883,SSE-CARD,99589,False
651883,SSE-CARD,99593,False
651883,SSE-FSR,85375,False
651883,SSE-FSR,85374,False
651883,SSE-FSR,85373,False
651883,SSE-FSR,85372,False
651883,SSE-FSR,85371,False
651883,SSE-FSR,85369,False
651883,SSE-FSR,85367,False
651883,SSE-FSR,85370,False
651883,SSE-FSR,85368,False
651884,SSE-FSR,85366,False
651884,SSE-HT,82657,False
651884,SSE-HT,82655,False
651884,SSE-HT,82653,False
651884,SSE-HT,82652,False
651884,SSE-HT,82659,False
651885,SSE-HT,82654,False
651885,SSE-HT,82660,False
651885,SSE-HT,82656,False
651885,SSE-HT,82658,False
651885,SSE-KRAS,84356,False
651885,SSE-KRAS,84355,False
651885,SSE-KRAS,84354,False
651885,SSE-KRAS,84351,False
651885,SSE-KRAS,84349,False
651885,SSE-KRAS,84350,False
651885,SSE-KRAS,84348,False
651885,SSE-KRAS,84352,False
651886,SSE-KRAS,84357,False
651886,SSE-KRAS,84353,False
651886,SSE-SIMP,86324,False
651886,SSE-SIMP,86322,False
651886,SSE-SIMP,86320,False
651886,SSE-SIMP,86318,False
651886,SSE-SIMP,86327,False
651886,SSE-SIMP,86323,False
651886,SSE-SIMP,86325,False
651886,SSE-SIMP,86326,False
651886,SSE-SIMP,86321,False
651886,SSE-ZABA,83820,False
651886,SSE-ZABA,83815,False
651886,SSE-ZABA,83814,False
651886,SSE-ZABA,83816,False
651886,SSE-ZABA,83818,False
651886,SSE-ZABA,83817,False
651887,SSE-ZABA,83823,False
651887,SSE-ZABA,83822,False
651887,SSE-ZABA,83819,False
651887,SSE-ZABA,83821,False
651926,SSE-CARD,99614,False
651943,SSE-KRAS,84371,False
651955,SSE-CARD,99615,False
651982,SSE-CARD,99608,False
651982,SSE-CARD,99606,False
651982,SSE-CARD,99612,False
651982,SSE-CARD,99610,False
651982,SSE-CARD,99611,False
651982,SSE-CARD,99609,False
651982,SSE-CARD,99607,False
651982,SSE-CARD,99605,False
651982,SSE-CARD,99613,False
651983,SSE-FSR,85386,False
651983,SSE-FSR,85385,False
651983,SSE-FSR,85380,False
651983,SSE-FSR,85378,False
651983,SSE-FSR,85377,False
651983,SSE-FSR,85384,False
651983,SSE-FSR,85381,False
651983,SSE-FSR,85379,False
651983,SSE-FSR,85383,False
651983,SSE-FSR,85382,False
651983,SSE-HT,82665,False
651983,SSE-HT,82662,False
651983,SSE-HT,82670,False
651984,SSE-HT,82669,False
651984,SSE-HT,82667,False
651984,SSE-HT,82664,False
651984,SSE-HT,82668,False
651984,SSE-HT,82666,False
651984,SSE-HT,82663,False
651984,SSE-HT,82671,False
651985,SSE-KRAS,84369,False
651985,SSE-KRAS,84368,False
651985,SSE-KRAS,84367,False
651985,SSE-KRAS,84365,False
651985,SSE-KRAS,84363,False
651985,SSE-KRAS,84362,False
651985,SSE-KRAS,84361,False
651985,SSE-KRAS,84366,False
651985,SSE-KRAS,84364,False
651985,SSE-KRAS,84370,False
651985,SSE-SIMP,86338,False
651985,SSE-SIMP,86337,False
651985,SSE-SIMP,86336,False
651985,SSE-SIMP,86335,False
651985,SSE-SIMP,86332,False
651985,SSE-SIMP,86340,False
651985,SSE-SIMP,86341,False
651985,SSE-SIMP,86333,False
651985,SSE-SIMP,86339,False
651985,SSE-SIMP,86334,False
651986,SSE-ZABA,83833,False
651986,SSE-ZABA,83832,False
651986,SSE-ZABA,83829,False
651986,SSE-ZABA,83827,False
651986,SSE-ZABA,83825,False
651986,SSE-ZABA,83831,False
651986,SSE-ZABA,83824,False
651986,SSE-ZABA,83826,False
651986,SSE-ZABA,83828,False
651986,SSE-ZABA,83830,False
652028,SSE-SIMP,86356,False
652045,SSE-CARD,99628,False
652046,SSE-CARD,99629,False
652046,SSE-FSR,85398,False
652082,SSE-CARD,99621,False
652082,SSE-CARD,99617,False
652082,SSE-CARD,99626,False
652082,SSE-CARD,99624,False
652082,SSE-CARD,99623,False
652082,SSE-CARD,99622,False
652082,SSE-CARD,99625,False
652082,SSE-CARD,99618,False
652082,SSE-CARD,99620,False
652082,SSE-CARD,99619,False
652083,SSE-FSR,85392,False
652083,SSE-FSR,85390,False
652083,SSE-FSR,85389,False
652083,SSE-FSR,85388,False
652083,SSE-FSR,85397,False
652083,SSE-FSR,85394,False
652083,SSE-FSR,85393,False
652083,SSE-FSR,85391,False
652083,SSE-FSR,85395,False
652083,SSE-FSR,85396,False
652083,SSE-HT,82680,False
652083,SSE-HT,82677,False
652083,SSE-HT,82675,False
652083,SSE-HT,82674,False
652083,SSE-HT,82679,False
652083,SSE-HT,82673,False
652084,SSE-HT,82682,False
652084,SSE-HT,82681,False
652084,SSE-HT,82678,False
652084,SSE-HT,82676,False
652085,SSE-KRAS,84381,False
652085,SSE-KRAS,84380,False
652085,SSE-KRAS,84379,False
652085,SSE-KRAS,84375,False
652085,SSE-KRAS,84373,False
652085,SSE-KRAS,84377,False
652085,SSE-KRAS,84374,False
652085,SSE-KRAS,84378,False
652085,SSE-KRAS,84376,False
652085,SSE-KRAS,84372,False
652085,SSE-SIMP,86354,False
652085,SSE-SIMP,86353,False
652085,SSE-SIMP,86352,False
652085,SSE-SIMP,86350,False
652085,SSE-SIMP,86349,False
652085,SSE-SIMP,86348,False
652085,SSE-SIMP,86347,False
652085,SSE-SIMP,86346,False
652085,SSE-SIMP,86345,False
652085,SSE-SIMP,86351,False
652085,SSE-ZABA,83842,False
652085,SSE-ZABA,83841,False
652085,SSE-ZABA,83839,False
652085,SSE-ZABA,83838,False
652085,SSE-ZABA,83835,False
652085,SSE-ZABA,83840,False
652086,SSE-ZABA,83843,False
652086,SSE-ZABA,83834,False
652086,SSE-ZABA,83836,False
652086,SSE-ZABA,83837,False
652115,SSE-CARD,99640,False
652182,SSE-CARD,99630,False
652182,SSE-CARD,99636,False
652182,SSE-CARD,99634,False
652182,SSE-CARD,99638,False
652182,SSE-CARD,99631,False
652182,SSE-CARD,99635,False
652182,SSE-CARD,99632,False
652182,SSE-CARD,99639,False
652182,SSE-CARD,99637,False
652183,SSE-CARD,99633,False
652183,SSE-FSR,85405,False
652183,SSE-FSR,85404,False
652183,SSE-FSR,85403,False
652183,SSE-FSR,85402,False
652183,SSE-FSR,85399,False
652183,SSE-FSR,85406,False
652183,SSE-FSR,85400,False
652183,SSE-FSR,85408,False
652183,SSE-FSR,85401,False
652183,SSE-FSR,85407,False
652183,SSE-HT,82689,False
652183,SSE-HT,82687,False
652183,SSE-HT,82686,False
652184,SSE-HT,82685,False
652184,SSE-HT,82690,False
652184,SSE-HT,82683,False
652184,SSE-HT,82691,False
652184,SSE-HT,82688,False
652184,SSE-HT,82692,False
652185,SSE-HT,82684,False
652185,SSE-KRAS,84392,False
652185,SSE-KRAS,84391,False
652185,SSE-KRAS,84389,False
652185,SSE-KRAS,84386,False
652185,SSE-KRAS,84390,False
652185,SSE-KRAS,84385,False
652185,SSE-KRAS,84387,False
652185,SSE-KRAS,84383,False
652185,SSE-KRAS,84388,False
652185,SSE-SIMP,86366,False
652185,SSE-SIMP,86365,False
652185,SSE-SIMP,86363,False
652185,SSE-SIMP,86362,False
652185,SSE-SIMP,86359,False
652185,SSE-SIMP,86358,False
652185,SSE-SIMP,86357,False
652185,SSE-SIMP,86360,False
652185,SSE-SIMP,86364,False
652185,SSE-SIMP,86361,False
652186,SSE-ZABA,83853,False
652186,SSE-ZABA,83852,False
652186,SSE-ZABA,83851,False
652186,SSE-ZABA,83849,False
652186,SSE-ZABA,83848,False
652186,SSE-ZABA,83845,False
652186,SSE-ZABA,83844,False
652186,SSE-ZABA,83850,False
652186,SSE-ZABA,83847,False
652186,SSE-ZABA,83846,False
652242,SSE-HT,82703,False
652245,SSE-SIMP,86379,False
652266,SSE-KRAS,84405,False
652282,SSE-CARD,99643,False
652282,SSE-CARD,99652,False
652282,SSE-CARD,99650,False
652282,SSE-CARD,99647,False
652282,SSE-CARD,99645,False
652282,SSE-CARD,99651,False
652282,SSE-CARD,99646,False
652282,SSE-CARD,99648,False
652282,SSE-CARD,99644,False
652282,SSE-CARD,99649,False
652283,SSE-FSR,85418,False
652283,SSE-FSR,85417,False
652283,SSE-FSR,85416,False
652283,SSE-FSR,85415,False
652283,SSE-FSR,85413,False
652283,SSE-FSR,85411,False
652283,SSE-FSR,85419,False
652283,SSE-FSR,85420,False
652283,SSE-FSR,85412,False
652283,SSE-FSR,85414,False
652283,SSE-HT,82701,False
652283,SSE-HT,82693,False
652283,SSE-HT,82695,False
652283,SSE-HT,82697,False
652283,SSE-HT,82700,False
652283,SSE-HT,82698,False
652283,SSE-HT,82696,False
652283,SSE-HT,82699,False
652284,SSE-HT,82702,False
652284,SSE-HT,82694,False
652285,SSE-KRAS,84402,False
652285,SSE-KRAS,84395,False
652285,SSE-KRAS,84401,False
652285,SSE-KRAS,84397,False
652285,SSE-KRAS,84394,False
652285,SSE-KRAS,84396,False
652285,SSE-KRAS,84403,False
652285,SSE-KRAS,84399,False
652285,SSE-KRAS,84398,False
652285,SSE-KRAS,84400,False
652285,SSE-SIMP,86378,False
652285,SSE-SIMP,86377,False
652285,SSE-SIMP,86376,False
652285,SSE-SIMP,86370,False
652285,SSE-SIMP,86369,False
652285,SSE-SIMP,86371,False
652285,SSE-SIMP,86375,False
652285,SSE-SIMP,86373,False
652285,SSE-SIMP,86374,False
652285,SSE-SIMP,86372,False
652285,SSE-ZABA,83864,False
652285,SSE-ZABA,83863,False
652285,SSE-ZABA,83862,False
652285,SSE-ZABA,83861,False
652285,SSE-ZABA,83858,False
652285,SSE-ZABA,83856,False
652286,SSE-ZABA,83857,False
652286,SSE-ZABA,83855,False
652286,SSE-ZABA,83860,False
652286,SSE-ZABA,83859,False
652287,SSE-KRAS,84416,False
652382,SSE-CARD,99663,False
652382,SSE-CARD,99656,False
652382,SSE-CARD,99662,False
652382,SSE-CARD,99658,False
652382,SSE-CARD,99657,False
652382,SSE-CARD,99664,False
652382,SSE-CARD,99660,False
652382,SSE-CARD,99659,False
652382,SSE-CARD,99661,False
652383,SSE-FSR,85430,False
652383,SSE-FSR,85428,False
652383,SSE-FSR,85426,False
652383,SSE-FSR,85424,False
652383,SSE-FSR,85422,False
652383,SSE-FSR,85425,False
652383,SSE-FSR,85423,False
652383,SSE-FSR,85431,False
652383,SSE-FSR,85429,False
652383,SSE-FSR,85427,False
652383,SSE-HT,82711,False
652383,SSE-HT,82709,False
652383,SSE-HT,82706,False
652383,SSE-HT,82710,False
652383,SSE-HT,82708,False
652384,SSE-HT,82707,False
652384,SSE-HT,82713,False
652384,SSE-HT,82714,False
652384,SSE-HT,82712,False
652385,SSE-KRAS,84414,False
652385,SSE-KRAS,84413,False
652385,SSE-KRAS,84412,False
652385,SSE-KRAS,84411,False
652385,SSE-KRAS,84409,False
652385,SSE-KRAS,84406,False
652385,SSE-KRAS,84408,False
652385,SSE-KRAS,84415,False
652385,SSE-KRAS,84410,False
652385,SSE-SIMP,86390,False
652385,SSE-SIMP,86389,False
652385,SSE-SIMP,86387,False
652385,SSE-SIMP,86385,False
652385,SSE-SIMP,86383,False
652385,SSE-SIMP,86381,False
652385,SSE-SIMP,86386,False
652385,SSE-SIMP,86384,False
652385,SSE-SIMP,86388,False
652385,SSE-ZABA,83876,False
652385,SSE-ZABA,83875,False
652385,SSE-ZABA,83874,False
652385,SSE-ZABA,83873,False
652385,SSE-ZABA,83872,False
652385,SSE-ZABA,83870,False
652386,SSE-ZABA,83871,False
652386,SSE-ZABA,83867,False
652386,SSE-ZABA,83869,False
652386,SSE-ZABA,83868,False
652406,SSE-FSR,85444,False
652443,SSE-CARD,99677,False
652445,SSE-CARD,99678,False
652445,SSE-CARD,99679,False
652445,SSE-CARD,99680,False
652482,SSE-CARD,99675,False
652482,SSE-CARD,99674,False
652482,SSE-CARD,99673,False
652482,SSE-CARD,99672,False
652482,SSE-CARD,99670,False
652482,SSE-CARD,99667,False
652482,SSE-CARD,99669,False
652482,SSE-CARD,99668,False
652482,SSE-CARD,99676,False
652482,SSE-CARD,99671,False
652483,SSE-FSR,85442,False
652483,SSE-FSR,85440,False
652483,SSE-FSR,85434,False
652483,SSE-FSR,85438,False
652483,SSE-FSR,85436,False
652483,SSE-FSR,85441,False
652483,SSE-FSR,85439,False
652483,SSE-FSR,85437,False
652483,SSE-FSR,85435,False
652483,SSE-FSR,85443,False
652483,SSE-HT,82724,False
652483,SSE-HT,82718,False
652484,SSE-HT,82722,False
652484,SSE-HT,82720,False
652484,SSE-HT,82717,False
652484,SSE-HT,82719,False
652484,SSE-HT,82725,False
652484,SSE-HT,82723,False
652484,SSE-HT,82721,False
652485,SSE-KRAS,84426,False
652485,SSE-KRAS,84425,False
652485,SSE-KRAS,84424,False
652485,SSE-KRAS,84423,False
652485,SSE-KRAS,84421,False
652485,SSE-KRAS,84420,False
652485,SSE-KRAS,84418,False
652485,SSE-KRAS,84422,False
652485,SSE-KRAS,84427,False
652485,SSE-KRAS,84419,False
652485,SSE-SIMP,86399,False
652485,SSE-SIMP,86398,False
652485,SSE-SIMP,86397,False
652485,SSE-SIMP,86396,False
652485,SSE-SIMP,86395,False
652485,SSE-SIMP,86394,False
652485,SSE-SIMP,86393,False
652485,SSE-SIMP,86401,False
652485,SSE-SIMP,86392,False
652485,SSE-SIMP,86400,False
652485,SSE-ZABA,83888,False
652485,SSE-ZABA,83886,False
652485,SSE-ZABA,83885,False
652485,SSE-ZABA,83884,False
652485,SSE-ZABA,83882,False
652485,SSE-ZABA,83880,False
652485,SSE-ZABA,83881,False
652485,SSE-ZABA,83879,False
652485,SSE-ZABA,83883,False
652486,SSE-ZABA,83887,False
652486,SSE-FSR,85457,False
652576,SSE-CARD,99460,False
652582,SSE-CARD,99690,False
652582,SSE-CARD,99689,False
652582,SSE-CARD,99687,False
652582,SSE-CARD,99686,False
652582,SSE-CARD,99685,False
652582,SSE-CARD,99684,False
652582,SSE-CARD,99682,False
652582,SSE-CARD,99681,False
652582,SSE-CARD,99683,False
652582,SSE-CARD,99688,False
652583,SSE-FSR,85456,False
652583,SSE-FSR,85455,False
652583,SSE-FSR,85453,False
652583,SSE-FSR,85451,False
652583,SSE-FSR,85447,False
652583,SSE-FSR,85450,False
652583,SSE-FSR,85448,False
652583,SSE-FSR,85449,False
652583,SSE-FSR,85452,False
652583,SSE-FSR,85454,False
652583,SSE-HT,82735,False
652583,SSE-HT,82733,False
652583,SSE-HT,82728,False
652583,SSE-HT,82726,False
652583,SSE-HT,82732,False
652583,SSE-HT,82734,False
652584,SSE-HT,82727,False
652584,SSE-HT,82731,False
652584,SSE-HT,82730,False
652584,SSE-HT,82729,False
652584,SSE-KRAS,84436,False
652584,SSE-KRAS,84432,False
652584,SSE-KRAS,84430,False
652584,SSE-KRAS,84429,False
652584,SSE-KRAS,84428,False
652584,SSE-KRAS,84433,False
652584,SSE-KRAS,84435,False
652585,SSE-KRAS,84431,False
652585,SSE-KRAS,84437,False
652585,SSE-KRAS,84434,False
652585,SSE-SIMP,86413,False
652585,SSE-SIMP,86412,False
652585,SSE-SIMP,86411,False
652585,SSE-SIMP,86410,False
652585,SSE-SIMP,86409,False
652585,SSE-SIMP,86408,False
652585,SSE-SIMP,86407,False
652585,SSE-SIMP,86406,False
652585,SSE-SIMP,86405,False
652585,SSE-SIMP,86404,False
652585,SSE-ZABA,83896,False
652585,SSE-ZABA,83894,False
652585,SSE-ZABA,83893,False
652585,SSE-ZABA,83892,False
652585,SSE-ZABA,83891,False
652585,SSE-ZABA,83890,False
652585,SSE-ZABA,83889,False
652585,SSE-ZABA,83895,False
652586,SSE-ZABA,83897,False
652586,SSE-ZABA,83898,False
652586,SSE-FSR,85469,False
652644,SSE-HT,82750,False
652682,SSE-CARD,99701,False
652682,SSE-CARD,99700,False
652682,SSE-CARD,99697,False
652682,SSE-CARD,99696,False
652683,SSE-CARD,99699,False
652683,SSE-CARD,99703,False
652683,SSE-CARD,99702,False
652683,SSE-CARD,99698,False
652683,SSE-CARD,99695,False
652683,SSE-FSR,85467,False
652683,SSE-FSR,85466,False
652683,SSE-FSR,85465,False
652683,SSE-FSR,85464,False
652683,SSE-FSR,85460,False
652683,SSE-FSR,85459,False
652683,SSE-FSR,85461,False
652683,SSE-FSR,85468,False
652683,SSE-FSR,85462,False
652683,SSE-FSR,85463,False
652684,SSE-HT,82746,False
652684,SSE-HT,82745,False
652684,SSE-HT,82739,False
652684,SSE-HT,82741,False
652684,SSE-HT,82747,False
652684,SSE-HT,82740,False
652685,SSE-HT,82742,False
652685,SSE-HT,82744,False
652685,SSE-HT,82743,False
652685,SSE-KRAS,84449,False
652685,SSE-KRAS,84447,False
652685,SSE-KRAS,84445,False
652685,SSE-KRAS,84440,False
652685,SSE-KRAS,84443,False
652685,SSE-KRAS,84444,False
652685,SSE-KRAS,84442,False
652685,SSE-KRAS,84448,False
652685,SSE-KRAS,84446,False
652685,SSE-KRAS,84441,False
652686,SSE-SIMP,86425,False
652686,SSE-SIMP,86422,False
652686,SSE-SIMP,86421,False
652686,SSE-SIMP,86420,False
652686,SSE-SIMP,86423,False
652686,SSE-SIMP,86418,False
652686,SSE-SIMP,86416,False
652686,SSE-SIMP,86424,False
652686,SSE-ZABA,83908,False
652686,SSE-ZABA,83902,False
652686,SSE-ZABA,83903,False
652686,SSE-ZABA,83901,False
652686,SSE-ZABA,83909,False
652686,SSE-ZABA,83906,False
652686,SSE-ZABA,83907,False
652686,SSE-ZABA,83905,False
652686,SSE-ZABA,83900,False
652686,SSE-ZABA,83904,False
652700,SSE-KRAS,84464,False
652714,SSE-CARD,99724,False
652728,SSE-CARD,99725,False
652755,SSE-CARD,99728,False
652782,SSE-CARD,99721,False
652782,SSE-CARD,99719,False
652782,SSE-CARD,99718,False
652782,SSE-CARD,99714,False
652782,SSE-CARD,99712,False
652782,SSE-CARD,99716,False
652782,SSE-CARD,99720,False
652782,SSE-CARD,99717,False
652782,SSE-CARD,99715,False
652782,SSE-CARD,99713,False
652783,SSE-FSR,85472,False
652783,SSE-FSR,85476,False
652783,SSE-FSR,85474,False
652783,SSE-FSR,85473,False
652783,SSE-FSR,85479,False
652783,SSE-FSR,85477,False
652783,SSE-FSR,85475,False
652783,SSE-FSR,85471,False
652783,SSE-FSR,85478,False
652783,SSE-FSR,85480,False
652783,SSE-HT,82757,False
652783,SSE-HT,82755,False
652783,SSE-HT,82753,False
652783,SSE-HT,82751,False
652784,SSE-HT,82756,False
652784,SSE-HT,82754,False
652784,SSE-HT,82752,False
652784,SSE-HT,82758,False
652784,SSE-HT,82760,False
652784,SSE-HT,82759,False
652785,SSE-KRAS,84463,False
652785,SSE-KRAS,84460,False
652785,SSE-KRAS,84458,False
652785,SSE-KRAS,84457,False
652785,SSE-KRAS,84462,False
652785,SSE-KRAS,84455,False
652785,SSE-KRAS,84461,False
652785,SSE-KRAS,84459,False
652785,SSE-KRAS,84456,False
652785,SSE-KRAS,84454,False
652785,SSE-SIMP,86437,False
652785,SSE-SIMP,86436,False
652785,SSE-SIMP,86435,False
652785,SSE-SIMP,86434,False
652785,SSE-SIMP,86433,False
652785,SSE-SIMP,86432,False
652785,SSE-SIMP,86431,False
652785,SSE-SIMP,86430,False
652785,SSE-SIMP,86429,False
652785,SSE-SIMP,86428,False
652786,SSE-ZABA,83916,False
652786,SSE-ZABA,83914,False
652786,SSE-ZABA,83912,False
652786,SSE-ZABA,83910,False
652786,SSE-ZABA,83917,False
652786,SSE-ZABA,83919,False
652786,SSE-ZABA,83918,False
652786,SSE-ZABA,83911,False
652786,SSE-ZABA,83913,False
652786,SSE-ZABA,83915,False
652845,SSE-CARD,99739,False
652846,SSE-CARD,99740,False
652849,SSE-FSR,85492,False
652879,SSE-CARD,99743,False
652879,SSE-FSR,85494,False
652879,SSE-CARD,99744,False
652883,SSE-CARD,99735,False
652883,SSE-CARD,99732,False
652883,SSE-CARD,99729,False
652883,SSE-CARD,99730,False
652883,SSE-CARD,99736,False
652883,SSE-CARD,99731,False
652883,SSE-CARD,99737,False
652884,SSE-CARD,99734,False
652884,SSE-CARD,99738,False
652884,SSE-CARD,99733,False
652884,SSE-FSR,85491,False
652884,SSE-FSR,85490,False
652884,SSE-FSR,85487,False
652884,SSE-FSR,85485,False
652884,SSE-FSR,85483,False
652884,SSE-FSR,85482,False
652884,SSE-FSR,85489,False
652884,SSE-FSR,85486,False
652884,SSE-FSR,85484,False
652884,SSE-FSR,85488,False
652885,SSE-HT,82770,False
652885,SSE-HT,82768,False
652885,SSE-HT,82762,False
652886,SSE-HT,82766,False
652886,SSE-HT,82764,False
652886,SSE-HT,82771,False
652886,SSE-HT,82763,False
652886,SSE-HT,82767,False
652886,SSE-HT,82769,False
652887,SSE-HT,82765,False
652887,SSE-KRAS,84467,False
652887,SSE-KRAS,84466,False
652887,SSE-KRAS,84474,False
652887,SSE-KRAS,84471,False
652887,SSE-KRAS,84468,False
652887,SSE-KRAS,84469,False
652887,SSE-KRAS,84475,False
652887,SSE-KRAS,84470,False
652887,SSE-KRAS,84473,False
652887,SSE-KRAS,84472,False
652888,SSE-SIMP,86448,False
652888,SSE-SIMP,86446,False
652888,SSE-SIMP,86444,False
652888,SSE-SIMP,86443,False
652888,SSE-SIMP,86441,False
652888,SSE-SIMP,86440,False
652888,SSE-SIMP,86439,False
652888,SSE-SIMP,86442,False
652888,SSE-SIMP,86445,False
652888,SSE-SIMP,86447,False
652888,SSE-ZABA,83930,False
652888,SSE-ZABA,83928,False
652888,SSE-ZABA,83927,False
652888,SSE-ZABA,83926,False
652888,SSE-ZABA,83924,False
652888,SSE-ZABA,83922,False
652888,SSE-ZABA,83923,False
652888,SSE-ZABA,83921,False
652888,SSE-ZABA,83929,False
652888,SSE-ZABA,83925,False
652916,SSE-CARD,99755,False
652936,SSE-CARD,99756,False
652943,SSE-FSR,85507,False
652943,SSE-CARD,99757,False
652945,SSE-KRAS,84489,False
652959,SSE-CARD,99758,False
652965,SSE-CARD,99759,False
652983,SSE-CARD,99753,False
652983,SSE-CARD,99752,False
652983,SSE-CARD,99745,False
652983,SSE-CARD,99749,False
652983,SSE-CARD,99754,False
652983,SSE-CARD,99747,False
652983,SSE-CARD,99750,False
652983,SSE-CARD,99751,False
652983,SSE-FSR,85506,False
652983,SSE-FSR,85504,False
652983,SSE-FSR,85500,False
652983,SSE-FSR,85499,False
652983,SSE-FSR,85498,False
652983,SSE-FSR,85502,False
652983,SSE-FSR,85505,False
652983,SSE-FSR,85503,False
652984,SSE-FSR,85497,False
652984,SSE-FSR,85501,False
652984,SSE-HT,82778,False
652986,SSE-HT,82780,False
652986,SSE-HT,82782,False
652986,SSE-HT,82781,False
652986,SSE-HT,82773,False
652986,SSE-HT,82777,False
652986,SSE-HT,82775,False
652986,SSE-HT,82774,False
652986,SSE-HT,82779,False
652986,SSE-HT,82776,False
652987,SSE-KRAS,84482,False
652987,SSE-KRAS,84480,False
652987,SSE-KRAS,84484,False
652987,SSE-KRAS,84481,False
652987,SSE-KRAS,84488,False
652987,SSE-KRAS,84479,False
652987,SSE-KRAS,84486,False
652987,SSE-KRAS,84487,False
652987,SSE-KRAS,84485,False
652987,SSE-KRAS,84483,False
652987,SSE-SIMP,86451,False
652987,SSE-SIMP,86450,False
652987,SSE-SIMP,86454,False
652987,SSE-SIMP,86452,False
652987,SSE-SIMP,86456,False
652987,SSE-SIMP,86455,False
652987,SSE-SIMP,86453,False
652987,SSE-SIMP,86457,False
652987,SSE-SIMP,86459,False
652987,SSE-SIMP,86458,False
652988,SSE-ZABA,83939,False
652988,SSE-ZABA,83937,False
652988,SSE-ZABA,83938,False
652988,SSE-ZABA,83931,False
652988,SSE-ZABA,83935,False
652988,SSE-ZABA,83933,False
652988,SSE-ZABA,83936,False
652988,SSE-ZABA,83934,False
652988,SSE-ZABA,83932,False
652988,SSE-ZABA,83940,False
653031,SSE-FSR,85518,False
653045,SSE-CARD,99771,False
653046,SSE-CARD,99772,False
653046,SSE-CARD,99773,False
653046,SSE-CARD,99774,False
