time,instrument,bid1_price,bid1_qty,bid2_price,bid2_qty,bid3_price,bid3_qty,ask1_price,ask1_qty,ask2_price,ask2_qty,ask3_price,ask3_qty
778442,ZSE-CARD,9567,50,9566,100,9565,150,9569,50,9570,100,9571,150
778442,ZSE-DDJH,8541,50,8540,100,8539,150,8544,50,8545,150,8546,200
778442,ZSE-DLKV,8568,50,8567,100,8566,150,8570,50,8571,100,8572,150
778442,ZSE-ETFA,8971,50,8969,100,8967,150,8975,50,8977,100,8979,150
778442,ZSE-ETFA3,8810,10,8807,50,8805,100,8811,44,8813,100,8815,150
778442,ZSE-ETFB,9266,9,9265,50,9264,101,9267,50,9268,100,9269,150
778442,ZSE-ETFB3,9375,50,9374,100,9373,150,9377,50,9378,100,9379,150
778442,ZSE-ETFSH,9765,8,9764,100,9763,150,9767,50,9768,100,9769,161
778442,ZSE-FSR,9003,49,9001,100,8999,150,9007,50,9009,100,9011,150
778442,ZSE-GOLD,9548,50,9547,100,9546,150,9550,45,9551,100,9552,150
778442,ZSE-HT,9434,50,9432,100,9430,150,9438,50,9440,100,9442,150
778442,ZSE-INA,8640,50,8638,100,8636,150,8644,38,8646,100,8648,150
778442,ZSE-JNAF,9464,50,9462,100,9460,150,9468,50,9470,100,9472,150
778442,ZSE-JZRO,9145,49,9143,100,9141,150,9151,100,9153,150,9155,200
778442,ZSE-KOTD,10886,50,10884,100,10882,150,10890,50,10892,100,10894,150
778442,ZSE-KRAS,9232,50,9230,100,9228,150,9236,50,9238,100,9240,150
778442,ZSE-KTST,8642,100,8640,150,8638,200,8648,50,8650,100,8652,150
778442,ZSE-MDKA,8632,30,8630,100,8628,150,8636,50,8638,100,8640,150
778442,ZSE-NGUP,8891,77,8889,150,8887,200,8897,50,8899,100,8901,150
778442,ZSE-OIT,9193,39,9192,100,9191,150,9195,50,9196,100,9197,150
778442,ZSE-SIMP,10036,50,10035,100,10034,150,10038,50,10039,100,10040,150
778442,ZSE-XAG,9912,50,9910,100,9908,150,9916,39,9918,100,9920,150
778442,ZSE-XFR,9253,47,9251,150,9249,200,9259,50,9261,100,9263,150
778442,ZSE-ZABA,7789,50,7788,100,7787,150,7791,50,7792,100,7793,150
778442,ZSE-ZITO,9503,50,9502,100,9501,150,9505,50,9506,100,9507,150
778542,ZSE-CARD,9566,50,9565,100,9564,150,9568,50,9569,100,9570,170
778542,ZSE-DDJH,8576,50,8575,100,8574,150,8578,50,8579,100,8580,150
778542,ZSE-DLKV,8568,50,8567,100,8566,150,8570,50,8571,100,8572,150
778542,ZSE-ETFA,8971,50,8969,100,8967,150,8975,50,8977,100,8979,150
778542,ZSE-ETFA3,8810,10,8807,50,8805,100,8811,7,8813,100,8815,150
778542,ZSE-ETFB,9269,50,9268,100,9267,150,9271,48,9272,100,9273,150
778542,ZSE-ETFB3,9375,9,9374,100,9373,150,9377,50,9378,100,9379,150
778542,ZSE-ETFSH,9764,25,9763,100,9762,150,9766,50,9767,100,9768,150
778542,ZSE-FSR,8998,50,8996,100,8994,150,9002,25,9004,100,9006,150
778542,ZSE-GOLD,9519,10,9518,50,9517,100,9520,50,9521,100,9522,150
778542,ZSE-HT,9443,50,9441,100,9439,150,9447,50,9449,100,9451,150
778542,ZSE-INA,8668,50,8666,100,8664,150,8672,50,8674,100,8676,150
778542,ZSE-JNAF,9501,50,9499,100,9497,150,9505,50,9507,100,9509,150
778542,ZSE-JZRO,9160,50,9158,100,9156,150,9164,50,9166,100,9168,150
778542,ZSE-KOTD,10902,50,10900,100,10898,150,10903,5,10906,50,10908,100
778542,ZSE-KRAS,9208,50,9206,100,9204,150,9212,40,9214,100,9216,150
778542,ZSE-KTST,8644,50,8642,100,8640,150,8648,50,8650,100,8652,150
778542,ZSE-MDKA,8650,50,8648,100,8646,150,8654,10,8656,100,8658,150
778542,ZSE-NGUP,8910,50,8908,100,8906,150,8914,50,8916,100,8918,150
778542,ZSE-OIT,9177,100,9176,50,9175,100,9179,100,9180,150,9181,200
778542,ZSE-SIMP,10003,50,10002,100,10001,150,10005,34,10006,100,10007,150
778542,ZSE-XAG,9920,50,9918,100,9916,150,9924,50,9926,100,9928,150
778542,ZSE-XFR,9240,50,9238,100,9236,150,9244,25,9246,100,9248,150
778542,ZSE-ZABA,7787,50,7786,100,7785,150,7789,50,7790,100,7791,150
778542,ZSE-ZITO,9514,50,9513,100,9512,150,9516,50,9517,100,9518,150
778642,ZSE-CARD,9569,50,9568,100,9567,150,9572,70,9573,150,9574,200
778642,ZSE-DDJH,8602,3,8601,100,8600,150,8604,50,8605,100,8606,150
778642,ZSE-DLKV,8563,50,8562,100,8561,150,8565,48,8566,100,8567,150
778642,ZSE-ETFA,8971,50,8969,100,8967,150,8977,64,8979,150,8981,200
778642,ZSE-ETFA3,8811,15,8810,10,8807,50,8813,28,8815,150,8817,200
778642,ZSE-ETFB,9269,35,9268,100,9267,150,9271,50,9272,100,9273,150
778642,ZSE-ETFB3,9375,4,9374,110,9373,150,9377,41,9378,100,9379,150
778642,ZSE-ETFSH,9764,38,9763,100,9762,150,9766,50,9767,100,9768,150
778642,ZSE-FSR,9015,49,9013,100,9011,150,9021,100,9023,150,9025,200
778642,ZSE-GOLD,9536,50,9535,100,9534,150,9538,48,9539,100,9540,150
778642,ZSE-HT,9456,50,9454,100,9452,150,9460,50,9462,100,9464,150
778642,ZSE-INA,8650,50,8648,100,8646,150,8654,50,8656,100,8658,150
778642,ZSE-JNAF,9492,50,9490,100,9488,150,9496,50,9498,100,9500,150
778642,ZSE-JZRO,9172,88,9170,150,9168,200,9178,50,9180,100,9182,150
778642,ZSE-KOTD,10932,35,10930,100,10928,150,10936,50,10938,105,10940,150
778642,ZSE-KRAS,9234,50,9232,100,9230,150,9238,50,9240,100,9242,150
778642,ZSE-KTST,8660,91,8658,150,8656,200,8666,50,8668,100,8670,150
778642,ZSE-MDKA,8717,50,8715,100,8713,150,8721,50,8723,100,8725,150
778642,ZSE-NGUP,8910,91,8908,150,8906,200,8916,50,8918,100,8920,150
778642,ZSE-OIT,9188,47,9187,100,9186,150,9190,50,9191,100,9192,150
778642,ZSE-SIMP,10036,50,10035,100,10034,150,10038,50,10039,100,10040,150
778642,ZSE-XAG,9915,50,9913,100,9911,150,9919,49,9921,100,9923,150
778642,ZSE-XFR,9231,100,9229,150,9227,200,9237,50,9239,100,9241,150
778642,ZSE-ZABA,7780,100,7779,150,7778,200,7783,50,7784,100,7785,150
778642,ZSE-ZITO,9523,50,9522,100,9521,150,9525,50,9526,100,9527,150
778746,ZSE-CARD,9668,10,9667,150,9666,200,9671,50,9672,100,9673,150
778746,ZSE-DDJH,8628,1,8627,100,8626,150,8630,50,8631,100,8632,150
778746,ZSE-DLKV,8573,48,8572,100,8571,150,8575,50,8576,100,8577,150
778746,ZSE-ETFA,8958,50,8957,10,8956,100,8962,28,8964,100,8966,150
778746,ZSE-ETFA3,8810,10,8807,50,8805,100,8815,122,8817,200,8819,250
778746,ZSE-ETFB,9257,50,9256,100,9255,150,9259,8,9260,100,9261,150
778746,ZSE-ETFB3,9375,38,9374,110,9373,150,9377,40,9378,100,9379,150
778746,ZSE-ETFSH,9764,20,9763,100,9762,150,9766,50,9767,100,9768,150
778746,ZSE-FSR,9006,48,9004,100,9002,150,9012,100,9014,150,9016,200
778746,ZSE-GOLD,9537,50,9536,100,9535,150,9539,45,9540,100,9541,150
778746,ZSE-HT,9437,50,9435,100,9433,150,9441,50,9443,100,9445,150
778746,ZSE-INA,8675,48,8673,100,8671,150,8679,50,8681,100,8683,150
778746,ZSE-JNAF,9503,48,9501,100,9499,150,9507,50,9509,100,9511,150
778746,ZSE-JZRO,9159,50,9157,100,9155,150,9163,10,9165,100,9167,150
778746,ZSE-KOTD,10948,43,10946,100,10944,150,10952,50,10954,100,10956,150
778746,ZSE-KRAS,9221,100,9219,150,9217,200,9227,50,9229,100,9231,150
778746,ZSE-KTST,8679,88,8677,150,8675,200,8685,50,8687,100,8689,150
778746,ZSE-MDKA,8821,50,8819,100,8817,150,8825,50,8827,100,8829,150
778746,ZSE-NGUP,8908,88,8906,150,8904,200,8914,50,8916,100,8918,150
778746,ZSE-OIT,9208,48,9207,100,9206,150,9210,50,9211,100,9212,150
778746,ZSE-SIMP,10026,8,10025,50,10024,100,10027,26,10028,100,10029,150
778746,ZSE-XAG,9921,60,9919,150,9917,200,9927,50,9929,100,9931,150
778746,ZSE-XFR,9244,33,9242,100,9240,150,9248,50,9250,100,9252,150
778746,ZSE-ZABA,7786,50,7785,150,7784,200,7789,50,7790,100,7791,150
778746,ZSE-ZITO,9528,50,9527,100,9526,150,9530,50,9531,100,9532,150
778847,ZSE-CARD,9665,26,9664,100,9663,150,9667,50,9668,100,9669,150
778847,ZSE-DDJH,8620,50,8619,100,8618,150,8622,50,8623,100,8624,150
778847,ZSE-DLKV,8593,49,8592,100,8591,150,8595,50,8596,100,8597,150
778847,ZSE-ETFA,8949,50,8947,100,8945,150,8953,26,8955,100,8957,150
778847,ZSE-ETFA3,8768,50,8766,100,8764,150,8774,68,8776,150,8778,200
778847,ZSE-ETFB,9257,50,9256,100,9255,150,9259,44,9260,100,9261,150
778847,ZSE-ETFB3,9375,36,9374,110,9373,150,9377,45,9378,100,9379,150
778847,ZSE-ETFSH,9763,100,9762,150,9761,200,9764,5,9766,50,9767,100
778847,ZSE-FSR,9005,49,9003,100,9001,150,9009,50,9011,100,9013,150
778847,ZSE-GOLD,9510,50,9509,100,9508,150,9513,89,9514,150,9515,200
778847,ZSE-HT,9463,49,9461,100,9459,150,9467,50,9469,100,9471,150
778847,ZSE-INA,8685,49,8683,100,8681,150,8689,50,8691,100,8693,150
778847,ZSE-JNAF,9528,49,9526,100,9524,150,9532,50,9534,100,9536,150
778847,ZSE-JZRO,9157,50,9155,100,9153,150,9161,50,9163,100,9165,150
778847,ZSE-KOTD,10945,50,10943,100,10941,150,10947,5,10949,50,10951,100
778847,ZSE-KRAS,9268,40,9266,100,9264,150,9272,50,9274,100,9276,150
778847,ZSE-KTST,8670,50,8668,100,8666,150,8674,50,8676,100,8678,150
778847,ZSE-MDKA,8862,50,8860,100,8858,150,8866,50,8868,100,8870,150
778847,ZSE-NGUP,8954,27,8952,100,8950,150,8958,50,8960,100,8962,150
778847,ZSE-OIT,9199,50,9198,100,9197,150,9202,100,9203,150,9204,200
778847,ZSE-SIMP,9993,50,9992,100,9991,150,9996,86,9997,150,9998,200
778847,ZSE-XAG,9919,75,9917,150,9915,200,9925,49,9927,100,9929,150
778847,ZSE-XFR,9230,50,9228,150,9226,200,9236,50,9238,100,9240,150
778847,ZSE-ZABA,7795,50,7794,100,7793,150,7797,50,7798,100,7799,150
778847,ZSE-ZITO,9542,50,9541,100,9540,150,9544,50,9545,110,9546,150
778942,ZSE-CARD,9666,50,9665,100,9664,150,9668,45,9669,100,9670,150
778942,ZSE-DDJH,8634,19,8633,100,8632,150,8636,50,8637,100,8638,150
778942,ZSE-DLKV,8604,65,8603,150,8602,200,8607,50,8608,100,8609,150
778942,ZSE-ETFA,8947,100,8945,150,8944,10,8955,29,8957,150,8959,200
778942,ZSE-ETFA3,8768,50,8766,100,8764,150,8776,84,8778,200,8780,250
778942,ZSE-ETFB,9257,50,9256,100,9255,150,9259,14,9260,100,9261,150
778942,ZSE-ETFB3,9374,96,9373,150,9372,200,9377,28,9378,100,9379,150
778942,ZSE-ETFSH,9763,100,9762,150,9761,200,9764,10,9766,50,9767,100
778942,ZSE-FSR,8998,43,8996,100,8994,150,9002,50,9004,100,9006,150
778942,ZSE-GOLD,9486,50,9485,100,9484,150,9488,41,9489,100,9490,150
778942,ZSE-HT,9456,20,9454,100,9452,150,9460,50,9462,100,9464,150
778942,ZSE-INA,8660,50,8658,100,8656,150,8664,50,8666,100,8668,150
778942,ZSE-JNAF,9508,20,9506,100,9504,150,9512,50,9514,100,9516,150
778942,ZSE-JZRO,9187,88,9185,150,9183,200,9193,50,9195,100,9197,150
778942,ZSE-KOTD,10942,50,10940,100,10938,150,10946,49,10947,5,10948,110
778942,ZSE-KRAS,9244,50,9242,100,9240,150,9248,50,9250,100,9252,150
778942,ZSE-KTST,8692,125,8690,200,8688,250,8700,50,8702,100,8704,150
778942,ZSE-MDKA,9002,45,9000,100,8998,150,9006,50,9008,100,9010,150
778942,ZSE-NGUP,8952,120,8950,200,8948,250,8960,50,8962,100,8964,150
778942,ZSE-OIT,9212,93,9211,150,9210,200,9215,50,9216,100,9217,150
778942,ZSE-SIMP,10005,50,10004,100,10003,150,10007,35,10008,100,10009,150
778942,ZSE-XAG,9899,50,9897,100,9895,150,9903,31,9905,100,9907,150
778942,ZSE-XFR,9235,5,9233,100,9231,150,9239,50,9241,100,9243,150
778942,ZSE-ZABA,7771,50,7770,100,7769,150,7773,50,7774,100,7775,150
778942,ZSE-ZITO,9537,50,9536,100,9535,150,9539,50,9540,100,9541,150
827042,ZSE-CARD,10090,25,10089,100,10088,150,10092,25,10093,100,10094,150
827042,ZSE-DDJH,8587,40,8586,100,8585,162,8589,50,8590,100,8591,150
827042,ZSE-DLKV,8544,50,8543,100,8542,150,8546,50,8547,100,8548,150
827042,ZSE-ETFA,9216,27,9214,100,9212,150,9220,50,9222,100,9224,150
827042,ZSE-ETFA3,9129,15,9127,100,9125,150,9133,50,9135,100,9137,150
827042,ZSE-ETFB,9370,40,9369,100,9368,150,9372,50,9373,100,9374,155
827042,ZSE-ETFB3,9560,27,9559,100,9558,150,9562,50,9563,100,9564,160
827042,ZSE-ETFSH,9421,50,9420,100,9419,150,9424,99,9425,150,9426,200
827042,ZSE-FSR,9062,50,9060,100,9058,150,9066,25,9068,100,9070,150
827042,ZSE-GOLD,9405,40,9404,100,9403,150,9407,50,9408,100,9409,150
827042,ZSE-HT,9368,50,9366,100,9364,150,9372,50,9374,100,9376,150
827042,ZSE-INA,8754,50,8753,6,8752,100,8758,50,8760,100,8762,150
827042,ZSE-JNAF,9227,50,9225,100,9223,150,9231,50,9233,100,9235,150
827042,ZSE-JZRO,9178,50,9176,100,9174,150,9186,48,9188,200,9190,250
827042,ZSE-KOTD,11037,50,11035,100,11033,150,11041,47,11043,100,11045,150
827042,ZSE-KRAS,9357,50,9356,10,9355,100,9361,50,9363,100,9365,150
827042,ZSE-KTST,8766,50,8764,106,8762,150,8770,34,8772,100,8774,150
827042,ZSE-MDKA,9992,40,9990,100,9988,150,9996,50,9998,100,10000,150
827042,ZSE-NGUP,9112,50,9110,100,9108,150,9116,7,9118,100,9120,150
827042,ZSE-OIT,9248,42,9247,100,9246,150,9250,50,9251,100,9252,150
827042,ZSE-SIMP,10044,50,10043,100,10042,150,10046,50,10047,100,10048,150
827042,ZSE-XAG,9621,50,9619,100,9617,150,9625,50,9626,10,9627,100
827042,ZSE-XFR,9290,19,9288,1,9283,150,9304,91,9306,300,9307,50
827042,ZSE-ZABA,7712,50,7711,100,7710,150,7714,50,7715,100,7716,150
827042,ZSE-ZITO,9497,50,9496,100,9495,150,9499,50,9500,100,9501,150
827142,ZSE-CARD,10093,30,10092,100,10091,150,10095,50,10096,100,10097,150
827142,ZSE-DDJH,8591,50,8590,100,8589,150,8593,50,8594,100,8595,150
827142,ZSE-DLKV,8510,50,8509,100,8508,150,8512,3,8513,100,8514,150
827142,ZSE-ETFA,9216,43,9214,100,9212,150,9220,50,9222,100,9224,150
827142,ZSE-ETFA3,9135,70,9133,150,9131,200,9141,50,9143,100,9145,150
827142,ZSE-ETFB,9369,100,9368,150,9367,200,9370,50,9372,50,9373,100
827142,ZSE-ETFB3,9560,3,9559,100,9558,150,9562,50,9563,100,9564,160
827142,ZSE-ETFSH,9421,50,9420,100,9419,150,9424,54,9425,150,9426,200
827142,ZSE-FSR,9066,50,9064,100,9062,150,9070,46,9072,100,9074,150
827142,ZSE-GOLD,9433,73,9432,150,9431,200,9436,50,9437,100,9438,150
827142,ZSE-HT,9391,50,9389,100,9387,150,9397,50,9399,150,9401,200
827142,ZSE-INA,8771,50,8769,100,8767,150,8777,90,8779,160,8781,200
827142,ZSE-JNAF,9203,50,9201,100,9199,150,9207,43,9209,100,9211,150
827142,ZSE-JZRO,9180,50,9178,100,9176,150,9184,36,9186,100,9188,150
827142,ZSE-KOTD,11017,50,11015,100,11013,150,11023,77,11025,150,11027,200
827142,ZSE-KRAS,9342,50,9340,100,9338,150,9348,50,9350,150,9352,200
827142,ZSE-KTST,8774,50,8772,100,8770,150,8778,41,8780,100,8782,150
827142,ZSE-MDKA,9965,50,9963,110,9961,150,9969,50,9971,100,9973,150
827142,ZSE-NGUP,9088,45,9087,5,9086,106,9094,81,9096,150,9098,200
827142,ZSE-OIT,9239,50,9238,100,9237,150,9241,22,9242,100,9243,150
827142,ZSE-SIMP,10045,18,10044,100,10043,150,10047,50,10048,100,10049,160
827142,ZSE-XAG,9669,6,9667,150,9665,200,9675,30,9677,100,9679,150
827142,ZSE-XFR,9298,50,9297,7,9296,100,9302,50,9304,191,9306,450
827142,ZSE-ZABA,7702,50,7701,100,7700,150,7704,50,7705,100,7706,150
827142,ZSE-ZITO,9506,50,9505,100,9504,150,9509,70,9510,150,9511,200
827242,ZSE-CARD,10078,50,10077,100,10076,150,10080,20,10081,100,10082,150
827242,ZSE-DDJH,8612,30,8611,100,8610,150,8614,50,8615,100,8616,150
827242,ZSE-DLKV,8531,50,8530,100,8529,150,8533,44,8534,100,8535,150
827242,ZSE-ETFA,9216,43,9214,100,9212,150,9220,50,9222,100,9224,150
827242,ZSE-ETFA3,9137,15,9135,100,9133,150,9141,50,9143,100,9145,150
827242,ZSE-ETFB,9353,40,9352,100,9351,150,9355,45,9356,100,9357,150
827242,ZSE-ETFB3,9559,100,9558,150,9557,200,9562,50,9563,100,9564,160
827242,ZSE-ETFSH,9421,50,9420,100,9419,150,9424,78,9425,150,9426,200
827242,ZSE-FSR,9060,50,9058,100,9056,150,9064,39,9066,100,9068,150
827242,ZSE-GOLD,9462,58,9461,150,9460,200,9465,50,9466,100,9467,150
827242,ZSE-HT,9381,50,9379,100,9377,150,9385,40,9387,100,9389,150
827242,ZSE-INA,8765,50,8763,100,8761,150,8769,50,8771,100,8773,150
827242,ZSE-JNAF,9221,50,9219,100,9217,150,9225,17,9227,100,9229,150
827242,ZSE-JZRO,9186,54,9184,100,9182,150,9190,50,9192,100,9194,150
827242,ZSE-KOTD,11027,50,11025,100,11023,160,11031,44,11033,100,11035,150
827242,ZSE-KRAS,9372,50,9370,100,9368,150,9376,50,9378,100,9380,150
827242,ZSE-KTST,8745,5,8742,50,8740,100,8746,30,8748,100,8750,150
827242,ZSE-MDKA,9937,50,9935,100,9933,150,9941,40,9943,100,9945,150
827242,ZSE-NGUP,9087,5,9086,6,9084,50,9088,29,9090,100,9092,150
827242,ZSE-OIT,9217,50,9216,100,9215,150,9220,9,9221,150,9222,200
827242,ZSE-SIMP,10042,30,10041,100,10040,150,10044,60,10045,100,10046,150
827242,ZSE-XAG,9647,58,9645,150,9643,200,9653,50,9655,100,9657,150
827242,ZSE-XFR,9291,50,9290,19,9289,100,9295,24,9297,100,9299,150
827242,ZSE-ZABA,7711,50,7710,100,7709,150,7713,50,7714,100,7715,150
827242,ZSE-ZITO,9514,50,9513,100,9512,150,9516,50,9517,100,9518,150
827342,ZSE-CARD,10097,26,10096,100,10095,150,10099,50,10100,205,10101,150
827342,ZSE-DDJH,8630,50,8629,100,8628,150,8632,50,8633,100,8634,150
827342,ZSE-DLKV,8516,50,8515,100,8514,150,8518,50,8519,100,8520,150
827342,ZSE-ETFA,9216,16,9214,100,9212,150,9220,50,9222,100,9224,150
827342,ZSE-ETFA3,9137,3,9135,100,9133,150,9141,50,9143,100,9145,150
827342,ZSE-ETFB,9353,50,9352,100,9351,150,9355,50,9356,100,9357,150
827342,ZSE-ETFB3,9562,16,9561,100,9560,150,9564,60,9565,100,9566,150
827342,ZSE-ETFSH,9421,50,9420,100,9419,150,9423,8,9424,100,9425,150
827342,ZSE-FSR,9048,50,9046,127,9044,150,9052,44,9054,100,9056,150
827342,ZSE-GOLD,9510,42,9509,100,9508,150,9512,50,9513,100,9514,150
827342,ZSE-HT,9373,3,9372,53,9370,100,9376,46,9378,100,9380,150
827342,ZSE-INA,8759,56,8758,6,8757,100,8763,40,8765,100,8767,150
827342,ZSE-JNAF,9196,50,9194,100,9192,150,9200,46,9202,100,9204,150
827342,ZSE-JZRO,9169,50,9167,100,9165,150,9173,40,9175,100,9177,150
827342,ZSE-KOTD,11032,50,11030,100,11028,150,11036,50,11038,100,11040,150
827342,ZSE-KRAS,9367,50,9365,100,9363,150,9371,50,9373,100,9375,150
827342,ZSE-KTST,8759,45,8757,100,8755,150,8763,17,8765,100,8766,10
827342,ZSE-MDKA,9940,50,9938,100,9936,150,9944,50,9946,100,9948,150
827342,ZSE-NGUP,9064,50,9062,100,9060,153,9070,54,9072,150,9074,200
827342,ZSE-OIT,9225,50,9224,100,9223,150,9227,18,9228,100,9229,150
827342,ZSE-SIMP,10068,100,10067,150,10066,200,10071,50,10072,100,10073,150
827342,ZSE-XAG,9672,42,9670,101,9668,150,9676,50,9678,100,9680,150
827342,ZSE-XFR,9283,20,9281,200,9279,250,9284,139,9286,200,9288,250
827342,ZSE-ZABA,7716,50,7715,100,7714,150,7718,50,7719,100,7720,150
827342,ZSE-ZITO,9532,50,9531,100,9530,150,9534,50,9535,100,9536,150
827442,ZSE-CARD,10096,40,10095,100,10094,150,10098,50,10099,100,10100,255
827442,ZSE-DDJH,8589,53,8588,100,8587,150,8591,34,8592,100,8593,150
827442,ZSE-DLKV,8528,50,8527,100,8526,150,8530,30,8531,100,8532,150
827442,ZSE-ETFA,9181,50,9179,100,9177,150,9185,25,9187,100,9189,150
827442,ZSE-ETFA3,9137,27,9135,100,9133,150,9141,50,9143,100,9145,150
827442,ZSE-ETFB,9351,50,9350,100,9349,150,9353,48,9354,100,9355,150
827442,ZSE-ETFB3,9561,74,9560,150,9559,200,9562,60,9564,56,9565,100
827442,ZSE-ETFSH,9421,50,9420,100,9419,150,9424,11,9425,150,9426,200
827442,ZSE-FSR,9032,1,9029,50,9028,1,9033,14,9035,100,9037,150
827442,ZSE-GOLD,9542,32,9541,200,9540,250,9546,50,9547,100,9548,150
827442,ZSE-HT,9376,150,9374,100,9373,3,9380,36,9382,100,9384,150
827442,ZSE-INA,8778,50,8776,100,8774,150,8779,10,8782,50,8784,100
827442,ZSE-JNAF,9228,98,9226,150,9224,200,9234,50,9236,100,9238,150
827442,ZSE-JZRO,9193,30,9191,100,9189,150,9197,50,9199,100,9201,150
827442,ZSE-KOTD,11023,17,11020,50,11018,100,11024,35,11026,100,11028,150
827442,ZSE-KRAS,9340,50,9338,100,9336,150,9344,40,9346,100,9348,150
827442,ZSE-KTST,8761,50,8759,100,8757,150,8765,50,8766,10,8767,100
827442,ZSE-MDKA,9970,30,9968,100,9966,150,9974,50,9976,100,9978,150
827442,ZSE-NGUP,9080,50,9078,100,9076,150,9084,26,9086,100,9088,150
827442,ZSE-OIT,9243,40,9242,100,9241,150,9245,50,9246,100,9247,150
827442,ZSE-SIMP,10064,39,10063,100,10062,150,10066,50,10067,100,10068,150
827442,ZSE-XAG,9677,38,9675,160,9673,200,9683,50,9685,100,9687,150
827442,ZSE-XFR,9284,50,9283,20,9282,100,9288,50,9290,100,9292,150
827442,ZSE-ZABA,7711,50,7710,100,7709,150,7713,50,7714,100,7715,150
827442,ZSE-ZITO,9518,40,9517,100,9516,150,9520,50,9521,100,9522,150
827542,ZSE-CARD,10089,50,10088,100,10087,150,10091,50,10092,100,10093,150
827542,ZSE-DDJH,8598,50,8597,100,8596,150,8600,50,8601,100,8602,150
827542,ZSE-DLKV,8537,50,8536,100,8535,150,8539,50,8540,100,8541,150
827542,ZSE-ETFA,9181,50,9179,100,9177,150,9185,50,9187,100,9189,150
827542,ZSE-ETFA3,9137,44,9135,100,9133,150,9141,50,9143,100,9145,150
827542,ZSE-ETFB,9351,50,9350,100,9349,150,9353,86,9354,100,9355,150
827542,ZSE-ETFB3,9535,50,9534,110,9533,150,9537,50,9538,100,9539,150
827542,ZSE-ETFSH,9400,50,9399,100,9398,150,9403,65,9404,150,9405,200
827542,ZSE-FSR,9028,1,9026,50,9024,101,9030,33,9032,100,9034,150
827542,ZSE-GOLD,9616,1,9615,150,9614,200,9619,50,9620,100,9621,150
827542,ZSE-HT,9388,40,9386,100,9384,150,9392,50,9394,100,9396,150
827542,ZSE-INA,8789,40,8787,100,8785,150,8793,50,8795,100,8797,150
827542,ZSE-JNAF,9228,50,9226,100,9224,150,9232,50,9234,100,9236,150
827542,ZSE-JZRO,9159,50,9157,100,9155,150,9163,34,9165,100,9167,150
827542,ZSE-KOTD,11062,40,11060,100,11058,150,11066,50,11068,100,11070,150
827542,ZSE-KRAS,9360,40,9358,100,9356,150,9364,50,9366,100,9368,150
827542,ZSE-KTST,8763,45,8761,100,8759,150,8767,50,8769,100,8771,150
827542,ZSE-MDKA,10059,50,10057,100,10055,150,10063,50,10065,100,10067,150
827542,ZSE-NGUP,9085,50,9083,100,9081,150,9089,50,9091,100,9093,150
827542,ZSE-OIT,9239,50,9238,100,9237,150,9241,50,9242,100,9243,150
827542,ZSE-SIMP,10065,30,10064,100,10063,150,10067,50,10068,110,10069,150
827542,ZSE-XAG,9645,50,9643,100,9641,150,9649,28,9651,110,9653,150
827542,ZSE-XFR,9281,200,9279,300,9277,100,9283,11,9285,100,9287,150
827542,ZSE-ZABA,7714,47,7713,100,7712,150,7716,60,7717,100,7718,150
827542,ZSE-ZITO,9510,50,9509,100,9508,150,9512,40,9513,100,9514,150
827642,ZSE-CARD,10111,25,10110,150,10109,200,10114,50,10115,100,10116,150
827642,ZSE-DDJH,8611,50,8610,100,8609,150,8613,50,8614,100,8615,150
827642,ZSE-DLKV,8538,50,8537,100,8536,150,8540,50,8541,100,8542,150
827642,ZSE-ETFA,9181,24,9179,100,9177,150,9185,50,9187,100,9189,150
827642,ZSE-ETFA3,9103,50,9101,130,9099,160,9107,30,9109,100,9111,150
827642,ZSE-ETFB,9351,17,9350,100,9349,150,9353,86,9354,100,9355,150
827642,ZSE-ETFB3,9528,50,9527,100,9526,174,9530,40,9531,100,9532,150
827642,ZSE-ETFSH,9400,50,9399,100,9398,150,9403,72,9404,150,9405,200
827642,ZSE-FSR,9056,39,9054,100,9052,150,9060,50,9062,100,9064,150
827642,ZSE-GOLD,9649,82,9648,200,9647,250,9653,50,9654,100,9655,150
827642,ZSE-HT,9380,3,9378,50,9376,200,9382,50,9384,100,9386,150
827642,ZSE-INA,8770,50,8769,3,8768,100,8774,37,8776,100,8778,150
827642,ZSE-JNAF,9233,32,9231,100,9229,150,9237,50,9239,100,9241,150
827642,ZSE-JZRO,9165,50,9163,100,9161,150,9169,24,9171,100,9173,150
827642,ZSE-KOTD,11039,50,11037,100,11035,150,11045,100,11047,150,11049,200
827642,ZSE-KRAS,9347,50,9345,100,9343,150,9351,50,9353,100,9355,150
827642,ZSE-KTST,8745,55,8743,100,8741,150,8749,32,8751,100,8753,150
827642,ZSE-MDKA,10075,40,10073,100,10071,150,10079,50,10081,100,10083,150
827642,ZSE-NGUP,9073,60,9071,100,9070,5,9077,5,9079,100,9081,150
827642,ZSE-OIT,9256,50,9255,100,9254,150,9258,50,9259,100,9260,150
827642,ZSE-SIMP,10056,50,10055,100,10054,150,10058,50,10059,100,10060,150
827642,ZSE-XAG,9663,40,9661,100,9659,150,9667,40,9669,100,9671,150
827642,ZSE-XFR,9279,250,9276,250,9272,50,9280,82,9282,200,9284,250
827642,ZSE-ZABA,7690,50,7689,100,7688,150,7692,50,7693,100,7694,150
827642,ZSE-ZITO,9527,50,9526,100,9525,150,9529,50,9530,100,9531,150
827742,ZSE-CARD,10236,65,10235,250,10088,20,10241,50,10242,100,10243,150
827742,ZSE-DDJH,8610,50,8609,100,8608,150,8612,50,8613,100,8614,150
827742,ZSE-DLKV,8540,50,8539,100,8538,150,8542,50,8543,100,8544,150
827742,ZSE-ETFA,9181,30,9179,100,9177,150,9185,50,9187,100,9189,150
827742,ZSE-ETFA3,9101,30,9099,10,9098,50,9102,50,9104,100,9106,150
827742,ZSE-ETFB,9335,18,9334,50,9333,100,9336,30,9337,100,9338,150
827742,ZSE-ETFB3,9528,42,9527,100,9526,174,9530,30,9531,100,9532,150
827742,ZSE-ETFSH,9400,50,9399,100,9398,150,9402,49,9403,100,9404,150
827742,ZSE-FSR,9048,50,9046,100,9044,150,9052,50,9054,100,9056,150
827742,ZSE-GOLD,9705,11,9704,100,9703,150,9707,50,9708,100,9709,150
827742,ZSE-HT,9376,53,9373,3,9372,53,9380,145,9382,200,9384,250
827742,ZSE-INA,8780,49,8778,100,8776,150,8784,50,8786,100,8788,150
827742,ZSE-JNAF,9228,50,9226,100,9224,150,9232,50,9234,100,9236,150
827742,ZSE-JZRO,9173,50,9171,100,9169,150,9177,50,9179,100,9181,150
827742,ZSE-KOTD,11062,50,11060,100,11058,150,11066,46,11068,100,11070,150
827742,ZSE-KRAS,9340,50,9338,100,9336,150,9344,30,9346,100,9348,150
827742,ZSE-KTST,8747,50,8745,105,8743,150,8751,39,8753,100,8755,150
827742,ZSE-MDKA,10115,40,10113,100,10111,150,10119,50,10121,100,10123,150
827742,ZSE-NGUP,9062,50,9060,103,9058,150,9066,21,9068,100,9070,150
827742,ZSE-OIT,9245,50,9244,100,9243,150,9247,50,9248,100,9249,150
827742,ZSE-SIMP,10066,30,10065,100,10064,150,10068,60,10069,100,10070,150
827742,ZSE-XAG,9656,45,9654,100,9652,150,9660,45,9662,100,9664,150
827742,ZSE-XFR,9265,50,9263,100,9261,150,9277,250,9304,91,9306,300
827742,ZSE-ZABA,7702,50,7701,100,7700,150,7704,50,7705,100,7706,150
827742,ZSE-ZITO,9523,50,9522,100,9521,150,9525,50,9526,100,9527,150
827842,ZSE-CARD,10238,30,10237,100,10236,150,10240,50,10241,100,10242,150
827842,ZSE-DDJH,8581,50,8580,100,8579,150,8583,26,8584,100,8585,150
827842,ZSE-DLKV,8548,50,8547,100,8546,150,8550,50,8551,100,8552,150
827842,ZSE-ETFA,9181,25,9179,100,9177,150,9185,50,9187,100,9189,150
827842,ZSE-ETFA3,9096,5,9092,50,9090,100,9098,85,9100,150,9102,200
827842,ZSE-ETFB,9334,50,9333,100,9332,150,9337,80,9338,150,9339,200
827842,ZSE-ETFB3,9527,100,9526,174,9525,200,9531,91,9532,150,9533,200
827842,ZSE-ETFSH,9400,50,9399,100,9398,150,9403,62,9404,150,9405,200
827842,ZSE-FSR,9043,50,9041,100,9039,150,9047,47,9049,100,9051,150
827842,ZSE-GOLD,9796,25,9795,200,9794,250,9800,100,9801,100,9802,170
827842,ZSE-HT,9391,50,9389,100,9387,150,9395,50,9397,100,9399,150
827842,ZSE-INA,8774,15,8773,50,8771,100,8777,50,8779,100,8781,150
827842,ZSE-JNAF,9238,50,9237,3,9236,100,9242,50,9244,100,9246,150
827842,ZSE-JZRO,9185,30,9183,100,9181,150,9189,50,9191,100,9193,150
827842,ZSE-KOTD,11055,50,11053,100,11051,150,11059,50,11061,100,11063,150
827842,ZSE-KRAS,9349,50,9347,100,9345,150,9353,30,9355,100,9357,150
827842,ZSE-KTST,8762,40,8760,100,8758,150,8763,10,8766,50,8768,100
827842,ZSE-MDKA,10148,30,10146,100,10144,150,10152,50,10154,100,10156,150
827842,ZSE-NGUP,9068,50,9066,100,9064,150,9072,39,9074,100,9076,150
827842,ZSE-OIT,9251,100,9250,150,9249,200,9254,47,9255,100,9256,150
827842,ZSE-SIMP,10070,78,10069,150,10068,200,10073,50,10074,110,10075,150
827842,ZSE-XAG,9674,90,9672,150,9670,200,9677,4,9680,50,9682,100
827842,ZSE-XFR,9266,49,9264,100,9262,150,9270,24,9272,100,9274,150
827842,ZSE-ZABA,7727,30,7726,100,7725,150,7729,40,7730,100,7731,150
827842,ZSE-ZITO,9490,50,9489,100,9488,150,9492,20,9493,100,9494,150
885442,ZSE-CARD,9470,50,9469,100,9468,150,9473,100,9474,150,9475,200
885442,ZSE-DDJH,8529,23,8528,100,8527,150,8531,50,8532,100,8533,150
885442,ZSE-DLKV,8597,40,8596,100,8595,150,8599,50,8600,100,8601,150
885442,ZSE-ETFA,8923,1,8921,50,8919,100,8925,50,8927,100,8929,150
885442,ZSE-ETFA3,8896,53,8894,100,8892,150,8902,87,8904,150,8906,200
885442,ZSE-ETFB,9114,35,9113,100,9112,150,9116,50,9117,100,9118,150
885442,ZSE-ETFB3,9357,50,9356,100,9355,150,9360,58,9361,150,9362,200
885442,ZSE-ETFSH,9650,26,9649,100,9648,150,9652,50,9653,100,9654,150
885442,ZSE-FSR,8906,50,8904,100,8902,150,8910,50,8912,100,8914,150
885442,ZSE-GOLD,9881,50,9880,100,9879,150,9883,34,9884,100,9885,150
885442,ZSE-HT,9532,96,9530,150,9528,200,9533,5,9536,6,9538,100
885442,ZSE-INA,8465,36,8463,100,8461,150,8469,50,8471,100,8473,150
885442,ZSE-JNAF,8303,40,8301,100,8299,150,8307,50,8309,100,8311,150
885442,ZSE-JZRO,9136,50,9134,100,9132,150,9140,50,9142,100,9144,150
885442,ZSE-KOTD,11200,32,11198,100,11196,150,11204,50,11206,100,11208,150
885442,ZSE-KRAS,10385,25,10383,100,10381,150,10389,50,10391,100,10393,150
885442,ZSE-KTST,8709,6,8707,100,8705,150,8713,50,8715,100,8717,150
885442,ZSE-MDKA,10273,50,10271,100,10269,150,10277,50,10279,100,10281,150
885442,ZSE-NGUP,9021,18,9019,100,9017,150,9025,55,9027,100,9029,150
885442,ZSE-OIT,8714,50,8713,100,8712,150,8716,40,8717,100,8718,150
885442,ZSE-SIMP,10022,50,10021,100,10020,150,10025,100,10026,150,10027,200
885442,ZSE-XAG,9308,50,9306,100,9304,151,9312,41,9314,100,9316,150
885442,ZSE-XFR,9202,32,9200,100,9198,150,9206,48,9208,100,9209,7
885442,ZSE-ZABA,7434,50,7433,100,7432,150,7436,50,7437,100,7438,150
885442,ZSE-ZITO,9525,50,9524,100,9523,150,9527,40,9528,100,9529,150
885542,ZSE-CARD,9467,50,9466,100,9465,150,9469,20,9470,100,9471,150
885542,ZSE-DDJH,8453,50,8452,100,8451,150,8455,50,8456,100,8457,150
885542,ZSE-DLKV,8595,50,8594,100,8593,150,8599,144,8600,200,8601,250
885542,ZSE-ETFA,8923,1,8921,50,8919,100,8925,45,8927,100,8929,150
885542,ZSE-ETFA3,8896,53,8894,100,8892,150,8900,39,8902,100,8904,150
885542,ZSE-ETFB,9113,100,9112,150,9111,224,9116,50,9117,100,9118,150
885542,ZSE-ETFB3,9357,50,9356,100,9355,150,9360,38,9361,150,9362,200
885542,ZSE-ETFSH,9649,100,9648,150,9647,200,9652,50,9653,100,9654,150
885542,ZSE-FSR,8904,50,8902,100,8900,150,8908,40,8910,100,8912,150
885542,ZSE-GOLD,9920,50,9919,100,9918,150,9922,50,9923,100,9924,150
885542,ZSE-HT,9531,36,9529,100,9527,150,9532,80,9533,5,9535,50
885542,ZSE-INA,8478,90,8476,150,8474,200,8484,50,8486,100,8487,4
885542,ZSE-JNAF,8311,50,8309,100,8307,150,8315,50,8317,100,8319,150
885542,ZSE-JZRO,9085,11,9084,50,9082,110,9088,50,9090,100,9092,150
885542,ZSE-KOTD,11204,98,11202,150,11200,200,11210,50,11212,100,11214,150
885542,ZSE-KRAS,10386,50,10384,100,10382,150,10390,50,10392,100,10394,150
885542,ZSE-KTST,8705,49,8703,100,8701,150,8709,50,8711,100,8713,150
885542,ZSE-MDKA,10245,50,10243,100,10241,150,10249,50,10251,100,10253,150
885542,ZSE-NGUP,9049,40,9047,100,9045,150,9050,3,9053,50,9055,100
885542,ZSE-OIT,8708,50,8707,100,8706,150,8710,50,8711,100,8712,150
885542,ZSE-SIMP,10007,10,10006,50,10005,100,10009,90,10010,150,10011,200
885542,ZSE-XAG,9310,25,9308,100,9306,150,9314,49,9316,100,9318,150
885542,ZSE-XFR,9205,50,9203,100,9201,150,9207,1,9209,57,9211,100
885542,ZSE-ZABA,7447,100,7446,150,7445,200,7450,60,7451,100,7452,150
885542,ZSE-ZITO,9540,40,9539,100,9538,150,9542,50,9543,100,9544,150
885642,ZSE-CARD,9470,50,9469,110,9468,150,9473,85,9474,150,9475,200
885642,ZSE-DDJH,8421,50,8420,100,8419,150,8423,50,8424,100,8425,150
885642,ZSE-DLKV,8623,66,8622,150,8621,200,8626,50,8627,100,8628,150
885642,ZSE-ETFA,8913,50,8911,100,8909,150,8919,90,8921,150,8923,200
885642,ZSE-ETFA3,8896,53,8894,100,8892,150,8900,12,8902,100,8904,150
885642,ZSE-ETFB,9098,10,9097,10,9096,50,9099,73,9100,150,9101,200
885642,ZSE-ETFB3,9372,50,9371,100,9370,150,9374,40,9375,100,9376,150
885642,ZSE-ETFSH,9649,100,9648,150,9647,200,9652,50,9653,100,9654,150
885642,ZSE-FSR,8880,50,8878,100,8876,150,8888,150,8890,200,8892,250
885642,ZSE-GOLD,9871,50,9870,100,9869,160,9873,39,9874,100,9875,150
885642,ZSE-HT,9544,56,9542,200,9540,250,9552,50,9554,100,9556,150
885642,ZSE-INA,8479,13,8477,100,8475,150,8483,50,8485,100,8487,154
885642,ZSE-JNAF,8288,50,8287,2,8286,100,8292,42,8294,100,8296,150
885642,ZSE-JZRO,9096,50,9094,100,9092,150,9100,45,9102,100,9104,150
885642,ZSE-KOTD,11206,13,11204,100,11202,150,11210,50,11212,100,11214,150
885642,ZSE-KRAS,10372,50,10370,100,10368,150,10376,35,10378,100,10380,150
885642,ZSE-KTST,8702,41,8700,100,8698,150,8706,50,8708,100,8709,1
885642,ZSE-MDKA,10234,50,10232,100,10230,150,10238,45,10240,100,10242,150
885642,ZSE-NGUP,9096,96,9094,150,9092,200,9102,50,9104,100,9106,150
885642,ZSE-OIT,8731,32,8730,100,8729,150,8733,42,8734,100,8735,150
885642,ZSE-SIMP,10029,50,10028,100,10027,150,10031,50,10032,100,10033,150
885642,ZSE-XAG,9314,50,9312,101,9310,150,9318,45,9320,100,9322,150
885642,ZSE-XFR,9210,10,9208,100,9206,150,9214,50,9216,100,9218,150
885642,ZSE-ZABA,7446,50,7445,100,7444,150,7448,50,7449,100,7450,160
885642,ZSE-ZITO,9548,50,9547,100,9546,150,9550,50,9551,100,9552,150
885742,ZSE-CARD,9477,50,9476,100,9475,150,9479,20,9480,100,9481,150
885742,ZSE-DDJH,8440,50,8439,100,8438,150,8442,50,8443,100,8444,150
885742,ZSE-DLKV,8630,51,8629,150,8628,200,8633,50,8634,100,8635,150
885742,ZSE-ETFA,8913,50,8911,100,8909,150,8917,30,8919,100,8921,150
885742,ZSE-ETFA3,8896,53,8894,100,8892,150,8900,24,8902,100,8904,150
885742,ZSE-ETFB,9097,10,9096,50,9095,120,9098,50,9099,100,9100,150
885742,ZSE-ETFB3,9372,50,9371,100,9370,150,9374,35,9375,100,9376,150
885742,ZSE-ETFSH,9624,50,9623,100,9622,150,9626,50,9627,100,9628,150
885742,ZSE-FSR,8891,5,8890,50,8888,100,8894,34,8895,5,8896,100
885742,ZSE-GOLD,9892,50,9891,100,9890,150,9894,40,9895,100,9896,150
885742,ZSE-HT,9541,3,9539,100,9537,150,9545,50,9547,100,9549,150
885742,ZSE-INA,8469,45,8467,100,8465,150,8473,16,8475,100,8477,150
885742,ZSE-JNAF,8297,40,8295,100,8293,150,8301,15,8303,100,8305,155
885742,ZSE-JZRO,9098,42,9096,100,9094,150,9102,50,9104,100,9106,150
885742,ZSE-KOTD,11193,50,11191,100,11190,2,11199,94,11201,150,11203,200
885742,ZSE-KRAS,10353,10,10352,50,10350,100,10356,43,10358,100,10360,150
885742,ZSE-KTST,8702,45,8700,100,8698,150,8705,1,8706,50,8708,100
885742,ZSE-MDKA,10254,50,10252,100,10250,150,10258,45,10260,100,10262,150
885742,ZSE-NGUP,9136,24,9134,100,9132,150,9140,50,9142,100,9144,150
885742,ZSE-OIT,8733,42,8732,100,8731,150,8735,50,8736,100,8737,150
885742,ZSE-SIMP,10020,50,10019,100,10018,150,10022,40,10023,100,10024,150
885742,ZSE-XAG,9325,50,9323,100,9321,150,9329,45,9330,10,9331,100
885742,ZSE-XFR,9223,16,9221,100,9219,150,9227,50,9229,100,9231,150
885742,ZSE-ZABA,7444,50,7443,100,7442,150,7446,50,7447,100,7448,150
885742,ZSE-ZITO,9534,50,9533,100,9532,150,9536,50,9537,100,9538,150
885842,ZSE-CARD,9490,45,9489,100,9488,150,9492,20,9493,100,9494,150
885842,ZSE-DDJH,8465,32,8464,100,8463,150,8467,50,8468,100,8469,150
885842,ZSE-DLKV,8628,30,8627,100,8626,150,8630,15,8631,100,8632,150
885842,ZSE-ETFA,8913,25,8911,100,8909,150,8919,100,8921,150,8923,200
885842,ZSE-ETFA3,8896,27,8894,100,8892,150,8902,100,8904,150,8906,200
885842,ZSE-ETFB,9081,62,9080,100,9079,168,9084,39,9085,150,9086,200
885842,ZSE-ETFB3,9372,25,9371,100,9370,150,9374,19,9375,100,9376,150
885842,ZSE-ETFSH,9624,50,9623,100,9622,150,9626,25,9627,100,9628,150
885842,ZSE-FSR,8877,50,8875,109,8873,150,8885,87,8887,200,8889,250
885842,ZSE-GOLD,9904,20,9903,100,9902,150,9906,50,9907,100,9908,150
885842,ZSE-HT,9543,18,9541,150,9539,200,9549,50,9551,100,9553,150
885842,ZSE-INA,8486,11,8484,100,8482,150,8487,4,8488,4,8490,50
885842,ZSE-JNAF,8307,45,8305,100,8303,150,8311,40,8313,100,8315,150
885842,ZSE-JZRO,9089,5,9086,50,9085,11,9092,75,9094,150,9096,201
885842,ZSE-KOTD,11226,8,11224,100,11222,150,11230,50,11232,100,11233,4
885842,ZSE-KRAS,10384,45,10382,100,10380,150,10388,50,10390,105,10392,150
885842,ZSE-KTST,8724,89,8722,150,8720,200,8730,50,8732,100,8734,150
885842,ZSE-MDKA,10305,40,10303,100,10301,150,10309,50,10311,100,10313,150
885842,ZSE-NGUP,9164,3,9162,100,9160,150,9168,50,9170,100,9172,150
885842,ZSE-OIT,8748,18,8747,100,8746,150,8750,50,8751,100,8752,150
885842,ZSE-SIMP,10020,25,10019,100,10018,150,10022,20,10023,100,10024,150
885842,ZSE-XAG,9323,45,9321,100,9319,150,9327,28,9329,100,9330,10
885842,ZSE-XFR,9232,20,9230,100,9228,150,9236,50,9238,100,9240,150
885842,ZSE-ZABA,7453,40,7452,100,7451,150,7455,50,7456,100,7457,150
885842,ZSE-ZITO,9553,50,9552,100,9551,150,9555,50,9556,100,9557,150
885942,ZSE-CARD,9469,60,9468,100,9467,150,9471,5,9472,100,9473,150
885942,ZSE-DDJH,8507,50,8506,100,8505,150,8509,50,8510,100,8511,150
885942,ZSE-DLKV,8627,42,8626,100,8625,150,8629,50,8630,102,8631,150
885942,ZSE-ETFA,8938,40,8936,100,8934,150,8939,10,8942,50,8943,20
885942,ZSE-ETFA3,8919,50,8917,100,8915,150,8923,50,8925,100,8927,150
885942,ZSE-ETFB,9081,62,9080,100,9079,168,9083,50,9084,100,9085,150
885942,ZSE-ETFB3,9372,50,9371,100,9370,150,9374,26,9375,100,9376,150
885942,ZSE-ETFSH,9624,21,9623,100,9622,150,9626,50,9627,100,9628,150
885942,ZSE-FSR,8882,50,8880,100,8878,150,8886,30,8888,100,8890,150
885942,ZSE-GOLD,9866,50,9865,100,9864,150,9868,39,9869,100,9870,150
885942,ZSE-HT,9540,11,9538,100,9536,150,9543,10,9544,50,9546,100
885942,ZSE-INA,8482,42,8480,100,8478,150,8486,50,8487,4,8488,104
885942,ZSE-JNAF,8304,44,8302,100,8300,150,8308,50,8310,100,8312,150
885942,ZSE-JZRO,9094,50,9092,100,9090,150,9098,34,9100,100,9102,150
885942,ZSE-KOTD,11207,42,11205,100,11203,150,11211,50,11213,100,11215,150
885942,ZSE-KRAS,10363,50,10361,100,10359,150,10367,50,10369,100,10371,150
885942,ZSE-KTST,8744,38,8742,100,8740,150,8748,50,8750,100,8752,150
885942,ZSE-MDKA,10272,20,10270,100,10268,150,10276,20,10278,100,10280,150
885942,ZSE-NGUP,9129,46,9127,100,9125,150,9133,50,9135,100,9137,150
885942,ZSE-OIT,8743,45,8742,100,8741,150,8745,50,8746,100,8747,150
885942,ZSE-SIMP,10039,40,10038,100,10037,150,10041,50,10042,100,10043,150
885942,ZSE-XAG,9323,42,9321,100,9319,150,9327,40,9329,100,9330,10
885942,ZSE-XFR,9231,45,9229,100,9227,150,9235,50,9237,100,9239,150
885942,ZSE-ZABA,7450,45,7449,100,7448,150,7452,50,7453,100,7454,150
885942,ZSE-ZITO,9538,50,9537,100,9536,150,9540,50,9541,100,9542,150
886042,ZSE-CARD,9489,25,9488,150,9487,200,9492,20,9493,100,9494,150
886042,ZSE-DDJH,8460,50,8459,100,8458,150,8462,50,8463,100,8464,150
886042,ZSE-DLKV,8624,50,8623,100,8622,150,8626,50,8627,110,8628,154
886042,ZSE-ETFA,8938,50,8936,100,8934,150,8939,10,8942,50,8943,20
886042,ZSE-ETFA3,8919,50,8917,100,8915,150,8923,50,8925,100,8927,150
886042,ZSE-ETFB,9094,50,9093,100,9092,150,9096,50,9097,100,9098,160
886042,ZSE-ETFB3,9372,50,9371,100,9370,150,9374,28,9375,100,9376,150
886042,ZSE-ETFSH,9611,50,9610,100,9609,150,9613,32,9614,100,9615,150
886042,ZSE-FSR,8917,38,8915,100,8913,150,8921,50,8923,100,8925,150
886042,ZSE-GOLD,9906,46,9905,100,9904,150,9908,50,9909,100,9910,150
886042,ZSE-HT,9546,60,9544,150,9542,200,9552,50,9554,100,9556,150
886042,ZSE-INA,8486,24,8484,100,8482,150,8487,4,8488,4,8490,50
886042,ZSE-JNAF,8325,20,8323,100,8321,150,8329,50,8331,100,8333,150
886042,ZSE-JZRO,9070,50,9068,100,9066,151,9076,91,9078,150,9080,200
886042,ZSE-KOTD,11220,50,11218,100,11216,150,11224,50,11226,104,11228,150
886042,ZSE-KRAS,10364,50,10362,100,10360,150,10368,30,10370,100,10372,150
886042,ZSE-KTST,8713,50,8711,100,8709,150,8717,50,8719,100,8721,150
886042,ZSE-MDKA,10264,50,10262,100,10260,150,10268,50,10270,100,10272,150
886042,ZSE-NGUP,9107,50,9105,100,9103,150,9111,27,9113,100,9115,150
886042,ZSE-OIT,8735,130,8734,100,8733,150,8737,50,8738,100,8739,150
886042,ZSE-SIMP,10029,50,10028,100,10027,150,10031,30,10032,100,10033,150
886042,ZSE-XAG,9314,1,9313,50,9312,1,9317,24,9319,100,9321,150
886042,ZSE-XFR,9231,40,9229,100,9227,150,9232,3,9235,50,9237,100
886042,ZSE-ZABA,7449,50,7448,100,7447,150,7451,50,7452,100,7453,150
886042,ZSE-ZITO,9532,50,9531,100,9530,150,9534,50,9535,100,9536,150
886142,ZSE-CARD,9481,40,9480,100,9479,150,9483,20,9484,100,9485,150
886142,ZSE-DDJH,8487,49,8486,100,8485,150,8489,50,8490,100,8491,150
886142,ZSE-DLKV,8629,21,8628,100,8627,150,8631,50,8632,100,8633,150
886142,ZSE-ETFA,8931,50,8929,100,8927,150,8935,38,8937,100,8939,160
886142,ZSE-ETFA3,8917,50,8915,100,8913,150,8923,100,8925,150,8927,200
886142,ZSE-ETFB,9093,100,9092,150,9091,200,9096,50,9097,100,9098,160
886142,ZSE-ETFB3,9365,50,9364,100,9363,150,9368,83,9369,150,9370,200
886142,ZSE-ETFSH,9611,40,9610,100,9609,150,9614,100,9615,150,9616,200
886142,ZSE-FSR,8897,95,8895,200,8893,250,8907,50,8909,150,8911,200
886142,ZSE-GOLD,9865,50,9864,100,9863,161,9867,32,9868,100,9869,150
886142,ZSE-HT,9549,14,9547,150,9545,200,9555,50,9557,100,9558,1
886142,ZSE-INA,8478,46,8476,100,8474,150,8479,5,8482,53,8484,100
886142,ZSE-JNAF,8291,50,8289,100,8287,152,8295,50,8297,100,8299,150
886142,ZSE-JZRO,9084,50,9082,100,9080,150,9088,20,9089,1,9090,100
886142,ZSE-KOTD,11223,38,11221,100,11219,150,11227,38,11229,100,11231,150
886142,ZSE-KRAS,10387,50,10385,100,10383,150,10390,5,10391,50,10393,100
886142,ZSE-KTST,8723,50,8721,100,8719,150,8724,3,8727,50,8729,100
886142,ZSE-MDKA,10264,50,10262,100,10260,150,10268,40,10270,100,10272,150
886142,ZSE-NGUP,9114,100,9112,150,9110,200,9120,50,9122,100,9124,150
886142,ZSE-OIT,8747,50,8746,100,8745,150,8749,43,8750,100,8751,150
886142,ZSE-SIMP,10033,50,10032,100,10031,150,10035,50,10036,100,10037,150
886142,ZSE-XAG,9323,42,9321,100,9319,150,9327,42,9329,100,9330,10
886142,ZSE-XFR,9223,50,9221,100,9219,150,9227,50,9229,100,9231,152
886142,ZSE-ZABA,7436,50,7435,100,7434,150,7439,105,7440,150,7441,200
886142,ZSE-ZITO,9550,40,9549,100,9548,150,9552,50,9553,100,9554,150
936442,ZSE-CARD,10443,34,10442,100,10441,150,10444,3,10445,50,10446,100
936442,ZSE-DDJH,8223,50,8222,100,8221,150,8225,50,8226,100,8227,150
936442,ZSE-DLKV,8847,50,8846,100,8845,150,8850,67,8851,150,8852,200
936442,ZSE-ETFA,9130,50,9128,100,9126,150,9134,19,9136,100,9138,150
936442,ZSE-ETFA3,9388,3,9386,100,9384,150,9392,48,9394,100,9396,150
936442,ZSE-ETFB,9260,50,9259,100,9258,150,9263,84,9264,150,9265,200
936442,ZSE-ETFB3,9708,50,9707,100,9706,150,9710,22,9711,100,9712,150
936442,ZSE-ETFSH,9458,25,9457,100,9456,150,9460,50,9461,111,9462,165
936442,ZSE-FSR,8926,50,8924,100,8922,150,8930,50,8932,100,8934,150
936442,ZSE-GOLD,9710,68,9709,150,9708,200,9712,1,9713,50,9714,100
936442,ZSE-HT,9628,18,9626,100,9624,150,9632,18,9634,100,9636,150
936442,ZSE-INA,8826,7,8824,100,8822,150,8830,50,8832,100,8834,150
936442,ZSE-JNAF,8502,50,8500,100,8498,150,8506,6,8508,100,8510,150
936442,ZSE-JZRO,9362,36,9360,100,9359,3,9366,45,9368,100,9370,150
936442,ZSE-KOTD,11497,50,11495,100,11493,150,11501,18,11502,1,11503,100
936442,ZSE-KRAS,10390,25,10388,100,10386,150,10394,50,10396,100,10398,150
936442,ZSE-KTST,8915,2,8914,50,8912,100,8918,2,8920,100,8922,150
936442,ZSE-MDKA,10826,50,10824,100,10822,150,10830,50,10832,100,10834,150
936442,ZSE-NGUP,9494,50,9492,100,9490,150,9500,88,9502,150,9504,200
936442,ZSE-OIT,8221,49,8220,100,8219,150,8223,17,8224,100,8225,150
936442,ZSE-SIMP,9974,50,9973,100,9972,150,9976,50,9977,100,9978,150
936442,ZSE-XAG,9221,50,9219,100,9217,150,9225,45,9227,100,9229,150
936442,ZSE-XFR,9148,41,9144,50,9142,100,9150,45,9152,150,9154,200
936442,ZSE-ZABA,7564,50,7563,100,7562,150,7566,50,7567,100,7568,150
936442,ZSE-ZITO,9485,38,9484,100,9483,150,9487,50,9488,100,9489,150
936542,ZSE-CARD,10461,77,10460,150,10459,200,10464,50,10465,103,10466,150
936542,ZSE-DDJH,8247,50,8246,100,8245,150,8249,50,8250,100,8251,150
936542,ZSE-DLKV,8867,45,8866,150,8865,200,8870,50,8871,100,8872,150
936542,ZSE-ETFA,9097,50,9095,100,9093,150,9105,140,9107,200,9109,250
936542,ZSE-ETFA3,9388,25,9386,100,9384,150,9392,18,9394,100,9396,150
936542,ZSE-ETFB,9262,49,9261,100,9260,150,9264,50,9265,100,9266,150
936542,ZSE-ETFB3,9708,50,9707,100,9706,150,9710,50,9711,100,9712,150
936542,ZSE-ETFSH,9472,79,9471,150,9470,200,9475,50,9476,100,9477,150
936542,ZSE-FSR,8906,50,8904,100,8902,150,8914,50,8916,200,8918,250
936542,ZSE-GOLD,9724,46,9723,150,9722,200,9727,50,9728,100,9729,150
936542,ZSE-HT,9631,50,9629,100,9627,150,9635,50,9637,100,9639,150
936542,ZSE-INA,8817,100,8815,150,8813,200,8823,50,8825,100,8827,150
936542,ZSE-JNAF,8525,50,8523,100,8521,150,8529,50,8530,10,8531,100
936542,ZSE-JZRO,9317,55,9316,3,9315,100,9321,31,9323,100,9325,150
936542,ZSE-KOTD,11522,92,11520,150,11518,200,11528,50,11530,100,11532,150
936542,ZSE-KRAS,10383,50,10381,100,10379,150,10387,50,10389,100,10391,150
936542,ZSE-KTST,8920,50,8918,100,8916,150,8926,79,8928,150,8930,200
936542,ZSE-MDKA,10831,50,10829,100,10827,150,10835,50,10837,100,10839,150
936542,ZSE-NGUP,9491,50,9489,100,9487,152,9497,43,9499,150,9501,200
936542,ZSE-OIT,8226,50,8225,100,8224,150,8228,43,8229,100,8230,150
936542,ZSE-SIMP,9971,50,9970,100,9969,150,9973,50,9974,100,9975,150
936542,ZSE-XAG,9222,50,9220,100,9218,150,9226,50,9228,100,9230,150
936542,ZSE-XFR,9174,50,9172,100,9170,150,9178,40,9180,100,9182,150
936542,ZSE-ZABA,7576,25,7575,100,7574,150,7578,50,7579,100,7580,150
936542,ZSE-ZITO,9465,50,9464,100,9463,150,9467,50,9468,100,9469,150
936642,ZSE-CARD,10455,50,10454,100,10453,150,10457,30,10458,100,10459,150
936642,ZSE-DDJH,8229,50,8228,100,8227,150,8231,50,8232,100,8233,150
936642,ZSE-DLKV,8843,50,8842,100,8841,150,8845,2,8846,100,8847,150
936642,ZSE-ETFA,9097,50,9095,100,9093,150,9101,45,9103,100,9105,150
936642,ZSE-ETFA3,9285,100,9283,150,9281,200,9293,39,9295,150,9297,200
936642,ZSE-ETFB,9250,50,9249,115,9248,150,9253,70,9254,150,9255,200
936642,ZSE-ETFB3,9690,60,9689,100,9688,163,9692,6,9693,100,9694,150
936642,ZSE-ETFSH,9473,50,9472,100,9471,150,9475,50,9476,100,9477,150
936642,ZSE-FSR,8953,50,8951,100,8949,150,8957,50,8959,100,8961,150
936642,ZSE-GOLD,9718,48,9717,100,9716,150,9720,50,9721,100,9722,150
936642,ZSE-HT,9632,47,9630,100,9628,150,9636,50,9638,100,9640,150
936642,ZSE-INA,8822,42,8820,100,8818,150,8826,50,8828,100,8830,150
936642,ZSE-JNAF,8502,50,8500,100,8498,150,8506,50,8508,100,8510,150
936642,ZSE-JZRO,9330,50,9328,100,9326,150,9334,46,9336,100,9338,150
936642,ZSE-KOTD,11498,43,11496,100,11494,150,11502,50,11504,100,11506,150
936642,ZSE-KRAS,10388,5,10387,50,10385,100,10391,42,10393,100,10395,150
936642,ZSE-KTST,8936,30,8934,100,8932,150,8940,14,8942,100,8944,150
936642,ZSE-MDKA,10915,40,10913,100,10911,150,10919,50,10921,100,10923,150
936642,ZSE-NGUP,9542,50,9540,100,9538,150,9546,50,9548,100,9550,150
936642,ZSE-OIT,8227,50,8226,100,8225,150,8229,35,8230,100,8231,150
936642,ZSE-SIMP,9990,100,9989,150,9988,200,9992,10,9993,50,9994,100
936642,ZSE-XAG,9199,50,9197,100,9195,150,9203,45,9205,100,9207,150
936642,ZSE-XFR,9157,50,9155,100,9153,150,9161,4,9163,100,9165,150
936642,ZSE-ZABA,7570,50,7569,100,7568,150,7572,50,7573,100,7574,150
936642,ZSE-ZITO,9476,50,9475,100,9474,150,9478,50,9479,100,9480,150
936742,ZSE-CARD,10391,50,10390,100,10389,150,10393,35,10394,100,10395,150
936742,ZSE-DDJH,8223,50,8222,100,8221,150,8225,20,8226,100,8227,150
936742,ZSE-DLKV,8855,46,8854,100,8853,150,8857,50,8858,100,8859,150
936742,ZSE-ETFA,9095,100,9093,150,9091,200,9101,40,9103,100,9105,150
936742,ZSE-ETFA3,9237,50,9235,100,9233,150,9241,40,9243,100,9245,150
936742,ZSE-ETFB,9250,50,9249,115,9248,150,9253,36,9254,150,9255,200
936742,ZSE-ETFB3,9690,60,9689,100,9688,163,9693,89,9694,150,9695,200
936742,ZSE-ETFSH,9472,100,9471,150,9470,200,9475,50,9476,100,9477,150
936742,ZSE-FSR,8946,50,8944,100,8942,150,8950,50,8952,100,8954,150
936742,ZSE-GOLD,9717,42,9716,100,9715,150,9719,50,9720,100,9721,150
936742,ZSE-HT,9623,50,9621,100,9619,150,9627,50,9629,100,9631,150
936742,ZSE-INA,8818,3,8816,100,8814,150,8822,41,8824,100,8826,150
936742,ZSE-JNAF,8513,50,8511,100,8509,150,8517,50,8519,100,8521,150
936742,ZSE-JZRO,9331,50,9329,100,9327,150,9335,49,9337,100,9339,150
936742,ZSE-KOTD,11511,50,11509,100,11507,150,11515,50,11517,100,11519,150
936742,ZSE-KRAS,10393,50,10391,100,10389,150,10397,50,10399,100,10401,150
936742,ZSE-KTST,8899,50,8897,100,8895,150,8905,63,8907,150,8909,200
936742,ZSE-MDKA,10872,50,10870,100,10868,150,10876,50,10878,100,10880,150
936742,ZSE-NGUP,9553,25,9551,100,9549,150,9557,50,9559,100,9561,150
936742,ZSE-OIT,8240,50,8239,100,8238,150,8242,50,8243,100,8244,150
936742,ZSE-SIMP,9964,50,9963,100,9962,150,9966,50,9967,100,9968,150
936742,ZSE-XAG,9217,50,9215,100,9213,150,9221,50,9223,100,9225,150
936742,ZSE-XFR,9156,50,9154,100,9152,150,9162,82,9164,150,9166,200
936742,ZSE-ZABA,7576,50,7575,100,7574,150,7578,50,7579,100,7580,150
936742,ZSE-ZITO,9474,50,9473,100,9472,150,9476,50,9477,100,9478,150
983142,ZSE-CARD,9329,50,9328,100,9327,150,9331,47,9332,100,9333,150
983142,ZSE-DDJH,8186,50,8185,100,8184,150,8188,50,8189,100,8190,150
983142,ZSE-DLKV,8979,50,8978,100,8977,150,8981,48,8982,100,8983,150
983142,ZSE-ETFA,9014,50,9012,100,9010,150,9018,40,9020,100,9022,150
983142,ZSE-ETFA3,9138,50,9136,100,9134,150,9142,50,9144,100,9146,150
983142,ZSE-ETFB,9238,50,9237,100,9236,160,9240,40,9241,100,9242,150
983142,ZSE-ETFB3,9852,50,9851,100,9850,150,9854,2,9855,100,9856,150
983142,ZSE-ETFSH,9472,100,9471,150,9470,200,9475,50,9476,100,9477,150
983142,ZSE-FSR,9073,42,9071,100,9069,150,9077,55,9079,100,9081,150
983142,ZSE-GOLD,9744,50,9743,100,9742,150,9746,50,9747,100,9748,150
983142,ZSE-HT,9739,45,9737,100,9735,150,9743,50,9745,100,9747,150
983142,ZSE-INA,8814,50,8812,100,8810,150,8818,50,8820,100,8822,150
983142,ZSE-JNAF,8357,40,8355,100,8353,150,8361,50,8363,100,8365,150
983142,ZSE-JZRO,9464,42,9462,100,9460,150,9468,50,9470,100,9472,150
983142,ZSE-KOTD,11854,50,11852,100,11850,150,11858,44,11860,100,11862,150
983142,ZSE-KRAS,10414,40,10412,100,10410,150,10418,50,10420,100,10422,150
983142,ZSE-KTST,8814,32,8812,100,8810,150,8818,50,8820,100,8822,150
983142,ZSE-MDKA,10557,50,10555,100,10553,150,10561,17,10563,100,10565,150
983142,ZSE-NGUP,9606,42,9604,100,9602,150,9610,50,9612,100,9614,150
983142,ZSE-OIT,8260,17,8259,100,8258,150,8262,50,8263,100,8264,150
983142,ZSE-SIMP,10029,50,10028,100,10027,150,10031,50,10032,100,10033,150
983142,ZSE-XAG,9131,50,9129,100,9128,5,9135,41,9137,100,9139,150
983142,ZSE-XFR,9177,32,9175,100,9173,150,9181,50,9183,100,9185,150
983142,ZSE-ZABA,7515,50,7514,100,7513,150,7517,50,7518,100,7519,150
983142,ZSE-ZITO,9410,50,9409,100,9408,150,9412,50,9413,100,9414,150
983242,ZSE-CARD,9320,50,9319,100,9318,150,9322,50,9323,100,9324,150
983242,ZSE-DDJH,8170,40,8169,100,8168,150,8172,25,8173,100,8174,150
983242,ZSE-DLKV,8958,38,8957,100,8956,150,8960,2,8961,100,8962,150
983242,ZSE-ETFA,9014,24,9012,100,9010,150,9018,32,9020,100,9022,150
983242,ZSE-ETFA3,9138,50,9136,100,9134,150,9142,50,9144,100,9146,150
983242,ZSE-ETFB,9271,50,9270,100,9269,150,9273,50,9274,100,9275,150
983242,ZSE-ETFB3,9852,50,9851,100,9850,150,9854,25,9855,100,9856,150
983242,ZSE-ETFSH,9439,50,9438,100,9437,150,9441,7,9442,100,9443,150
983242,ZSE-FSR,9074,27,9072,100,9070,150,9078,50,9080,100,9082,150
983242,ZSE-GOLD,9704,50,9703,100,9702,150,9706,42,9707,100,9708,150
983242,ZSE-HT,9739,44,9737,100,9735,150,9743,50,9745,100,9747,150
983242,ZSE-INA,8795,43,8793,100,8791,150,8799,50,8801,100,8803,150
983242,ZSE-JNAF,8347,50,8345,100,8343,150,8351,35,8353,100,8355,150
983242,ZSE-JZRO,9487,32,9485,100,9483,150,9491,50,9493,100,9495,150
983242,ZSE-KOTD,11873,43,11871,100,11869,150,11877,40,11879,100,11881,150
983242,ZSE-KRAS,10398,45,10396,100,10394,150,10402,50,10404,100,10406,150
983242,ZSE-KTST,8790,27,8788,100,8786,150,8794,50,8796,100,8798,150
983242,ZSE-MDKA,10600,45,10598,100,10596,150,10604,50,10606,100,10608,150
983242,ZSE-NGUP,9623,22,9621,100,9619,150,9627,50,9629,100,9631,150
983242,ZSE-OIT,8278,37,8277,100,8276,150,8280,50,8281,100,8282,150
983242,ZSE-SIMP,10030,50,10029,100,10028,150,10032,50,10033,100,10034,150
983242,ZSE-XAG,9098,50,9096,100,9094,150,9102,32,9104,100,9106,150
983242,ZSE-XFR,9164,14,9162,100,9160,150,9168,50,9170,100,9172,150
983242,ZSE-ZABA,7515,50,7514,100,7513,150,7517,50,7518,100,7519,150
983242,ZSE-ZITO,9426,50,9425,100,9424,150,9428,50,9429,100,9430,150
983342,ZSE-CARD,9333,47,9332,100,9331,150,9335,50,9336,100,9337,150
983342,ZSE-DDJH,8167,50,8166,100,8165,150,8169,50,8170,100,8171,150
983342,ZSE-DLKV,8954,50,8953,100,8952,150,8956,50,8957,100,8958,150
983342,ZSE-ETFA,9005,50,9003,100,9001,156,9011,47,9013,150,9015,200
983342,ZSE-ETFA3,9138,50,9136,100,9134,150,9142,18,9144,100,9146,150
983342,ZSE-ETFB,9271,40,9270,100,9269,150,9274,100,9275,150,9276,200
983342,ZSE-ETFB3,9845,50,9844,100,9843,150,9847,29,9848,100,9849,150
983342,ZSE-ETFSH,9439,50,9438,100,9437,150,9441,50,9442,100,9443,150
983342,ZSE-FSR,9082,13,9080,100,9078,150,9083,10,9086,50,9088,100
983342,ZSE-GOLD,9710,50,9709,100,9708,150,9712,34,9713,100,9714,150
983342,ZSE-HT,9739,89,9737,150,9735,200,9745,50,9747,100,9749,150
983342,ZSE-INA,8791,50,8789,100,8787,150,8795,30,8797,100,8799,150
983342,ZSE-JNAF,8372,92,8370,150,8368,200,8378,50,8379,4,8380,100
983342,ZSE-JZRO,9495,50,9493,100,9491,150,9496,5,9499,50,9501,100
983342,ZSE-KOTD,11895,35,11893,100,11891,150,11899,50,11901,100,11903,150
983342,ZSE-KRAS,10390,50,10388,100,10386,150,10394,50,10396,100,10398,150
983342,ZSE-KTST,8790,50,8788,100,8786,150,8794,50,8796,100,8798,150
983342,ZSE-MDKA,10652,50,10650,100,10648,150,10656,50,10658,100,10660,150
983342,ZSE-NGUP,9620,43,9618,200,9616,250,9628,50,9630,100,9632,150
983342,ZSE-OIT,8259,84,8258,150,8257,200,8262,50,8263,100,8264,150
983342,ZSE-SIMP,10016,50,10015,100,10014,150,10018,50,10019,100,10020,150
983342,ZSE-XAG,9119,50,9117,100,9115,150,9123,34,9125,100,9127,150
983342,ZSE-XFR,9173,18,9171,150,9169,200,9179,50,9181,100,9183,150
983342,ZSE-ZABA,7506,50,7505,100,7504,150,7508,25,7509,100,7510,150
983342,ZSE-ZITO,9398,50,9397,100,9396,150,9400,30,9401,100,9402,150
983442,ZSE-CARD,9344,16,9343,100,9342,150,9346,50,9347,100,9348,150
983442,ZSE-DDJH,8168,50,8167,100,8166,150,8170,50,8171,100,8172,150
983442,ZSE-DLKV,8958,50,8957,100,8956,150,8960,48,8961,100,8962,150
983442,ZSE-ETFA,9032,50,9030,100,9028,150,9036,50,9037,10,9038,100
983442,ZSE-ETFA3,9138,25,9136,100,9134,150,9144,100,9146,150,9148,200
983442,ZSE-ETFB,9284,50,9283,100,9282,150,9286,50,9287,100,9288,150
983442,ZSE-ETFB3,9874,50,9873,100,9872,150,9876,50,9877,100,9878,150
983442,ZSE-ETFSH,9439,50,9438,100,9437,150,9441,50,9442,100,9443,150
983442,ZSE-FSR,9069,50,9067,100,9065,150,9073,55,9075,100,9077,150
983442,ZSE-GOLD,9727,50,9726,100,9725,150,9729,50,9730,100,9731,150
983442,ZSE-HT,9741,45,9739,100,9737,150,9745,50,9747,100,9749,150
983442,ZSE-INA,8785,50,8783,100,8781,150,8789,45,8791,100,8793,150
983442,ZSE-JNAF,8354,50,8352,100,8350,150,8358,50,8360,100,8362,150
983442,ZSE-JZRO,9470,50,9469,5,9468,100,9474,50,9476,100,9478,150
983442,ZSE-KOTD,11855,50,11853,100,11851,150,11859,50,11861,100,11863,150
983442,ZSE-KRAS,10400,50,10398,100,10396,150,10404,42,10406,100,10408,150
983442,ZSE-KTST,8788,50,8786,100,8784,150,8789,5,8792,50,8794,100
983442,ZSE-MDKA,10627,50,10625,100,10623,150,10631,50,10633,100,10635,150
983442,ZSE-NGUP,9625,19,9623,100,9621,150,9629,50,9631,100,9633,150
983442,ZSE-OIT,8252,50,8251,100,8250,150,8254,50,8255,100,8256,150
983442,ZSE-SIMP,10026,50,10025,100,10024,150,10028,50,10029,100,10030,150
983442,ZSE-XAG,9124,50,9122,100,9120,150,9128,50,9130,100,9132,150
983442,ZSE-XFR,9157,50,9155,100,9153,150,9161,50,9163,105,9165,150
983442,ZSE-ZABA,7507,50,7506,100,7505,150,7509,50,7510,100,7511,150
983442,ZSE-ZITO,9417,50,9416,100,9415,150,9419,50,9420,100,9421,150
983542,ZSE-CARD,9322,53,9321,100,9320,150,9324,30,9325,100,9326,150
983542,ZSE-DDJH,8174,50,8173,100,8172,150,8176,50,8177,100,8178,150
983542,ZSE-DLKV,8947,5,8946,50,8945,100,8948,27,8949,100,8950,150
983542,ZSE-ETFA,9032,50,9031,10,9030,100,9037,10,9038,100,9040,150
983542,ZSE-ETFA3,9161,10,9159,50,9157,100,9162,80,9163,50,9165,100
983542,ZSE-ETFB,9284,50,9283,100,9282,150,9286,40,9287,100,9288,150
983542,ZSE-ETFB3,9874,50,9873,100,9872,150,9876,50,9877,100,9878,150
983542,ZSE-ETFSH,9439,18,9438,100,9437,150,9441,25,9442,100,9443,150
983542,ZSE-FSR,9085,30,9083,100,9081,150,9089,50,9091,100,9093,150
983542,ZSE-GOLD,9733,50,9732,100,9731,150,9735,50,9736,100,9737,150
983542,ZSE-HT,9753,50,9751,100,9749,150,9757,50,9759,100,9761,150
983542,ZSE-INA,8782,50,8780,100,8778,150,8786,5,8788,100,8790,150
983542,ZSE-JNAF,8375,50,8373,100,8371,150,8379,54,8381,100,8383,150
983542,ZSE-JZRO,9427,50,9425,100,9423,150,9431,45,9433,100,9435,150
983542,ZSE-KOTD,11871,50,11869,100,11867,150,11875,50,11877,100,11879,150
983542,ZSE-KRAS,10402,50,10400,100,10398,150,10406,50,10408,100,10410,150
983542,ZSE-KTST,8789,45,8787,100,8785,150,8793,50,8795,100,8797,150
983542,ZSE-MDKA,10668,50,10666,100,10664,150,10672,50,10674,100,10675,5
983542,ZSE-NGUP,9632,39,9630,100,9628,150,9636,50,9638,100,9640,150
983542,ZSE-OIT,8255,50,8254,100,8253,150,8257,50,8258,100,8259,150
983542,ZSE-SIMP,10042,50,10041,100,10040,150,10044,50,10045,100,10046,150
983542,ZSE-XAG,9115,50,9113,100,9111,150,9119,50,9121,100,9123,150
983542,ZSE-XFR,9155,50,9153,100,9151,150,9159,50,9161,100,9163,155
983542,ZSE-ZABA,7504,50,7503,100,7502,150,7506,50,7507,100,7508,150
983542,ZSE-ZITO,9415,50,9414,100,9413,150,9417,50,9418,100,9419,150
983642,ZSE-CARD,9319,50,9318,100,9317,150,9321,41,9322,100,9323,150
983642,ZSE-DDJH,8198,19,8197,100,8196,150,8200,50,8201,100,8202,150
983642,ZSE-DLKV,8968,50,8967,100,8966,150,8970,50,8971,100,8972,150
983642,ZSE-ETFA,9031,10,9030,50,9028,100,9034,50,9036,100,9037,10
983642,ZSE-ETFA3,9161,10,9159,50,9157,100,9162,80,9163,50,9165,100
983642,ZSE-ETFB,9284,40,9283,100,9282,150,9286,50,9287,100,9288,150
983642,ZSE-ETFB3,9874,41,9873,100,9872,150,9876,50,9877,100,9878,150
983642,ZSE-ETFSH,9439,49,9438,100,9437,150,9441,50,9442,100,9443,150
983642,ZSE-FSR,9065,50,9063,100,9061,150,9069,50,9071,100,9073,150
983642,ZSE-GOLD,9767,50,9766,100,9765,150,9769,50,9770,100,9771,150
983642,ZSE-HT,9740,50,9738,100,9736,150,9744,50,9746,100,9748,150
983642,ZSE-INA,8809,46,8807,100,8805,150,8813,55,8815,100,8817,150
983642,ZSE-JNAF,8379,46,8377,100,8375,150,8383,50,8385,100,8387,150
983642,ZSE-JZRO,9380,5,9378,50,9376,100,9382,40,9384,100,9386,150
983642,ZSE-KOTD,11882,50,11880,100,11878,150,11886,50,11888,100,11890,150
983642,ZSE-KRAS,10414,50,10412,100,10410,150,10418,50,10420,100,10422,150
983642,ZSE-KTST,8766,50,8764,100,8762,150,8770,50,8772,100,8774,150
983642,ZSE-MDKA,10679,45,10677,100,10675,150,10682,5,10683,50,10685,100
983642,ZSE-NGUP,9646,12,9644,150,9642,200,9652,50,9654,100,9656,150
983642,ZSE-OIT,8237,50,8236,100,8235,150,8239,50,8240,100,8241,150
983642,ZSE-SIMP,10037,50,10036,100,10035,150,10039,50,10040,100,10041,150
983642,ZSE-XAG,9117,50,9115,100,9113,150,9121,50,9123,100,9124,10
983642,ZSE-XFR,9152,50,9150,100,9148,150,9156,55,9158,100,9160,150
983642,ZSE-ZABA,7508,50,7507,100,7506,150,7510,50,7511,100,7512,150
983642,ZSE-ZITO,9422,50,9421,100,9420,150,9424,50,9425,100,9426,150
983742,ZSE-CARD,9240,50,9239,100,9238,150,9242,23,9243,100,9244,150
983742,ZSE-DDJH,8185,45,8184,100,8183,150,8187,50,8188,100,8189,150
983742,ZSE-DLKV,8948,45,8947,105,8946,150,8950,50,8951,100,8952,150
983742,ZSE-ETFA,9031,10,9030,50,9028,100,9034,50,9036,100,9037,10
983742,ZSE-ETFA3,9166,70,9164,150,9162,200,9172,50,9174,100,9176,150
983742,ZSE-ETFB,9290,42,9289,100,9288,150,9292,50,9293,100,9294,150
983742,ZSE-ETFB3,9873,100,9872,150,9871,200,9876,50,9877,100,9878,150
983742,ZSE-ETFSH,9439,50,9438,100,9437,150,9441,50,9442,100,9443,150
983742,ZSE-FSR,9045,50,9043,100,9041,150,9049,50,9051,100,9053,150
983742,ZSE-GOLD,9798,50,9797,100,9796,150,9800,50,9801,100,9802,150
983742,ZSE-HT,9766,45,9764,100,9762,150,9769,5,9770,50,9771,5
983742,ZSE-INA,8771,55,8769,100,8767,150,8775,6,8777,100,8779,150
983742,ZSE-JNAF,8371,34,8369,100,8367,150,8374,5,8375,50,8377,100
983742,ZSE-JZRO,9358,50,9356,100,9355,5,9362,40,9364,100,9366,150
983742,ZSE-KOTD,11861,34,11859,100,11857,150,11865,42,11867,100,11869,150
983742,ZSE-KRAS,10398,50,10396,100,10394,150,10402,50,10404,100,10406,150
983742,ZSE-KTST,8790,40,8788,100,8786,150,8794,50,8796,100,8798,150
983742,ZSE-MDKA,10632,5,10629,50,10627,100,10633,50,10635,100,10637,150
983742,ZSE-NGUP,9635,50,9633,100,9631,150,9639,50,9641,100,9643,150
983742,ZSE-OIT,8242,25,8241,100,8240,150,8244,50,8245,100,8246,150
983742,ZSE-SIMP,10044,50,10043,100,10042,150,10046,50,10047,100,10048,150
983742,ZSE-XAG,9117,50,9115,100,9113,150,9121,50,9123,100,9124,10
983742,ZSE-XFR,9170,40,9168,100,9166,150,9172,5,9174,50,9176,100
983742,ZSE-ZABA,7530,50,7529,100,7528,150,7532,50,7533,100,7534,150
983742,ZSE-ZITO,9392,50,9391,100,9390,150,9395,95,9396,150,9397,200
983842,ZSE-CARD,9225,50,9224,100,9223,150,9227,31,9228,100,9229,150
983842,ZSE-DDJH,8204,45,8203,100,8202,150,8206,50,8207,100,8208,150
983842,ZSE-DLKV,8951,50,8950,100,8949,150,8953,30,8954,100,8955,150
983842,ZSE-ETFA,9046,35,9044,100,9042,150,9050,50,9052,100,9054,150
983842,ZSE-ETFA3,9168,40,9166,100,9164,150,9172,45,9174,100,9176,150
983842,ZSE-ETFB,9308,9,9307,100,9306,150,9310,50,9311,100,9312,150
983842,ZSE-ETFB3,9874,50,9873,100,9872,150,9876,50,9877,100,9878,150
983842,ZSE-ETFSH,9439,50,9438,100,9437,150,9441,50,9442,100,9443,150
983842,ZSE-FSR,9073,45,9071,100,9069,150,9077,50,9079,100,9081,150
983842,ZSE-GOLD,9804,25,9803,100,9802,150,9806,50,9807,100,9808,150
983842,ZSE-HT,9768,35,9766,100,9764,150,9769,5,9771,5,9772,50
983842,ZSE-INA,8793,18,8791,100,8789,150,8797,50,8799,100,8801,150
983842,ZSE-JNAF,8373,50,8371,100,8369,150,8374,5,8377,50,8378,5
983842,ZSE-JZRO,9378,50,9376,100,9374,150,9382,50,9384,100,9386,150
983842,ZSE-KOTD,11865,33,11863,100,11861,150,11869,50,11870,5,11871,100
983842,ZSE-KRAS,10421,25,10419,100,10417,150,10425,50,10427,100,10429,150
983842,ZSE-KTST,8778,45,8776,100,8774,150,8782,50,8784,100,8786,150
983842,ZSE-MDKA,10618,50,10616,100,10614,150,10622,45,10624,100,10626,150
983842,ZSE-NGUP,9651,21,9649,100,9647,150,9655,50,9657,100,9659,150
983842,ZSE-OIT,8249,45,8248,100,8247,150,8251,50,8252,100,8253,150
983842,ZSE-SIMP,10033,50,10032,100,10031,150,10035,50,10036,100,10037,150
983842,ZSE-XAG,9125,40,9123,100,9121,150,9129,50,9131,100,9133,150
983842,ZSE-XFR,9164,45,9162,100,9160,150,9168,50,9169,5,9170,100
983842,ZSE-ZABA,7506,50,7505,100,7504,150,7508,50,7509,100,7510,150
983842,ZSE-ZITO,9417,50,9416,100,9415,150,9419,50,9420,100,9421,150
983942,ZSE-CARD,9218,53,9217,100,9216,150,9220,37,9221,100,9222,150
983942,ZSE-DDJH,8241,41,8240,100,8239,150,8243,50,8244,100,8245,150
983942,ZSE-DLKV,8950,30,8948,60,8947,105,8951,70,8952,150,8953,200
983942,ZSE-ETFA,9046,50,9044,100,9042,150,9050,50,9052,100,9054,150
983942,ZSE-ETFA3,9168,50,9166,100,9164,150,9172,21,9174,100,9176,150
983942,ZSE-ETFB,9308,33,9307,100,9306,150,9310,50,9311,100,9312,150
983942,ZSE-ETFB3,9874,25,9873,100,9872,150,9876,50,9877,100,9878,150
983942,ZSE-ETFSH,9430,60,9429,100,9428,150,9433,22,9434,150,9435,200
983942,ZSE-FSR,9062,50,9060,100,9058,150,9066,50,9068,100,9070,150
983942,ZSE-GOLD,9767,50,9766,100,9765,150,9769,4,9770,100,9771,150
983942,ZSE-HT,9760,5,9758,100,9756,150,9764,48,9766,100,9768,150
983942,ZSE-INA,8791,50,8789,100,8787,150,8795,50,8797,100,8799,150
983942,ZSE-JNAF,8378,40,8376,100,8374,150,8382,50,8384,100,8386,150
983942,ZSE-JZRO,9405,50,9403,100,9401,150,9409,50,9411,100,9413,150
983942,ZSE-KOTD,11882,40,11880,100,11878,150,11886,50,11888,100,11890,150
983942,ZSE-KRAS,10431,50,10429,100,10427,150,10435,50,10437,100,10438,10
983942,ZSE-KTST,8777,45,8775,100,8773,150,8781,50,8783,100,8785,150
983942,ZSE-MDKA,10606,50,10604,100,10602,150,10610,18,10612,100,10614,150
983942,ZSE-NGUP,9649,42,9647,100,9645,150,9650,5,9653,50,9655,100
983942,ZSE-OIT,8267,50,8266,100,8265,150,8269,50,8270,100,8271,150
983942,ZSE-SIMP,10037,50,10036,100,10035,150,10039,50,10040,100,10041,150
983942,ZSE-XAG,9126,42,9124,100,9122,150,9130,50,9132,100,9134,150
983942,ZSE-XFR,9160,50,9158,100,9156,150,9163,5,9164,50,9166,100
983942,ZSE-ZABA,7527,50,7526,100,7525,150,7529,50,7530,100,7531,150
983942,ZSE-ZITO,9409,50,9408,100,9407,150,9411,50,9412,100,9413,150
984042,ZSE-CARD,9227,50,9226,100,9225,150,9229,27,9230,100,9231,150
984042,ZSE-DDJH,8224,78,8223,150,8222,200,8227,50,8228,100,8229,150
984042,ZSE-DLKV,8966,24,8965,100,8964,150,8968,44,8969,100,8970,150
984042,ZSE-ETFA,9046,50,9044,100,9042,150,9050,50,9052,100,9053,10
984042,ZSE-ETFA3,9182,22,9180,100,9178,150,9184,20,9186,50,9187,10
984042,ZSE-ETFB,9308,42,9307,100,9306,150,9311,100,9312,150,9313,205
984042,ZSE-ETFB3,9874,44,9873,100,9872,160,9876,45,9877,100,9878,150
984042,ZSE-ETFSH,9418,10,9416,50,9415,104,9420,59,9421,200,9422,250
984042,ZSE-FSR,9072,94,9070,150,9068,200,9078,50,9080,100,9082,150
984042,ZSE-GOLD,9778,50,9777,100,9776,150,9780,50,9781,100,9782,150
984042,ZSE-HT,9759,15,9757,100,9755,150,9763,50,9765,100,9767,150
984042,ZSE-INA,8759,50,8757,100,8755,150,8765,77,8767,150,8769,200
984042,ZSE-JNAF,8348,50,8346,100,8344,150,8352,50,8354,100,8356,150
984042,ZSE-JZRO,9396,50,9394,100,9392,150,9400,50,9402,100,9404,150
984042,ZSE-KOTD,11856,50,11854,100,11852,150,11860,44,11862,100,11864,150
984042,ZSE-KRAS,10433,50,10431,100,10429,150,10437,50,10438,10,10439,100
984042,ZSE-KTST,8793,90,8791,150,8789,200,8799,50,8801,100,8803,150
984042,ZSE-MDKA,10674,50,10672,100,10670,150,10678,50,10680,100,10682,155
984042,ZSE-NGUP,9649,81,9647,150,9645,200,9655,50,9657,100,9659,150
984042,ZSE-OIT,8244,50,8243,100,8242,150,8246,50,8247,100,8248,150
984042,ZSE-SIMP,10043,50,10042,100,10041,150,10045,50,10046,100,10047,150
984042,ZSE-XAG,9101,50,9099,100,9097,150,9105,42,9107,100,9109,150
984042,ZSE-XFR,9151,50,9149,100,9147,150,9155,50,9157,100,9159,150
984042,ZSE-ZABA,7530,50,7529,100,7528,150,7532,50,7533,100,7534,150
984042,ZSE-ZITO,9434,50,9433,100,9432,150,9436,50,9437,100,9438,150
984142,ZSE-CARD,9243,27,9242,100,9241,150,9245,50,9246,100,9247,150
984142,ZSE-DDJH,8181,50,8180,100,8179,150,8183,50,8184,100,8185,150
984142,ZSE-DLKV,8965,50,8964,100,8963,150,8967,50,8968,100,8969,150
984142,ZSE-ETFA,9046,50,9044,100,9042,150,9050,50,9052,100,9053,10
984142,ZSE-ETFA3,9182,50,9180,100,9178,150,9184,20,9186,50,9187,10
984142,ZSE-ETFB,9308,50,9307,100,9306,150,9310,50,9311,100,9312,150
984142,ZSE-ETFB3,9892,30,9891,100,9890,150,9894,50,9895,100,9896,150
984142,ZSE-ETFSH,9415,4,9414,60,9413,100,9416,11,9417,100,9418,150
984142,ZSE-FSR,9078,50,9076,100,9074,150,9082,50,9084,100,9086,150
984142,ZSE-GOLD,9802,50,9801,100,9800,150,9804,50,9805,100,9806,150
984142,ZSE-HT,9761,50,9759,100,9757,150,9765,50,9767,100,9769,155
984142,ZSE-INA,8780,50,8778,100,8776,150,8784,50,8786,100,8788,150
984142,ZSE-JNAF,8341,50,8339,100,8337,150,8345,50,8347,100,8349,150
984142,ZSE-JZRO,9387,50,9385,100,9383,150,9391,50,9393,100,9395,150
984142,ZSE-KOTD,11836,50,11834,100,11832,150,11840,50,11842,100,11844,150
984142,ZSE-KRAS,10445,40,10443,100,10441,150,10449,50,10451,100,10453,150
984142,ZSE-KTST,8783,50,8781,100,8779,150,8787,50,8789,100,8791,150
984142,ZSE-MDKA,10700,45,10698,100,10696,150,10704,50,10706,100,10708,150
984142,ZSE-NGUP,9662,35,9660,100,9658,150,9666,50,9668,100,9670,150
984142,ZSE-OIT,8246,50,8245,100,8244,150,8248,50,8249,100,8250,150
984142,ZSE-SIMP,10027,50,10026,100,10025,150,10029,50,10030,100,10031,150
984142,ZSE-XAG,9121,30,9119,100,9117,150,9125,50,9127,100,9129,150
984142,ZSE-XFR,9140,50,9138,100,9136,155,9144,50,9146,100,9148,150
984142,ZSE-ZABA,7537,50,7536,100,7535,150,7539,50,7540,100,7541,150
984142,ZSE-ZITO,9434,50,9433,100,9432,150,9436,50,9437,100,9438,150
984242,ZSE-CARD,9246,44,9245,100,9244,150,9248,50,9249,103,9250,150
984242,ZSE-DDJH,8183,50,8182,100,8181,150,8185,50,8186,100,8187,150
984242,ZSE-DLKV,8958,45,8957,100,8956,150,8961,85,8962,150,8963,200
984242,ZSE-ETFA,9059,95,9057,150,9055,200,9064,10,9065,50,9067,110
984242,ZSE-ETFA3,9187,35,9185,100,9183,150,9188,10,9189,10,9191,60
984242,ZSE-ETFB,9323,100,9322,150,9321,200,9324,9,9326,60,9327,120
984242,ZSE-ETFB3,9892,23,9891,100,9890,150,9894,50,9895,100,9896,150
984242,ZSE-ETFSH,9415,4,9414,60,9413,100,9417,70,9418,150,9419,200
984242,ZSE-FSR,9044,50,9042,100,9040,150,9048,50,9050,100,9052,150
984242,ZSE-GOLD,9777,50,9776,100,9775,150,9779,16,9780,100,9781,150
984242,ZSE-HT,9750,50,9748,100,9746,150,9754,50,9756,100,9758,150
984242,ZSE-INA,8781,50,8779,100,8777,150,8785,50,8787,100,8789,150
984242,ZSE-JNAF,8356,50,8354,100,8352,150,8360,50,8362,100,8364,150
984242,ZSE-JZRO,9417,50,9415,100,9413,150,9421,50,9423,100,9425,150
984242,ZSE-KOTD,11880,50,11878,100,11876,150,11881,5,11884,50,11886,100
984242,ZSE-KRAS,10473,50,10471,100,10469,150,10477,50,10479,100,10481,150
984242,ZSE-KTST,8761,55,8759,100,8757,155,8765,50,8767,100,8769,150
984242,ZSE-MDKA,10651,50,10649,100,10647,150,10655,50,10657,100,10659,150
984242,ZSE-NGUP,9648,30,9646,100,9644,150,9652,50,9654,100,9656,150
984242,ZSE-OIT,8234,5,8233,50,8232,100,8235,50,8236,100,8237,150
984242,ZSE-SIMP,10022,50,10021,100,10020,150,10024,50,10025,100,10026,150
984242,ZSE-XAG,9142,45,9140,100,9138,150,9146,55,9148,100,9150,150
984242,ZSE-XFR,9129,50,9127,100,9125,150,9133,45,9135,100,9137,150
984242,ZSE-ZABA,7523,50,7522,100,7521,150,7525,50,7526,100,7527,150
984242,ZSE-ZITO,9435,50,9434,100,9433,150,9437,50,9438,100,9439,150
984342,ZSE-CARD,9247,50,9246,100,9245,150,9249,53,9250,100,9251,150
984342,ZSE-DDJH,8159,50,8158,100,8157,150,8161,50,8162,100,8163,150
984342,ZSE-DLKV,8937,5,8936,50,8935,100,8939,97,8940,150,8941,200
984342,ZSE-ETFA,9065,15,9063,150,9061,200,9071,55,9073,100,9074,7
984342,ZSE-ETFA3,9187,45,9185,100,9183,150,9188,10,9189,10,9191,60
984342,ZSE-ETFB,9324,31,9323,100,9322,150,9326,60,9327,120,9328,150
984342,ZSE-ETFB3,9892,26,9891,100,9890,150,9894,50,9895,100,9896,150
984342,ZSE-ETFSH,9403,20,9401,50,9400,100,9405,94,9406,200,9407,250
984342,ZSE-FSR,9033,50,9031,100,9029,150,9037,50,9039,100,9041,150
984342,ZSE-GOLD,9818,32,9817,100,9816,150,9820,50,9821,100,9822,150
984342,ZSE-HT,9753,48,9751,100,9749,150,9757,50,9759,105,9760,5
984342,ZSE-INA,8787,50,8785,100,8783,150,8790,5,8791,50,8793,100
984342,ZSE-JNAF,8368,50,8366,100,8364,150,8372,50,8374,100,8376,150
984342,ZSE-JZRO,9402,50,9400,100,9398,150,9406,50,9408,100,9410,150
984342,ZSE-KOTD,11838,50,11836,100,11834,150,11842,50,11844,100,11846,150
984342,ZSE-KRAS,10442,50,10440,100,10438,150,10446,50,10448,100,10450,150
984342,ZSE-KTST,8761,28,8759,100,8757,155,8767,100,8769,150,8771,200
984342,ZSE-MDKA,10666,100,10664,150,10662,200,10672,50,10674,100,10676,150
984342,ZSE-NGUP,9642,50,9640,100,9638,150,9646,50,9648,100,9650,150
984342,ZSE-OIT,8232,50,8231,100,8230,150,8234,45,8235,100,8236,150
984342,ZSE-SIMP,10030,50,10029,100,10028,150,10032,50,10033,100,10034,150
984342,ZSE-XAG,9169,5,9167,100,9165,150,9173,50,9175,100,9177,150
984342,ZSE-XFR,9138,50,9136,100,9134,150,9142,50,9144,100,9146,150
984342,ZSE-ZABA,7540,50,7539,100,7538,150,7542,50,7543,100,7544,150
984342,ZSE-ZITO,9436,50,9435,100,9434,150,9438,50,9439,100,9440,150
984442,ZSE-CARD,9251,47,9250,100,9249,150,9252,3,9253,50,9254,100
984442,ZSE-DDJH,8221,50,8220,100,8219,150,8223,50,8224,100,8225,150
984442,ZSE-DLKV,8942,50,8941,100,8940,150,8945,34,8946,150,8947,200
984442,ZSE-ETFA,9065,34,9063,150,9061,200,9071,55,9073,100,9074,7
984442,ZSE-ETFA3,9187,44,9185,100,9183,150,9188,10,9189,10,9191,60
984442,ZSE-ETFB,9334,62,9333,150,9332,200,9336,10,9337,50,9338,110
984442,ZSE-ETFB3,9899,17,9898,100,9897,150,9900,10,9901,55,9902,120
984442,ZSE-ETFSH,9403,70,9402,100,9401,150,9406,80,9407,150,9408,200
984442,ZSE-FSR,9034,50,9032,100,9030,150,9038,42,9040,100,9042,150
984442,ZSE-GOLD,9773,50,9772,100,9771,150,9775,10,9776,100,9777,150
984442,ZSE-HT,9780,25,9778,100,9776,150,9784,50,9786,100,9788,150
984442,ZSE-INA,8811,15,8809,100,8807,150,8813,5,8815,50,8817,100
984442,ZSE-JNAF,8370,50,8368,100,8366,150,8374,50,8376,100,8377,5
984442,ZSE-JZRO,9387,50,9385,100,9383,150,9391,42,9393,100,9395,150
984442,ZSE-KOTD,11867,25,11865,100,11863,150,11871,50,11873,100,11875,150
984442,ZSE-KRAS,10447,25,10445,100,10443,150,10451,50,10453,100,10455,150
984442,ZSE-KTST,8757,5,8756,50,8754,105,8760,27,8762,100,8764,150
984442,ZSE-MDKA,10597,50,10595,100,10593,150,10601,50,10603,100,10605,150
984442,ZSE-NGUP,9642,30,9640,100,9638,150,9646,27,9648,100,9650,150
984442,ZSE-OIT,8239,50,8238,100,8237,150,8241,50,8242,100,8243,150
984442,ZSE-SIMP,10002,50,10001,100,10000,150,10004,50,10005,100,10006,150
984442,ZSE-XAG,9172,25,9170,100,9168,150,9176,50,9178,100,9180,150
984442,ZSE-XFR,9134,50,9132,100,9130,150,9138,50,9140,100,9142,150
984442,ZSE-ZABA,7526,50,7525,100,7524,150,7528,50,7529,100,7530,150
984442,ZSE-ZITO,9407,50,9406,100,9405,150,9409,50,9410,100,9411,150
984542,ZSE-CARD,9229,50,9228,100,9227,150,9231,44,9232,100,9233,150
984542,ZSE-DDJH,8251,45,8250,100,8249,150,8253,50,8254,105,8255,153
984542,ZSE-DLKV,8946,25,8945,100,8944,150,8948,50,8949,100,8950,150
984542,ZSE-ETFA,9067,15,9065,100,9063,150,9071,55,9073,100,9074,7
984542,ZSE-ETFA3,9187,15,9185,100,9183,150,9188,10,9189,10,9191,60
984542,ZSE-ETFB,9334,10,9333,150,9332,200,9336,10,9337,50,9338,110
984542,ZSE-ETFB3,9892,50,9891,100,9890,150,9894,60,9895,100,9896,150
984542,ZSE-ETFSH,9406,50,9405,100,9404,150,9408,40,9409,100,9410,150
984542,ZSE-FSR,9062,50,9060,100,9058,150,9066,50,9068,100,9070,150
984542,ZSE-GOLD,9794,50,9793,100,9792,150,9796,50,9797,100,9798,150
984542,ZSE-HT,9757,50,9755,100,9753,150,9761,25,9763,100,9765,150
984542,ZSE-INA,8780,50,8778,100,8776,150,8784,24,8786,100,8788,150
984542,ZSE-JNAF,8384,45,8382,100,8380,150,8388,50,8390,105,8392,150
984542,ZSE-JZRO,9378,50,9376,100,9374,150,9382,50,9384,100,9386,150
984542,ZSE-KOTD,11875,5,11873,100,11871,150,11879,50,11881,105,11883,150
984542,ZSE-KRAS,10465,50,10463,100,10461,150,10469,50,10471,100,10473,150
984542,ZSE-KTST,8775,50,8773,100,8771,150,8779,50,8781,100,8783,150
984542,ZSE-MDKA,10552,50,10550,100,10548,150,10556,27,10558,100,10560,150
984542,ZSE-NGUP,9634,50,9632,100,9630,150,9638,50,9640,100,9642,150
984542,ZSE-OIT,8225,50,8224,100,8223,150,8227,50,8228,100,8229,150
984542,ZSE-SIMP,10026,50,10025,100,10024,150,10028,50,10029,100,10030,150
984542,ZSE-XAG,9143,50,9141,100,9139,150,9147,50,9149,100,9151,150
984542,ZSE-XFR,9121,50,9119,100,9117,150,9125,50,9127,100,9129,150
984542,ZSE-ZABA,7515,50,7514,100,7513,150,7517,25,7518,100,7519,150
984542,ZSE-ZITO,9415,25,9414,100,9413,150,9417,50,9418,100,9419,150
984642,ZSE-CARD,9222,53,9221,100,9220,153,9224,40,9225,100,9226,150
984642,ZSE-DDJH,8238,50,8237,100,8236,150,8240,50,8241,100,8242,150
984642,ZSE-DLKV,8964,50,8963,100,8962,150,8966,50,8967,100,8968,150
984642,ZSE-ETFA,9072,30,9070,100,9068,150,9074,7,9075,10,9076,50
984642,ZSE-ETFA3,9187,45,9185,100,9183,150,9188,10,9189,10,9191,60
984642,ZSE-ETFB,9335,30,9334,100,9333,150,9336,10,9337,50,9338,110
984642,ZSE-ETFB3,9883,50,9882,100,9881,150,9885,50,9886,100,9887,150
984642,ZSE-ETFSH,9406,50,9405,100,9404,150,9408,45,9409,100,9410,150
984642,ZSE-FSR,9075,30,9073,100,9071,150,9079,50,9081,100,9083,150
984642,ZSE-GOLD,9820,45,9819,100,9818,150,9822,50,9823,100,9824,150
984642,ZSE-HT,9761,45,9759,100,9757,150,9765,50,9767,100,9769,150
984642,ZSE-INA,8784,50,8782,100,8780,150,8788,50,8790,100,8792,150
984642,ZSE-JNAF,8398,35,8396,100,8394,150,8399,10,8402,50,8404,100
984642,ZSE-JZRO,9435,50,9433,100,9431,150,9439,50,9441,100,9443,150
984642,ZSE-KOTD,11889,86,11887,150,11885,200,11895,50,11897,100,11899,150
984642,ZSE-KRAS,10443,50,10441,100,10439,150,10447,50,10449,100,10451,150
984642,ZSE-KTST,8784,50,8782,100,8780,150,8788,50,8790,100,8792,150
984642,ZSE-MDKA,10549,50,10547,100,10545,150,10553,30,10555,100,10557,150
984642,ZSE-NGUP,9641,50,9639,100,9637,150,9645,50,9647,100,9649,150
984642,ZSE-OIT,8256,10,8255,100,8254,150,8258,50,8259,100,8260,150
984642,ZSE-SIMP,10026,50,10025,100,10024,150,10028,25,10029,100,10030,150
984642,ZSE-XAG,9138,50,9136,100,9134,150,9142,55,9144,100,9146,150
984642,ZSE-XFR,9114,50,9112,100,9110,150,9118,40,9120,100,9122,150
984642,ZSE-ZABA,7528,50,7527,100,7526,150,7530,50,7531,100,7532,150
984642,ZSE-ZITO,9439,50,9438,100,9437,150,9441,50,9442,100,9443,150
984742,ZSE-CARD,9397,89,9396,150,9395,200,9400,50,9401,100,9402,150
984742,ZSE-DDJH,8256,42,8255,100,8254,150,8258,50,8259,100,8260,150
984742,ZSE-DLKV,8952,50,8951,100,8950,150,8954,50,8955,100,8956,150
984742,ZSE-ETFA,9072,12,9070,100,9068,150,9074,7,9075,10,9076,50
984742,ZSE-ETFA3,9177,50,9175,100,9173,150,9181,50,9183,100,9185,150
984742,ZSE-ETFB,9335,12,9334,100,9333,150,9336,10,9337,50,9338,110
984742,ZSE-ETFB3,9883,50,9882,100,9881,150,9885,50,9886,100,9887,150
984742,ZSE-ETFSH,9406,50,9405,100,9404,150,9409,100,9410,150,9411,200
984742,ZSE-FSR,9054,50,9052,100,9050,150,9058,50,9060,100,9062,150
984742,ZSE-GOLD,9804,42,9803,100,9802,150,9806,50,9807,100,9808,150
984742,ZSE-HT,9756,50,9754,100,9752,150,9760,50,9762,100,9764,150
984742,ZSE-INA,8792,50,8790,100,8788,150,8796,45,8798,100,8800,150
984742,ZSE-JNAF,8389,28,8387,100,8385,150,8393,50,8395,100,8397,150
984742,ZSE-JZRO,9423,50,9421,100,9419,150,9427,50,9429,100,9431,150
984742,ZSE-KOTD,11883,30,11881,100,11879,150,11887,50,11889,100,11891,150
984742,ZSE-KRAS,10448,50,10446,100,10444,150,10452,50,10454,100,10456,150
984742,ZSE-KTST,8786,50,8784,100,8782,150,8790,50,8792,100,8794,150
984742,ZSE-MDKA,10501,50,10499,100,10497,150,10505,50,10507,100,10509,150
984742,ZSE-NGUP,9635,25,9633,150,9631,200,9641,50,9643,100,9645,150
984742,ZSE-OIT,8241,50,8240,100,8239,150,8243,50,8244,100,8245,150
984742,ZSE-SIMP,10012,50,10011,100,10010,150,10014,50,10015,100,10016,150
984742,ZSE-XAG,9146,40,9144,100,9142,150,9150,50,9152,100,9154,150
984742,ZSE-XFR,9103,50,9101,100,9099,150,9109,75,9111,150,9113,200
984742,ZSE-ZABA,7538,50,7537,100,7536,150,7540,50,7541,100,7542,150
984742,ZSE-ZITO,9445,50,9444,100,9443,150,9447,50,9448,100,9449,150
984842,ZSE-CARD,9390,53,9389,100,9388,150,9392,50,9393,100,9394,150
984842,ZSE-DDJH,8251,50,8250,100,8249,150,8253,50,8254,100,8255,150
984842,ZSE-DLKV,8962,50,8961,100,8960,150,8964,50,8965,100,8966,150
984842,ZSE-ETFA,9072,26,9070,100,9068,150,9074,7,9075,10,9076,50
984842,ZSE-ETFA3,9177,50,9175,100,9173,150,9181,50,9183,100,9185,150
984842,ZSE-ETFB,9338,30,9337,100,9336,150,9340,50,9341,100,9342,150
984842,ZSE-ETFB3,9883,50,9882,100,9881,150,9885,50,9886,100,9887,150
984842,ZSE-ETFSH,9406,50,9405,100,9404,150,9409,75,9410,150,9411,200
984842,ZSE-FSR,9071,50,9069,100,9067,150,9075,50,9077,100,9079,150
984842,ZSE-GOLD,9815,50,9814,100,9813,150,9817,50,9818,100,9819,155
984842,ZSE-HT,9763,25,9761,100,9759,150,9767,50,9769,100,9771,150
984842,ZSE-INA,8781,50,8779,100,8777,150,8785,50,8787,100,8789,150
984842,ZSE-JNAF,8363,50,8361,100,8359,150,8367,50,8369,100,8371,150
984842,ZSE-JZRO,9406,50,9404,100,9402,150,9410,50,9412,100,9414,150
984842,ZSE-KOTD,11874,50,11872,100,11870,150,11878,50,11880,100,11882,150
984842,ZSE-KRAS,10457,50,10455,100,10453,150,10461,50,10463,100,10465,150
984842,ZSE-KTST,8772,50,8770,100,8768,150,8776,36,8778,100,8780,150
984842,ZSE-MDKA,10475,50,10473,100,10471,150,10479,14,10481,100,10483,150
984842,ZSE-NGUP,9635,85,9633,150,9631,200,9641,38,9643,100,9645,150
984842,ZSE-OIT,8248,50,8247,100,8246,150,8250,50,8251,100,8252,150
984842,ZSE-SIMP,10015,50,10014,100,10013,150,10017,50,10018,100,10019,150
984842,ZSE-XAG,9144,100,9142,150,9140,200,9150,50,9152,100,9154,150
984842,ZSE-XFR,9112,25,9110,100,9108,150,9116,40,9118,100,9120,150
984842,ZSE-ZABA,7534,50,7533,100,7532,150,7536,50,7537,100,7538,150
984842,ZSE-ZITO,9431,50,9430,100,9429,150,9433,50,9434,100,9435,150
1050442,ZSE-CARD,10159,70,10158,100,10157,150,10161,50,10162,100,10163,170
1050442,ZSE-DDJH,8124,100,8123,150,8122,200,8127,50,8128,100,8129,150
1050442,ZSE-DLKV,8730,50,8729,100,8728,150,8732,50,8733,100,8734,150
1050442,ZSE-ETFA,9223,1,9220,50,9218,100,9224,50,9226,100,9228,150
1050442,ZSE-ETFA3,9255,60,9254,20,9253,110,9259,50,9261,100,9263,150
1050442,ZSE-ETFB,9168,50,9167,100,9166,150,9171,100,9172,150,9173,200
1050442,ZSE-ETFB3,9689,50,9688,100,9687,150,9691,50,9692,100,9693,150
1050442,ZSE-ETFSH,9350,100,9349,150,9348,200,9353,50,9354,100,9355,150
1050442,ZSE-FSR,9172,50,9170,100,9168,150,9176,50,9178,100,9180,150
1050442,ZSE-GOLD,9854,50,9853,100,9852,150,9856,50,9857,100,9858,150
1050442,ZSE-HT,9696,279,9695,450,9694,300,9726,366,9727,505,9728,500
1050442,ZSE-INA,9030,50,9028,100,9026,150,9034,50,9036,100,9038,150
1050442,ZSE-JNAF,8306,100,8304,150,8302,200,8312,50,8314,100,8316,150
1050442,ZSE-JZRO,10015,50,10013,100,10011,150,10019,50,10021,100,10023,150
1050442,ZSE-KOTD,11424,50,11422,150,11420,200,11430,50,11432,100,11434,150
1050442,ZSE-KRAS,10556,40,10554,100,10552,150,10560,50,10562,100,10564,150
1050442,ZSE-KTST,8727,50,8725,100,8723,150,8731,50,8733,100,8735,150
1050442,ZSE-MDKA,11263,50,11261,100,11259,150,11267,50,11269,100,11271,150
1050442,ZSE-NGUP,9975,50,9973,100,9971,150,9979,50,9981,100,9983,150
1050442,ZSE-OIT,8407,50,8406,100,8405,150,8409,50,8410,100,8411,150
1050442,ZSE-SIMP,10010,50,10009,100,10008,150,10012,50,10013,100,10014,150
1050442,ZSE-XAG,8805,50,8803,100,8801,150,8809,50,8811,100,8813,150
1050442,ZSE-XFR,9173,50,9171,100,9169,150,9177,50,9179,100,9181,150
1050442,ZSE-ZABA,7792,30,7791,100,7790,150,7794,50,7795,100,7796,150
1050442,ZSE-ZITO,9565,50,9564,100,9563,150,9567,50,9568,100,9569,150
1050542,ZSE-CARD,10136,3,10135,50,10134,100,10137,14,10138,100,10139,150
1050542,ZSE-DDJH,8073,50,8072,100,8071,150,8075,50,8076,100,8077,150
1050542,ZSE-DLKV,8746,45,8745,100,8744,150,8748,50,8749,100,8750,150
1050542,ZSE-ETFA,9216,50,9214,100,9212,150,9220,49,9222,100,9224,150
1050542,ZSE-ETFA3,9259,50,9257,100,9255,160,9263,50,9265,100,9267,150
1050542,ZSE-ETFB,9168,50,9167,100,9166,150,9171,100,9172,150,9173,200
1050542,ZSE-ETFB3,9689,50,9688,100,9687,150,9691,50,9692,100,9693,150
1050542,ZSE-ETFSH,9350,100,9349,150,9348,200,9353,50,9354,100,9355,150
1050542,ZSE-FSR,9168,50,9166,100,9164,150,9172,50,9174,100,9176,150
1050542,ZSE-GOLD,9863,50,9862,100,9861,150,9865,50,9866,100,9867,150
1050542,ZSE-HT,9696,224,9695,450,9694,300,9727,121,9728,350,9729,950
1050542,ZSE-INA,9056,45,9054,100,9052,150,9060,50,9062,100,9064,150
1050542,ZSE-JNAF,8268,60,8266,110,8264,150,8272,40,8274,100,8276,150
1050542,ZSE-JZRO,9998,50,9996,100,9994,150,10002,50,10004,100,10006,150
1050542,ZSE-KOTD,11415,50,11413,100,11411,150,11419,49,11421,100,11423,155
1050542,ZSE-KRAS,10553,50,10551,100,10549,150,10557,50,10559,100,10561,150
1050542,ZSE-KTST,8720,50,8718,100,8716,150,8724,50,8726,100,8728,150
1050542,ZSE-MDKA,11244,100,11242,200,11240,250,11252,50,11254,100,11256,150
1050542,ZSE-NGUP,9982,50,9980,100,9978,150,9986,50,9988,100,9990,150
1050542,ZSE-OIT,8399,50,8398,100,8397,150,8401,50,8402,100,8403,150
1050542,ZSE-SIMP,10010,50,10009,100,10008,150,10012,50,10013,100,10014,150
1050542,ZSE-XAG,8797,50,8796,5,8795,180,8803,100,8805,150,8807,200
1050542,ZSE-XFR,9164,50,9162,100,9160,150,9168,50,9170,100,9172,150
1050542,ZSE-ZABA,7774,50,7773,100,7772,150,7776,30,7777,100,7778,150
1050542,ZSE-ZITO,9564,50,9563,100,9562,150,9566,50,9567,100,9568,150
