time,instrument,price,quantity,bid1_price,bid3_price,ask1_price,ask3_price,above_ask3,below_bid3
778606,CARD,9571,30,9566.0,9564.0,9568.0,9570.0,True,False
778606,CARD,9571,20,9566.0,9564.0,9568.0,9570.0,True,False
778606,CARD,9572,30,9566.0,9564.0,9568.0,9570.0,True,False
778657,CARD,9610,10,9569.0,9567.0,9572.0,9574.0,True,False
778657,CARD,9612,8,9569.0,9567.0,9572.0,9574.0,True,False
778657,CARD,9618,5,9569.0,9567.0,9572.0,9574.0,True,False
778657,CARD,9618,5,9569.0,9567.0,9572.0,9574.0,True,False
778657,CARD,9622,8,9569.0,9567.0,9572.0,9574.0,True,False
778657,CARD,9632,8,9569.0,9567.0,9572.0,9574.0,True,False
778657,CARD,9634,6,9569.0,9567.0,9572.0,9574.0,True,False
778657,CARD,9634,2,9569.0,9567.0,9572.0,9574.0,True,False
778657,CARD,9644,8,9569.0,9567.0,9572.0,9574.0,True,False
778657,CARD,9654,8,9569.0,9567.0,9572.0,9574.0,True,False
778664,CARD,9668,8,9569.0,9567.0,9572.0,9574.0,True,False
778664,CARD,9668,8,9569.0,9567.0,9572.0,9574.0,True,False
778664,CARD,9668,8,9569.0,9567.0,9572.0,9574.0,True,False
778669,CARD,9668,8,9569.0,9567.0,9572.0,9574.0,True,False
778669,CARD,9668,8,9569.0,9567.0,9572.0,9574.0,True,False
778669,CARD,9668,8,9569.0,9567.0,9572.0,9574.0,True,False
778705,CARD,9668,8,9569.0,9567.0,9572.0,9574.0,True,False
778705,CARD,9668,8,9569.0,9567.0,9572.0,9574.0,True,False
778707,CARD,9668,8,9569.0,9567.0,9572.0,9574.0,True,False
778824,CARD,9665,8,9668.0,9666.0,9671.0,9673.0,False,True
778825,CARD,9665,8,9668.0,9666.0,9671.0,9673.0,False,True
778827,CARD,9665,8,9668.0,9666.0,9671.0,9673.0,False,True
826962,CARD,10090,50,9666.0,9664.0,9668.0,9670.0,True,False
826962,CARD,10089,44,9666.0,9664.0,9668.0,9670.0,True,False
827015,CARD,10090,25,9666.0,9664.0,9668.0,9670.0,True,False
827019,CARD,10092,25,9666.0,9664.0,9668.0,9670.0,True,False
827166,CARD,10089,20,10093.0,10091.0,10095.0,10097.0,False,True
827175,CARD,10080,5,10093.0,10091.0,10095.0,10097.0,False,True
827180,CARD,10080,5,10093.0,10091.0,10095.0,10097.0,False,True
827298,CARD,10097,5,10078.0,10076.0,10080.0,10082.0,True,False
827302,CARD,10097,7,10078.0,10076.0,10080.0,10082.0,True,False
827303,CARD,10097,2,10078.0,10076.0,10080.0,10082.0,True,False
827319,CARD,10097,10,10078.0,10076.0,10080.0,10082.0,True,False
827557,CARD,10100,5,10089.0,10087.0,10091.0,10093.0,True,False
827557,CARD,10100,5,10089.0,10087.0,10091.0,10093.0,True,False
827557,CARD,10100,5,10089.0,10087.0,10091.0,10093.0,True,False
827557,CARD,10100,5,10089.0,10087.0,10091.0,10093.0,True,False
827557,CARD,10100,5,10089.0,10087.0,10091.0,10093.0,True,False
827557,CARD,10100,5,10089.0,10087.0,10091.0,10093.0,True,False
827557,CARD,10100,5,10089.0,10087.0,10091.0,10093.0,True,False
827557,CARD,10100,5,10089.0,10087.0,10091.0,10093.0,True,False
827557,CARD,10100,5,10089.0,10087.0,10091.0,10093.0,True,False
827557,CARD,10100,5,10089.0,10087.0,10091.0,10093.0,True,False
827557,CARD,10100,5,10089.0,10087.0,10091.0,10093.0,True,False
827557,CARD,10100,5,10089.0,10087.0,10091.0,10093.0,True,False
827557,CARD,10100,5,10089.0,10087.0,10091.0,10093.0,True,False
827557,CARD,10100,5,10089.0,10087.0,10091.0,10093.0,True,False
827557,CARD,10100,5,10089.0,10087.0,10091.0,10093.0,True,False
827557,CARD,10100,5,10089.0,10087.0,10091.0,10093.0,True,False
827557,CARD,10100,5,10089.0,10087.0,10091.0,10093.0,True,False
827557,CARD,10100,5,10089.0,10087.0,10091.0,10093.0,True,False
827557,CARD,10100,5,10089.0,10087.0,10091.0,10093.0,True,False
827557,CARD,10100,5,10089.0,10087.0,10091.0,10093.0,True,False
827557,CARD,10100,5,10089.0,10087.0,10091.0,10093.0,True,False
827666,CARD,10171,10,10111.0,10109.0,10114.0,10116.0,True,False
827666,CARD,10176,20,10111.0,10109.0,10114.0,10116.0,True,False
827666,CARD,10178,5,10111.0,10109.0,10114.0,10116.0,True,False
827666,CARD,10200,15,10111.0,10109.0,10114.0,10116.0,True,False
827666,CARD,10200,100,10111.0,10109.0,10114.0,10116.0,True,False
827666,CARD,10200,150,10111.0,10109.0,10114.0,10116.0,True,False
827666,CARD,10200,135,10111.0,10109.0,10114.0,10116.0,True,False
885357,CARD,9502,4,10238.0,10236.0,10240.0,10242.0,False,True
885364,CARD,9472,20,10238.0,10236.0,10240.0,10242.0,False,True
885413,CARD,9472,30,10238.0,10236.0,10240.0,10242.0,False,True
885598,CARD,9472,5,9467.0,9465.0,9469.0,9471.0,True,False
885602,CARD,9472,30,9467.0,9465.0,9469.0,9471.0,True,False
885608,CARD,9472,10,9467.0,9465.0,9469.0,9471.0,True,False
885608,CARD,9472,5,9467.0,9465.0,9469.0,9471.0,True,False
885608,CARD,9473,5,9467.0,9465.0,9469.0,9471.0,True,False
885608,CARD,9473,10,9467.0,9465.0,9469.0,9471.0,True,False
885704,CARD,9479,30,9470.0,9468.0,9473.0,9475.0,True,False
885762,CARD,9487,5,9477.0,9475.0,9479.0,9481.0,True,False
885811,CARD,9492,30,9477.0,9475.0,9479.0,9481.0,True,False
885864,CARD,9474,5,9490.0,9488.0,9492.0,9494.0,False,True
885918,CARD,9471,30,9490.0,9488.0,9492.0,9494.0,False,True
885926,CARD,9471,10,9490.0,9488.0,9492.0,9494.0,False,True
885970,CARD,9490,30,9469.0,9467.0,9471.0,9473.0,True,False
885970,CARD,9489,20,9469.0,9467.0,9471.0,9473.0,True,False
885970,CARD,9489,5,9469.0,9467.0,9471.0,9473.0,True,False
886019,CARD,9492,30,9469.0,9467.0,9471.0,9473.0,True,False
886036,CARD,9489,50,9469.0,9467.0,9471.0,9473.0,True,False
886071,CARD,9481,10,9489.0,9487.0,9492.0,9494.0,False,True
886116,CARD,9483,30,9489.0,9487.0,9492.0,9494.0,False,True
936377,CARD,10443,10,9481.0,9479.0,9483.0,9485.0,True,False
936402,CARD,10443,4,9481.0,9479.0,9483.0,9485.0,True,False
936436,CARD,10443,2,9481.0,9479.0,9483.0,9485.0,True,False
936470,CARD,10452,3,10443.0,10441.0,10444.0,10446.0,True,False
936477,CARD,10462,30,10443.0,10441.0,10444.0,10446.0,True,False
936487,CARD,10462,17,10443.0,10441.0,10444.0,10446.0,True,False
936487,CARD,10461,3,10443.0,10441.0,10444.0,10446.0,True,False
936528,CARD,10461,20,10443.0,10441.0,10444.0,10446.0,True,False
936576,CARD,10457,20,10461.0,10459.0,10464.0,10466.0,False,True
936670,CARD,10436,3,10455.0,10453.0,10457.0,10459.0,False,True
936670,CARD,10429,3,10455.0,10453.0,10457.0,10459.0,False,True
936670,CARD,10428,3,10455.0,10453.0,10457.0,10459.0,False,True
936682,CARD,10393,3,10455.0,10453.0,10457.0,10459.0,False,True
936685,CARD,10393,3,10455.0,10453.0,10457.0,10459.0,False,True
983064,CARD,9318,1,10391.0,10389.0,10393.0,10395.0,False,True
983140,CARD,9331,3,10391.0,10389.0,10393.0,10395.0,False,True
983270,CARD,9325,3,9320.0,9318.0,9322.0,9324.0,True,False
983372,CARD,9338,20,9333.0,9331.0,9335.0,9337.0,True,False
983372,CARD,9338,3,9333.0,9331.0,9335.0,9337.0,True,False
983372,CARD,9344,3,9333.0,9331.0,9335.0,9337.0,True,False
983379,CARD,9344,5,9333.0,9331.0,9335.0,9337.0,True,False
983436,CARD,9344,3,9333.0,9331.0,9335.0,9337.0,True,False
983529,CARD,9324,20,9344.0,9342.0,9346.0,9348.0,False,True
983659,CARD,9313,3,9319.0,9317.0,9321.0,9323.0,False,True
983659,CARD,9313,3,9319.0,9317.0,9321.0,9323.0,False,True
983659,CARD,9311,3,9319.0,9317.0,9321.0,9323.0,False,True
983659,CARD,9309,3,9319.0,9317.0,9321.0,9323.0,False,True
983659,CARD,9306,3,9319.0,9317.0,9321.0,9323.0,False,True
983659,CARD,9306,3,9319.0,9317.0,9321.0,9323.0,False,True
983659,CARD,9300,3,9319.0,9317.0,9321.0,9323.0,False,True
983659,CARD,9242,3,9319.0,9317.0,9321.0,9323.0,False,True
983720,CARD,9242,3,9319.0,9317.0,9321.0,9323.0,False,True
983764,CARD,9232,3,9240.0,9238.0,9242.0,9244.0,False,True
983764,CARD,9231,10,9240.0,9238.0,9242.0,9244.0,False,True
983764,CARD,9228,3,9240.0,9238.0,9242.0,9244.0,False,True
983810,CARD,9227,3,9240.0,9238.0,9242.0,9244.0,False,True
983867,CARD,9222,3,9225.0,9223.0,9227.0,9229.0,False,True
983867,CARD,9222,10,9225.0,9223.0,9227.0,9229.0,False,True
983988,CARD,9229,23,9218.0,9216.0,9220.0,9222.0,True,False
984068,CARD,9234,3,9227.0,9225.0,9229.0,9231.0,True,False
984075,CARD,9243,20,9227.0,9225.0,9229.0,9231.0,True,False
984464,CARD,9236,3,9251.0,9249.0,9252.0,9254.0,False,True
984472,CARD,9231,3,9251.0,9249.0,9252.0,9254.0,False,True
984611,CARD,9224,10,9229.0,9227.0,9231.0,9233.0,False,True
984667,CARD,9238,3,9222.0,9220.0,9224.0,9226.0,True,False
984667,CARD,9252,3,9222.0,9220.0,9224.0,9226.0,True,False
984667,CARD,9260,3,9222.0,9220.0,9224.0,9226.0,True,False
984667,CARD,9331,3,9222.0,9220.0,9224.0,9226.0,True,False
984667,CARD,9342,3,9222.0,9220.0,9224.0,9226.0,True,False
984667,CARD,9347,20,9222.0,9220.0,9224.0,9226.0,True,False
984667,CARD,9353,3,9222.0,9220.0,9224.0,9226.0,True,False
984673,CARD,9398,12,9222.0,9220.0,9224.0,9226.0,True,False
984673,CARD,9397,8,9222.0,9220.0,9224.0,9226.0,True,False
984675,CARD,9397,3,9222.0,9220.0,9224.0,9226.0,True,False
1050460,CARD,10153,3,10159.0,10157.0,10161.0,10163.0,False,True
1050460,CARD,10145,10,10159.0,10157.0,10161.0,10163.0,False,True
1050460,CARD,10140,3,10159.0,10157.0,10161.0,10163.0,False,True
778606,DDJH,8602,47,8576.0,8574.0,8578.0,8580.0,True,False
778664,DDJH,8628,2,8602.0,8600.0,8604.0,8606.0,True,False
778711,DDJH,8628,47,8602.0,8600.0,8604.0,8606.0,True,False
778878,DDJH,8634,1,8620.0,8618.0,8622.0,8624.0,True,False
778879,DDJH,8634,30,8620.0,8618.0,8622.0,8624.0,True,False
826963,DDJH,8586,3,8634.0,8632.0,8636.0,8638.0,False,True
826963,DDJH,8586,37,8634.0,8632.0,8636.0,8638.0,False,True
826980,DDJH,8587,10,8634.0,8632.0,8636.0,8638.0,False,True
827177,DDJH,8612,10,8591.0,8589.0,8593.0,8595.0,True,False
827182,DDJH,8612,10,8591.0,8589.0,8593.0,8595.0,True,False
827362,DDJH,8593,10,8630.0,8628.0,8632.0,8634.0,False,True
827362,DDJH,8593,4,8630.0,8628.0,8632.0,8634.0,False,True
827368,DDJH,8591,2,8630.0,8628.0,8632.0,8634.0,False,True
827763,DDJH,8591,3,8610.0,8608.0,8612.0,8614.0,False,True
827763,DDJH,8589,3,8610.0,8608.0,8612.0,8614.0,False,True
827763,DDJH,8586,3,8610.0,8608.0,8612.0,8614.0,False,True
827763,DDJH,8585,10,8610.0,8608.0,8612.0,8614.0,False,True
827763,DDJH,8585,2,8610.0,8608.0,8612.0,8614.0,False,True
827770,DDJH,8583,3,8610.0,8608.0,8612.0,8614.0,False,True
885358,DDJH,8522,2,8581.0,8579.0,8583.0,8585.0,False,True
885377,DDJH,8529,25,8581.0,8579.0,8583.0,8585.0,False,True
885821,DDJH,8465,8,8440.0,8438.0,8442.0,8444.0,True,False
885824,DDJH,8465,10,8440.0,8438.0,8442.0,8444.0,True,False
886064,DDJH,8465,1,8460.0,8458.0,8462.0,8464.0,True,False
936678,DDJH,8225,30,8229.0,8227.0,8231.0,8233.0,False,True
983204,DDJH,8172,25,8186.0,8184.0,8188.0,8190.0,False,True
983230,DDJH,8170,10,8186.0,8184.0,8188.0,8190.0,False,True
983569,DDJH,8185,1,8174.0,8172.0,8176.0,8178.0,True,False
983569,DDJH,8185,5,8174.0,8172.0,8176.0,8178.0,True,False
983593,DDJH,8198,25,8174.0,8172.0,8176.0,8178.0,True,False
983720,DDJH,8185,5,8198.0,8196.0,8200.0,8202.0,False,True
983809,DDJH,8204,5,8185.0,8183.0,8187.0,8189.0,True,False
983867,DDJH,8232,4,8204.0,8202.0,8206.0,8208.0,True,False
983867,DDJH,8238,5,8204.0,8202.0,8206.0,8208.0,True,False
983979,DDJH,8225,35,8241.0,8239.0,8243.0,8245.0,False,True
983985,DDJH,8225,15,8241.0,8239.0,8243.0,8245.0,False,True
983985,DDJH,8224,4,8241.0,8239.0,8243.0,8245.0,False,True
983992,DDJH,8224,18,8241.0,8239.0,8243.0,8245.0,False,True
984465,DDJH,8240,5,8221.0,8219.0,8223.0,8225.0,True,False
984667,DDJH,8254,5,8238.0,8236.0,8240.0,8242.0,True,False
984667,DDJH,8255,3,8238.0,8236.0,8240.0,8242.0,True,False
1050375,DDJH,8125,50,8251.0,8249.0,8253.0,8255.0,False,True
778622,DLKV,8565,2,8568.0,8566.0,8570.0,8572.0,False,True
778664,DLKV,8573,2,8563.0,8561.0,8565.0,8567.0,True,False
778769,DLKV,8593,1,8573.0,8571.0,8575.0,8577.0,True,False
778878,DLKV,8605,1,8593.0,8591.0,8595.0,8597.0,True,False
778878,DLKV,8605,2,8593.0,8591.0,8595.0,8597.0,True,False
778879,DLKV,8605,47,8593.0,8591.0,8595.0,8597.0,True,False
778879,DLKV,8604,3,8593.0,8591.0,8595.0,8597.0,True,False
778879,DLKV,8604,30,8593.0,8591.0,8595.0,8597.0,True,False
778880,DLKV,8604,2,8593.0,8591.0,8595.0,8597.0,True,False
827071,DLKV,8527,10,8544.0,8542.0,8546.0,8548.0,False,True
827071,DLKV,8527,3,8544.0,8542.0,8546.0,8548.0,False,True
827071,DLKV,8527,2,8544.0,8542.0,8546.0,8548.0,False,True
827071,DLKV,8521,2,8544.0,8542.0,8546.0,8548.0,False,True
827071,DLKV,8521,2,8544.0,8542.0,8546.0,8548.0,False,True
827071,DLKV,8515,10,8544.0,8542.0,8546.0,8548.0,False,True
827078,DLKV,8512,3,8544.0,8542.0,8546.0,8548.0,False,True
827078,DLKV,8512,3,8544.0,8542.0,8546.0,8548.0,False,True
827078,DLKV,8512,12,8544.0,8542.0,8546.0,8548.0,False,True
827175,DLKV,8533,3,8510.0,8508.0,8512.0,8514.0,True,False
827175,DLKV,8533,3,8510.0,8508.0,8512.0,8514.0,True,False
827367,DLKV,8530,3,8516.0,8514.0,8518.0,8520.0,True,False
827368,DLKV,8530,2,8516.0,8514.0,8518.0,8520.0,True,False
827368,DLKV,8530,2,8516.0,8514.0,8518.0,8520.0,True,False
827426,DLKV,8530,13,8516.0,8514.0,8518.0,8520.0,True,False
885363,DLKV,8597,2,8548.0,8546.0,8550.0,8552.0,True,False
885364,DLKV,8597,2,8548.0,8546.0,8550.0,8552.0,True,False
885384,DLKV,8597,6,8548.0,8546.0,8550.0,8552.0,True,False
885568,DLKV,8603,2,8595.0,8593.0,8599.0,8601.0,True,False
885568,DLKV,8609,1,8595.0,8593.0,8599.0,8601.0,True,False
885568,DLKV,8609,1,8595.0,8593.0,8599.0,8601.0,True,False
885575,DLKV,8623,32,8595.0,8593.0,8599.0,8601.0,True,False
885677,DLKV,8630,2,8623.0,8621.0,8626.0,8628.0,True,False
885677,DLKV,8630,2,8623.0,8621.0,8626.0,8628.0,True,False
885684,DLKV,8631,2,8623.0,8621.0,8626.0,8628.0,True,False
885684,DLKV,8631,38,8623.0,8621.0,8626.0,8628.0,True,False
885687,DLKV,8631,6,8623.0,8621.0,8626.0,8628.0,True,False
885687,DLKV,8630,44,8623.0,8621.0,8626.0,8628.0,True,False
885701,DLKV,8630,5,8623.0,8621.0,8626.0,8628.0,True,False
886071,DLKV,8629,1,8624.0,8622.0,8626.0,8628.0,True,False
886071,DLKV,8629,2,8624.0,8622.0,8626.0,8628.0,True,False
886072,DLKV,8630,2,8624.0,8622.0,8626.0,8628.0,True,False
886102,DLKV,8629,6,8624.0,8622.0,8626.0,8628.0,True,False
886102,DLKV,8629,6,8624.0,8622.0,8626.0,8628.0,True,False
936358,DLKV,8851,2,8629.0,8627.0,8631.0,8633.0,True,False
936376,DLKV,8849,30,8629.0,8627.0,8631.0,8633.0,True,False
936402,DLKV,8848,1,8629.0,8627.0,8631.0,8633.0,True,False
936402,DLKV,8849,20,8629.0,8627.0,8631.0,8633.0,True,False
936402,DLKV,8850,29,8629.0,8627.0,8631.0,8633.0,True,False
936420,DLKV,8850,1,8629.0,8627.0,8631.0,8633.0,True,False
936420,DLKV,8850,1,8629.0,8627.0,8631.0,8633.0,True,False
936435,DLKV,8850,2,8629.0,8627.0,8631.0,8633.0,True,False
936470,DLKV,8855,1,8847.0,8845.0,8850.0,8852.0,True,False
936485,DLKV,8868,20,8847.0,8845.0,8850.0,8852.0,True,False
936495,DLKV,8868,29,8847.0,8845.0,8850.0,8852.0,True,False
936495,DLKV,8867,19,8847.0,8845.0,8850.0,8852.0,True,False
936538,DLKV,8867,36,8847.0,8845.0,8850.0,8852.0,True,False
936627,DLKV,8845,20,8867.0,8865.0,8870.0,8872.0,False,True
936628,DLKV,8845,20,8867.0,8865.0,8870.0,8872.0,False,True
936629,DLKV,8845,8,8867.0,8865.0,8870.0,8872.0,False,True
936691,DLKV,8855,4,8843.0,8841.0,8845.0,8847.0,True,False
983073,DLKV,8981,2,8855.0,8853.0,8857.0,8859.0,True,False
983179,DLKV,8958,4,8979.0,8977.0,8981.0,8983.0,False,True
983179,DLKV,8958,8,8979.0,8977.0,8981.0,8983.0,False,True
983214,DLKV,8960,10,8979.0,8977.0,8981.0,8983.0,False,True
983214,DLKV,8960,10,8979.0,8977.0,8981.0,8983.0,False,True
983214,DLKV,8960,10,8979.0,8977.0,8981.0,8983.0,False,True
983230,DLKV,8960,10,8979.0,8977.0,8981.0,8983.0,False,True
983234,DLKV,8960,8,8979.0,8977.0,8981.0,8983.0,False,True
983423,DLKV,8960,2,8954.0,8952.0,8956.0,8958.0,True,False
983465,DLKV,8949,10,8958.0,8956.0,8960.0,8962.0,False,True
983483,DLKV,8948,11,8958.0,8956.0,8960.0,8962.0,False,True
983497,DLKV,8948,2,8958.0,8956.0,8960.0,8962.0,False,True
983720,DLKV,8948,5,8968.0,8966.0,8970.0,8972.0,False,True
983773,DLKV,8953,20,8948.0,8946.0,8950.0,8952.0,True,False
983971,DLKV,8967,5,8950.0,8947.0,8951.0,8953.0,True,False
983971,DLKV,8968,6,8950.0,8947.0,8951.0,8953.0,True,False
983992,DLKV,8966,18,8950.0,8947.0,8951.0,8953.0,True,False
984029,DLKV,8966,8,8950.0,8947.0,8951.0,8953.0,True,False
984202,DLKV,8960,45,8965.0,8963.0,8967.0,8969.0,False,True
984208,DLKV,8958,5,8965.0,8963.0,8967.0,8969.0,False,True
984209,DLKV,8960,5,8965.0,8963.0,8967.0,8969.0,False,True
984209,DLKV,8961,15,8965.0,8963.0,8967.0,8969.0,False,True
984266,DLKV,8950,30,8958.0,8956.0,8961.0,8963.0,False,True
984266,DLKV,8948,10,8958.0,8956.0,8961.0,8963.0,False,True
984266,DLKV,8947,5,8958.0,8956.0,8961.0,8963.0,False,True
984308,DLKV,8938,5,8958.0,8956.0,8961.0,8963.0,False,True
984308,DLKV,8939,3,8958.0,8956.0,8961.0,8963.0,False,True
984371,DLKV,8944,11,8937.0,8935.0,8939.0,8941.0,True,False
984371,DLKV,8944,11,8937.0,8935.0,8939.0,8941.0,True,False
984371,DLKV,8944,22,8937.0,8935.0,8939.0,8941.0,True,False
984389,DLKV,8944,6,8937.0,8935.0,8939.0,8941.0,True,False
984389,DLKV,8945,2,8937.0,8935.0,8939.0,8941.0,True,False
984390,DLKV,8945,16,8937.0,8935.0,8939.0,8941.0,True,False
984391,DLKV,8945,3,8937.0,8935.0,8939.0,8941.0,True,False
984391,DLKV,8945,6,8937.0,8935.0,8939.0,8941.0,True,False
984391,DLKV,8945,6,8937.0,8935.0,8939.0,8941.0,True,False
984391,DLKV,8945,33,8937.0,8935.0,8939.0,8941.0,True,False
1050353,DLKV,8757,5,8962.0,8960.0,8964.0,8966.0,False,True
1050467,DLKV,8746,5,8730.0,8728.0,8732.0,8734.0,True,False
778662,ETFA,8962,5,8971.0,8967.0,8977.0,8981.0,False,True
778664,ETFA,8962,5,8971.0,8967.0,8977.0,8981.0,False,True
778664,ETFA,8962,12,8971.0,8967.0,8977.0,8981.0,False,True
778769,ETFA,8953,6,8958.0,8956.0,8962.0,8966.0,False,True
778829,ETFA,8953,8,8958.0,8956.0,8962.0,8966.0,False,True
826962,ETFA,9216,5,8947.0,8944.0,8955.0,8959.0,True,False
826962,ETFA,9216,12,8947.0,8944.0,8955.0,8959.0,True,False
826975,ETFA,9216,23,8947.0,8944.0,8955.0,8959.0,True,False
827374,ETFA,9185,25,9216.0,9212.0,9220.0,9224.0,False,True
885346,ETFA,8925,8,9181.0,9177.0,9185.0,9189.0,False,True
885350,ETFA,8925,8,9181.0,9177.0,9185.0,9189.0,False,True
885566,ETFA,8918,1,8923.0,8919.0,8925.0,8929.0,False,True
885574,ETFA,8917,6,8923.0,8919.0,8925.0,8929.0,False,True
885584,ETFA,8917,42,8923.0,8919.0,8925.0,8929.0,False,True
885862,ETFA,8935,10,8913.0,8909.0,8919.0,8923.0,True,False
936356,ETFA,9227,4,8931.0,8927.0,8935.0,8939.0,True,False
936358,ETFA,9221,5,8931.0,8927.0,8935.0,8939.0,True,False
936368,ETFA,9185,10,8931.0,8927.0,8935.0,8939.0,True,False
936368,ETFA,9154,10,8931.0,8927.0,8935.0,8939.0,True,False
936394,ETFA,9134,11,8931.0,8927.0,8935.0,8939.0,True,False
936468,ETFA,9125,10,9130.0,9126.0,9134.0,9138.0,False,True
936468,ETFA,9123,10,9130.0,9126.0,9134.0,9138.0,False,True
936475,ETFA,9101,19,9130.0,9126.0,9134.0,9138.0,False,True
936477,ETFA,9101,11,9130.0,9126.0,9134.0,9138.0,False,True
936477,ETFA,9103,1,9130.0,9126.0,9134.0,9138.0,False,True
936477,ETFA,9103,1,9130.0,9126.0,9134.0,9138.0,False,True
936477,ETFA,9103,12,9130.0,9126.0,9134.0,9138.0,False,True
936517,ETFA,9103,8,9130.0,9126.0,9134.0,9138.0,False,True
936517,ETFA,9103,8,9130.0,9126.0,9134.0,9138.0,False,True
936536,ETFA,9103,70,9130.0,9126.0,9134.0,9138.0,False,True
936536,ETFA,9105,10,9130.0,9126.0,9134.0,9138.0,False,True
983072,ETFA,9018,10,9095.0,9091.0,9101.0,9105.0,False,True
983286,ETFA,9009,28,9014.0,9010.0,9018.0,9022.0,False,True
983286,ETFA,9009,22,9014.0,9010.0,9018.0,9022.0,False,True
983815,ETFA,9046,5,9031.0,9028.0,9034.0,9037.0,True,False
984163,ETFA,9055,5,9046.0,9042.0,9050.0,9053.0,True,False
984163,ETFA,9057,10,9046.0,9042.0,9050.0,9053.0,True,False
984163,ETFA,9059,5,9046.0,9042.0,9050.0,9053.0,True,False
984163,ETFA,9061,10,9046.0,9042.0,9050.0,9053.0,True,False
984163,ETFA,9061,10,9046.0,9042.0,9050.0,9053.0,True,False
984172,ETFA,9059,5,9046.0,9042.0,9050.0,9053.0,True,False
778759,ETFA3,8792,10,8810.0,8805.0,8815.0,8819.0,False,True
778769,ETFA3,8772,6,8810.0,8805.0,8815.0,8819.0,False,True
778769,ETFA3,8772,5,8810.0,8805.0,8815.0,8819.0,False,True
778801,ETFA3,8772,19,8810.0,8805.0,8815.0,8819.0,False,True
778801,ETFA3,8774,9,8810.0,8805.0,8815.0,8819.0,False,True
778829,ETFA3,8774,8,8810.0,8805.0,8815.0,8819.0,False,True
778829,ETFA3,8774,15,8810.0,8805.0,8815.0,8819.0,False,True
826959,ETFA3,9129,10,8768.0,8764.0,8776.0,8780.0,True,False
826962,ETFA3,9129,30,8768.0,8764.0,8776.0,8780.0,True,False
826962,ETFA3,9129,6,8768.0,8764.0,8776.0,8780.0,True,False
826973,ETFA3,9129,5,8768.0,8764.0,8776.0,8780.0,True,False
826973,ETFA3,9129,10,8768.0,8764.0,8776.0,8780.0,True,False
826975,ETFA3,9129,20,8768.0,8764.0,8776.0,8780.0,True,False
827554,ETFA3,9117,10,9137.0,9133.0,9141.0,9145.0,False,True
827554,ETFA3,9112,10,9137.0,9133.0,9141.0,9145.0,False,True
827760,ETFA3,9097,10,9101.0,9098.0,9102.0,9106.0,False,True
827760,ETFA3,9096,5,9101.0,9098.0,9102.0,9106.0,False,True
827767,ETFA3,9096,5,9101.0,9098.0,9102.0,9106.0,False,True
827767,ETFA3,9096,5,9101.0,9098.0,9102.0,9106.0,False,True
885363,ETFA3,8900,3,9096.0,9090.0,9098.0,9102.0,False,True
885364,ETFA3,8900,8,9096.0,9090.0,9098.0,9102.0,False,True
885374,ETFA3,8900,10,9096.0,9090.0,9098.0,9102.0,False,True
885400,ETFA3,8900,12,9096.0,9090.0,9098.0,9102.0,False,True
885415,ETFA3,8900,17,9096.0,9090.0,9098.0,9102.0,False,True
885415,ETFA3,8902,13,9096.0,9090.0,9098.0,9102.0,False,True
936377,ETFA3,9388,15,8917.0,8913.0,8923.0,8927.0,True,False
936377,ETFA3,9388,8,8917.0,8913.0,8923.0,8927.0,True,False
936395,ETFA3,9388,19,8917.0,8913.0,8923.0,8927.0,True,False
936422,ETFA3,9392,2,8917.0,8913.0,8923.0,8927.0,True,False
936422,ETFA3,9388,5,8917.0,8913.0,8923.0,8927.0,True,False
936565,ETFA3,9371,10,9388.0,9384.0,9392.0,9396.0,False,True
936565,ETFA3,9354,10,9388.0,9384.0,9392.0,9396.0,False,True
936565,ETFA3,9344,10,9388.0,9384.0,9392.0,9396.0,False,True
936565,ETFA3,9319,5,9388.0,9384.0,9392.0,9396.0,False,True
936565,ETFA3,9318,15,9388.0,9384.0,9392.0,9396.0,False,True
936565,ETFA3,9318,15,9388.0,9384.0,9392.0,9396.0,False,True
936565,ETFA3,9295,10,9388.0,9384.0,9392.0,9396.0,False,True
936582,ETFA3,9287,50,9388.0,9384.0,9392.0,9396.0,False,True
936611,ETFA3,9293,18,9388.0,9384.0,9392.0,9396.0,False,True
936628,ETFA3,9293,18,9388.0,9384.0,9392.0,9396.0,False,True
936719,ETFA3,9241,10,9285.0,9281.0,9293.0,9297.0,False,True
983971,ETFA3,9182,3,9168.0,9164.0,9172.0,9176.0,True,False
984035,ETFA3,9182,25,9168.0,9164.0,9172.0,9176.0,True,False
778461,ETFB,9271,2,9266.0,9264.0,9267.0,9269.0,True,False
778653,ETFB,9266,9,9269.0,9267.0,9271.0,9273.0,False,True
778653,ETFB,9264,1,9269.0,9267.0,9271.0,9273.0,False,True
778653,ETFB,9259,10,9269.0,9267.0,9271.0,9273.0,False,True
778664,ETFB,9259,12,9269.0,9267.0,9271.0,9273.0,False,True
778666,ETFB,9259,5,9269.0,9267.0,9271.0,9273.0,False,True
778738,ETFB,9259,5,9269.0,9267.0,9271.0,9273.0,False,True
826959,ETFB,9374,10,9257.0,9255.0,9259.0,9261.0,True,False
826963,ETFB,9374,18,9257.0,9255.0,9259.0,9261.0,True,False
826963,ETFB,9374,20,9257.0,9255.0,9259.0,9261.0,True,False
826973,ETFB,9370,10,9257.0,9255.0,9259.0,9261.0,True,False
827182,ETFB,9355,5,9369.0,9367.0,9370.0,9373.0,False,True
827234,ETFB,9353,10,9369.0,9367.0,9370.0,9373.0,False,True
827689,ETFB,9336,10,9351.0,9349.0,9353.0,9355.0,False,True
827690,ETFB,9336,10,9351.0,9349.0,9353.0,9355.0,False,True
885364,ETFB,9114,5,9334.0,9332.0,9337.0,9339.0,False,True
885398,ETFB,9114,5,9334.0,9332.0,9337.0,9339.0,False,True
885399,ETFB,9114,5,9334.0,9332.0,9337.0,9339.0,False,True
885562,ETFB,9107,10,9113.0,9111.0,9116.0,9118.0,False,True
885562,ETFB,9104,10,9113.0,9111.0,9116.0,9118.0,False,True
885562,ETFB,9103,6,9113.0,9111.0,9116.0,9118.0,False,True
885562,ETFB,9103,4,9113.0,9111.0,9116.0,9118.0,False,True
885562,ETFB,9103,6,9113.0,9111.0,9116.0,9118.0,False,True
885562,ETFB,9102,6,9113.0,9111.0,9116.0,9118.0,False,True
885562,ETFB,9099,1,9113.0,9111.0,9116.0,9118.0,False,True
885562,ETFB,9099,10,9113.0,9111.0,9116.0,9118.0,False,True
885756,ETFB,9092,10,9097.0,9095.0,9098.0,9100.0,False,True
885756,ETFB,9090,10,9097.0,9095.0,9098.0,9100.0,False,True
885756,ETFB,9090,10,9097.0,9095.0,9098.0,9100.0,False,True
885756,ETFB,9087,6,9097.0,9095.0,9098.0,9100.0,False,True
885756,ETFB,9087,10,9097.0,9095.0,9098.0,9100.0,False,True
885778,ETFB,9084,10,9097.0,9095.0,9098.0,9100.0,False,True
885824,ETFB,9084,25,9097.0,9095.0,9098.0,9100.0,False,True
936358,ETFB,9262,50,9093.0,9091.0,9096.0,9098.0,True,False
936377,ETFB,9262,41,9093.0,9091.0,9096.0,9098.0,True,False
936395,ETFB,9262,9,9093.0,9091.0,9096.0,9098.0,True,False
936395,ETFB,9263,16,9093.0,9091.0,9096.0,9098.0,True,False
936562,ETFB,9253,50,9262.0,9260.0,9264.0,9266.0,False,True
936562,ETFB,9253,30,9262.0,9260.0,9264.0,9266.0,False,True
983072,ETFB,9240,10,9250.0,9248.0,9253.0,9255.0,False,True
983673,ETFB,9290,8,9284.0,9282.0,9286.0,9288.0,True,False
983758,ETFB,9298,10,9290.0,9288.0,9292.0,9294.0,True,False
983758,ETFB,9303,5,9290.0,9288.0,9292.0,9294.0,True,False
983758,ETFB,9307,5,9290.0,9288.0,9292.0,9294.0,True,False
983773,ETFB,9308,21,9290.0,9288.0,9292.0,9294.0,True,False
984159,ETFB,9313,5,9308.0,9306.0,9310.0,9312.0,True,False
984159,ETFB,9317,5,9308.0,9306.0,9310.0,9312.0,True,False
984159,ETFB,9317,10,9308.0,9306.0,9310.0,9312.0,True,False
984159,ETFB,9322,10,9308.0,9306.0,9310.0,9312.0,True,False
984159,ETFB,9323,5,9308.0,9306.0,9310.0,9312.0,True,False
984159,ETFB,9324,10,9308.0,9306.0,9310.0,9312.0,True,False
984159,ETFB,9324,5,9308.0,9306.0,9310.0,9312.0,True,False
984358,ETFB,9331,10,9324.0,9322.0,9326.0,9328.0,True,False
984358,ETFB,9332,10,9324.0,9322.0,9326.0,9328.0,True,False
984358,ETFB,9334,5,9324.0,9322.0,9326.0,9328.0,True,False
984358,ETFB,9334,5,9324.0,9322.0,9326.0,9328.0,True,False
984371,ETFB,9334,15,9324.0,9322.0,9326.0,9328.0,True,False
984407,ETFB,9334,5,9324.0,9322.0,9326.0,9328.0,True,False
1050375,ETFB,9170,50,9338.0,9336.0,9340.0,9342.0,False,True
826959,ETFB3,9560,10,9374.0,9372.0,9377.0,9379.0,True,False
826962,ETFB3,9560,6,9374.0,9372.0,9377.0,9379.0,True,False
826963,ETFB3,9560,6,9374.0,9372.0,9377.0,9379.0,True,False
826963,ETFB3,9560,9,9374.0,9372.0,9377.0,9379.0,True,False
826963,ETFB3,9562,50,9374.0,9372.0,9377.0,9379.0,True,False
826973,ETFB3,9560,10,9374.0,9372.0,9377.0,9379.0,True,False
826998,ETFB3,9560,5,9374.0,9372.0,9377.0,9379.0,True,False
827031,ETFB3,9560,8,9374.0,9372.0,9377.0,9379.0,True,False
885346,ETFB3,9360,3,9527.0,9525.0,9531.0,9533.0,False,True
885363,ETFB3,9359,6,9527.0,9525.0,9531.0,9533.0,False,True
885364,ETFB3,9359,2,9527.0,9525.0,9531.0,9533.0,False,True
885368,ETFB3,9359,10,9527.0,9525.0,9531.0,9533.0,False,True
885374,ETFB3,9359,10,9527.0,9525.0,9531.0,9533.0,False,True
885384,ETFB3,9359,18,9527.0,9525.0,9531.0,9533.0,False,True
885408,ETFB3,9359,4,9527.0,9525.0,9531.0,9533.0,False,True
885408,ETFB3,9360,6,9527.0,9525.0,9531.0,9533.0,False,True
885420,ETFB3,9360,4,9527.0,9525.0,9531.0,9533.0,False,True
885423,ETFB3,9360,4,9527.0,9525.0,9531.0,9533.0,False,True
885425,ETFB3,9360,10,9527.0,9525.0,9531.0,9533.0,False,True
885425,ETFB3,9360,4,9527.0,9525.0,9531.0,9533.0,False,True
885428,ETFB3,9360,4,9527.0,9525.0,9531.0,9533.0,False,True
885428,ETFB3,9360,4,9527.0,9525.0,9531.0,9533.0,False,True
885429,ETFB3,9360,3,9527.0,9525.0,9531.0,9533.0,False,True
885429,ETFB3,9360,3,9527.0,9525.0,9531.0,9533.0,False,True
885632,ETFB3,9374,10,9357.0,9355.0,9360.0,9362.0,True,False
886071,ETFB3,9367,6,9372.0,9370.0,9374.0,9376.0,False,True
886071,ETFB3,9367,10,9372.0,9370.0,9374.0,9376.0,False,True
886083,ETFB3,9367,5,9372.0,9370.0,9374.0,9376.0,False,True
886102,ETFB3,9367,18,9372.0,9370.0,9374.0,9376.0,False,True
886102,ETFB3,9367,11,9372.0,9370.0,9374.0,9376.0,False,True
886102,ETFB3,9368,7,9372.0,9370.0,9374.0,9376.0,False,True
886132,ETFB3,9368,10,9372.0,9370.0,9374.0,9376.0,False,True
936393,ETFB3,9710,25,9365.0,9363.0,9368.0,9370.0,True,False
936426,ETFB3,9710,3,9365.0,9363.0,9368.0,9370.0,True,False
936577,ETFB3,9692,7,9708.0,9706.0,9710.0,9712.0,False,True
936593,ETFB3,9692,24,9708.0,9706.0,9710.0,9712.0,False,True
936625,ETFB3,9692,8,9708.0,9706.0,9710.0,9712.0,False,True
936628,ETFB3,9692,5,9708.0,9706.0,9710.0,9712.0,False,True
983095,ETFB3,9854,40,9690.0,9688.0,9693.0,9695.0,True,False
983116,ETFB3,9854,8,9690.0,9688.0,9693.0,9695.0,True,False
983286,ETFB3,9847,13,9852.0,9850.0,9854.0,9856.0,False,True
983288,ETFB3,9847,1,9852.0,9850.0,9854.0,9856.0,False,True
983315,ETFB3,9847,5,9852.0,9850.0,9854.0,9856.0,False,True
984081,ETFB3,9892,20,9874.0,9872.0,9876.0,9878.0,True,False
984371,ETFB3,9899,33,9892.0,9890.0,9894.0,9896.0,True,False
1050353,ETFB3,9671,5,9883.0,9881.0,9885.0,9887.0,False,True
826959,ETFSH,9424,10,9763.0,9761.0,9764.0,9767.0,False,True
826963,ETFSH,9424,6,9763.0,9761.0,9764.0,9767.0,False,True
826963,ETFSH,9425,20,9763.0,9761.0,9764.0,9767.0,False,True
826973,ETFSH,9423,10,9763.0,9761.0,9764.0,9767.0,False,True
826976,ETFSH,9423,5,9763.0,9761.0,9764.0,9767.0,False,True
826979,ETFSH,9423,10,9763.0,9761.0,9764.0,9767.0,False,True
826996,ETFSH,9423,16,9763.0,9761.0,9764.0,9767.0,False,True
826997,ETFSH,9423,5,9763.0,9761.0,9764.0,9767.0,False,True
826998,ETFSH,9423,4,9763.0,9761.0,9764.0,9767.0,False,True
826998,ETFSH,9424,1,9763.0,9761.0,9764.0,9767.0,False,True
827460,ETFSH,9410,6,9421.0,9419.0,9424.0,9426.0,False,True
827472,ETFSH,9402,5,9421.0,9419.0,9424.0,9426.0,False,True
827472,ETFSH,9402,39,9421.0,9419.0,9424.0,9426.0,False,True
827472,ETFSH,9403,11,9421.0,9419.0,9424.0,9426.0,False,True
827474,ETFSH,9403,8,9421.0,9419.0,9424.0,9426.0,False,True
827522,ETFSH,9403,8,9421.0,9419.0,9424.0,9426.0,False,True
827527,ETFSH,9403,8,9421.0,9419.0,9424.0,9426.0,False,True
885348,ETFSH,9650,2,9400.0,9398.0,9403.0,9405.0,True,False
885350,ETFSH,9650,70,9400.0,9398.0,9403.0,9405.0,True,False
885364,ETFSH,9650,9,9400.0,9398.0,9403.0,9405.0,True,False
885375,ETFSH,9650,5,9400.0,9398.0,9403.0,9405.0,True,False
885398,ETFSH,9650,5,9400.0,9398.0,9403.0,9405.0,True,False
885399,ETFSH,9650,5,9400.0,9398.0,9403.0,9405.0,True,False
885954,ETFSH,9619,5,9624.0,9622.0,9626.0,9628.0,False,True
885954,ETFSH,9619,5,9624.0,9622.0,9626.0,9628.0,False,True
885970,ETFSH,9613,8,9624.0,9622.0,9626.0,9628.0,False,True
936394,ETFSH,9458,25,9611.0,9609.0,9614.0,9616.0,False,True
936464,ETFSH,9466,10,9458.0,9456.0,9460.0,9462.0,True,False
936464,ETFSH,9470,9,9458.0,9456.0,9460.0,9462.0,True,False
936464,ETFSH,9470,1,9458.0,9456.0,9460.0,9462.0,True,False
936464,ETFSH,9470,10,9458.0,9456.0,9460.0,9462.0,True,False
936464,ETFSH,9472,10,9458.0,9456.0,9460.0,9462.0,True,False
983164,ETFSH,9461,10,9472.0,9470.0,9475.0,9477.0,False,True
983164,ETFSH,9444,5,9472.0,9470.0,9475.0,9477.0,False,True
983164,ETFSH,9444,5,9472.0,9470.0,9475.0,9477.0,False,True
983164,ETFSH,9443,4,9472.0,9470.0,9475.0,9477.0,False,True
983164,ETFSH,9443,5,9472.0,9470.0,9475.0,9477.0,False,True
983164,ETFSH,9442,4,9472.0,9470.0,9475.0,9477.0,False,True
983164,ETFSH,9442,10,9472.0,9470.0,9475.0,9477.0,False,True
983861,ETFSH,9436,10,9439.0,9437.0,9441.0,9443.0,False,True
983861,ETFSH,9433,2,9439.0,9437.0,9441.0,9443.0,False,True
983861,ETFSH,9433,10,9439.0,9437.0,9441.0,9443.0,False,True
983861,ETFSH,9433,10,9439.0,9437.0,9441.0,9443.0,False,True
983861,ETFSH,9432,10,9439.0,9437.0,9441.0,9443.0,False,True
983875,ETFSH,9432,8,9439.0,9437.0,9441.0,9443.0,False,True
983875,ETFSH,9433,62,9439.0,9437.0,9441.0,9443.0,False,True
983935,ETFSH,9433,16,9439.0,9437.0,9441.0,9443.0,False,True
983956,ETFSH,9427,10,9430.0,9428.0,9433.0,9435.0,False,True
983956,ETFSH,9426,10,9430.0,9428.0,9433.0,9435.0,False,True
983956,ETFSH,9424,10,9430.0,9428.0,9433.0,9435.0,False,True
983956,ETFSH,9422,10,9430.0,9428.0,9433.0,9435.0,False,True
983956,ETFSH,9422,10,9430.0,9428.0,9433.0,9435.0,False,True
983956,ETFSH,9421,10,9430.0,9428.0,9433.0,9435.0,False,True
983956,ETFSH,9420,10,9430.0,9428.0,9433.0,9435.0,False,True
983956,ETFSH,9419,10,9430.0,9428.0,9433.0,9435.0,False,True
983970,ETFSH,9419,60,9430.0,9428.0,9433.0,9435.0,False,True
983970,ETFSH,9420,10,9430.0,9428.0,9433.0,9435.0,False,True
983974,ETFSH,9420,10,9430.0,9428.0,9433.0,9435.0,False,True
983982,ETFSH,9420,22,9430.0,9428.0,9433.0,9435.0,False,True
983987,ETFSH,9420,49,9430.0,9428.0,9433.0,9435.0,False,True
984257,ETFSH,9411,2,9415.0,9413.0,9417.0,9419.0,False,True
984257,ETFSH,9410,10,9415.0,9413.0,9417.0,9419.0,False,True
984257,ETFSH,9409,10,9415.0,9413.0,9417.0,9419.0,False,True
984257,ETFSH,9409,10,9415.0,9413.0,9417.0,9419.0,False,True
984257,ETFSH,9407,4,9415.0,9413.0,9417.0,9419.0,False,True
984257,ETFSH,9406,10,9415.0,9413.0,9417.0,9419.0,False,True
984272,ETFSH,9404,70,9415.0,9413.0,9417.0,9419.0,False,True
984289,ETFSH,9404,16,9415.0,9413.0,9417.0,9419.0,False,True
984312,ETFSH,9404,4,9415.0,9413.0,9417.0,9419.0,False,True
984312,ETFSH,9405,1,9415.0,9413.0,9417.0,9419.0,False,True
984316,ETFSH,9405,50,9415.0,9413.0,9417.0,9419.0,False,True
984329,ETFSH,9405,5,9415.0,9413.0,9417.0,9419.0,False,True
1050375,ETFSH,9351,30,9406.0,9404.0,9409.0,9411.0,False,True
1050377,ETFSH,9351,20,9406.0,9404.0,9409.0,9411.0,False,True
778573,FSR,9015,1,8998.0,8994.0,9002.0,9006.0,True,False
778606,FSR,9019,50,8998.0,8994.0,9002.0,9006.0,True,False
778664,FSR,9006,2,9015.0,9011.0,9021.0,9025.0,False,True
778711,FSR,9010,50,9015.0,9011.0,9021.0,9025.0,False,True
778903,FSR,8999,5,9005.0,9001.0,9009.0,9013.0,False,True
778903,FSR,8999,5,9005.0,9001.0,9009.0,9013.0,False,True
778903,FSR,8998,7,9005.0,9001.0,9009.0,9013.0,False,True
826963,FSR,9082,2,8998.0,8994.0,9002.0,9006.0,True,False
826963,FSR,9082,3,8998.0,8994.0,9002.0,9006.0,True,False
826969,FSR,9072,3,8998.0,8994.0,9002.0,9006.0,True,False
826969,FSR,9067,2,8998.0,8994.0,9002.0,9006.0,True,False
826969,FSR,9066,5,8998.0,8994.0,9002.0,9006.0,True,False
826969,FSR,9066,5,8998.0,8994.0,9002.0,9006.0,True,False
826969,FSR,9066,5,8998.0,8994.0,9002.0,9006.0,True,False
826969,FSR,9066,5,8998.0,8994.0,9002.0,9006.0,True,False
827264,FSR,9052,2,9060.0,9056.0,9064.0,9068.0,False,True
827266,FSR,9052,4,9060.0,9056.0,9064.0,9068.0,False,True
827370,FSR,9033,9,9048.0,9044.0,9052.0,9056.0,False,True
827557,FSR,9041,5,9028.0,9024.0,9030.0,9034.0,True,False
827557,FSR,9041,5,9028.0,9024.0,9030.0,9034.0,True,False
827564,FSR,9056,1,9028.0,9024.0,9030.0,9034.0,True,False
885348,FSR,8895,10,9043.0,9039.0,9047.0,9051.0,False,True
885350,FSR,8891,8,9043.0,9039.0,9047.0,9051.0,False,True
885568,FSR,8887,50,8904.0,8900.0,8908.0,8912.0,False,True
885568,FSR,8887,30,8904.0,8900.0,8908.0,8912.0,False,True
885568,FSR,8887,10,8904.0,8900.0,8908.0,8912.0,False,True
885580,FSR,8886,20,8904.0,8900.0,8908.0,8912.0,False,True
885584,FSR,8886,10,8904.0,8900.0,8908.0,8912.0,False,True
885598,FSR,8886,5,8904.0,8900.0,8908.0,8912.0,False,True
885630,FSR,8886,20,8904.0,8900.0,8908.0,8912.0,False,True
885632,FSR,8886,5,8904.0,8900.0,8908.0,8912.0,False,True
885699,FSR,8894,8,8880.0,8876.0,8888.0,8892.0,True,False
885703,FSR,8894,8,8880.0,8876.0,8888.0,8892.0,True,False
885768,FSR,8881,10,8891.0,8888.0,8894.0,8896.0,False,True
885768,FSR,8881,10,8891.0,8888.0,8894.0,8896.0,False,True
885768,FSR,8881,10,8891.0,8888.0,8894.0,8896.0,False,True
885768,FSR,8881,10,8891.0,8888.0,8894.0,8896.0,False,True
885773,FSR,8880,1,8891.0,8888.0,8894.0,8896.0,False,True
885773,FSR,8881,5,8891.0,8888.0,8894.0,8896.0,False,True
885773,FSR,8883,14,8891.0,8888.0,8894.0,8896.0,False,True
885805,FSR,8883,80,8891.0,8888.0,8894.0,8896.0,False,True
885813,FSR,8883,6,8891.0,8888.0,8894.0,8896.0,False,True
885813,FSR,8885,2,8891.0,8888.0,8894.0,8896.0,False,True
885823,FSR,8885,17,8891.0,8888.0,8894.0,8896.0,False,True
885825,FSR,8885,10,8891.0,8888.0,8894.0,8896.0,False,True
885825,FSR,8885,34,8891.0,8888.0,8894.0,8896.0,False,True
885962,FSR,8891,1,8882.0,8878.0,8886.0,8890.0,True,False
885962,FSR,8895,5,8882.0,8878.0,8886.0,8890.0,True,False
885962,FSR,8903,5,8882.0,8878.0,8886.0,8890.0,True,False
885969,FSR,8917,1,8882.0,8878.0,8886.0,8890.0,True,False
886083,FSR,8905,20,8917.0,8913.0,8921.0,8925.0,False,True
886085,FSR,8901,50,8917.0,8913.0,8921.0,8925.0,False,True
886085,FSR,8899,100,8917.0,8913.0,8921.0,8925.0,False,True
886085,FSR,8897,50,8917.0,8913.0,8921.0,8925.0,False,True
886105,FSR,8905,30,8917.0,8913.0,8921.0,8925.0,False,True
886105,FSR,8907,50,8917.0,8913.0,8921.0,8925.0,False,True
886114,FSR,8897,5,8917.0,8913.0,8921.0,8925.0,False,True
936358,FSR,8929,5,8897.0,8893.0,8907.0,8911.0,True,False
936470,FSR,8920,5,8926.0,8922.0,8930.0,8934.0,False,True
936470,FSR,8918,2,8926.0,8922.0,8930.0,8934.0,False,True
936470,FSR,8913,3,8926.0,8922.0,8930.0,8934.0,False,True
936485,FSR,8910,10,8926.0,8922.0,8930.0,8934.0,False,True
936494,FSR,8910,5,8926.0,8922.0,8930.0,8934.0,False,True
936513,FSR,8910,10,8926.0,8922.0,8930.0,8934.0,False,True
936515,FSR,8910,15,8926.0,8922.0,8930.0,8934.0,False,True
936515,FSR,8912,100,8926.0,8922.0,8930.0,8934.0,False,True
936515,FSR,8914,85,8926.0,8922.0,8930.0,8934.0,False,True
936516,FSR,8914,10,8926.0,8922.0,8930.0,8934.0,False,True
936535,FSR,8914,2,8926.0,8922.0,8930.0,8934.0,False,True
936536,FSR,8914,3,8926.0,8922.0,8930.0,8934.0,False,True
983091,FSR,9073,8,8946.0,8942.0,8950.0,8954.0,True,False
983465,FSR,9083,5,9069.0,9065.0,9073.0,9077.0,True,False
983465,FSR,9083,5,9069.0,9065.0,9073.0,9077.0,True,False
983482,FSR,9085,5,9069.0,9065.0,9073.0,9077.0,True,False
983832,FSR,9073,5,9045.0,9041.0,9049.0,9053.0,True,False
983971,FSR,9074,20,9062.0,9058.0,9066.0,9070.0,True,False
983971,FSR,9074,16,9062.0,9058.0,9066.0,9070.0,True,False
983971,FSR,9074,14,9062.0,9058.0,9066.0,9070.0,True,False
983971,FSR,9072,6,9062.0,9058.0,9066.0,9070.0,True,False
984576,FSR,9075,20,9062.0,9058.0,9066.0,9070.0,True,False
778621,GOLD,9538,2,9519.0,9517.0,9520.0,9522.0,True,False
778763,GOLD,9519,5,9537.0,9535.0,9539.0,9541.0,False,True
778763,GOLD,9519,5,9537.0,9535.0,9539.0,9541.0,False,True
778769,GOLD,9512,1,9537.0,9535.0,9539.0,9541.0,False,True
778772,GOLD,9512,39,9537.0,9535.0,9539.0,9541.0,False,True
778772,GOLD,9513,11,9537.0,9535.0,9539.0,9541.0,False,True
778878,GOLD,9488,1,9510.0,9508.0,9513.0,9515.0,False,True
778932,GOLD,9488,8,9510.0,9508.0,9513.0,9515.0,False,True
826960,GOLD,9382,25,9486.0,9484.0,9488.0,9490.0,False,True
826963,GOLD,9382,13,9486.0,9484.0,9488.0,9490.0,False,True
826963,GOLD,9385,50,9486.0,9484.0,9488.0,9490.0,False,True
826963,GOLD,9382,31,9486.0,9484.0,9488.0,9490.0,False,True
826969,GOLD,9403,5,9486.0,9484.0,9488.0,9490.0,False,True
826969,GOLD,9403,5,9486.0,9484.0,9488.0,9490.0,False,True
827075,GOLD,9434,50,9405.0,9403.0,9407.0,9409.0,True,False
827077,GOLD,9433,16,9405.0,9403.0,9407.0,9409.0,True,False
827078,GOLD,9433,1,9405.0,9403.0,9407.0,9409.0,True,False
827090,GOLD,9433,10,9405.0,9403.0,9407.0,9409.0,True,False
827174,GOLD,9463,50,9433.0,9431.0,9436.0,9438.0,True,False
827175,GOLD,9462,2,9433.0,9431.0,9436.0,9438.0,True,False
827175,GOLD,9462,40,9433.0,9431.0,9436.0,9438.0,True,False
827266,GOLD,9510,2,9462.0,9460.0,9465.0,9467.0,True,False
827268,GOLD,9510,6,9462.0,9460.0,9465.0,9467.0,True,False
827363,GOLD,9536,10,9510.0,9508.0,9512.0,9514.0,True,False
827363,GOLD,9542,10,9510.0,9508.0,9512.0,9514.0,True,False
827367,GOLD,9544,2,9510.0,9508.0,9512.0,9514.0,True,False
827368,GOLD,9544,2,9510.0,9508.0,9512.0,9514.0,True,False
827370,GOLD,9544,26,9510.0,9508.0,9512.0,9514.0,True,False
827370,GOLD,9543,32,9510.0,9508.0,9512.0,9514.0,True,False
827370,GOLD,9543,50,9510.0,9508.0,9512.0,9514.0,True,False
827380,GOLD,9543,18,9510.0,9508.0,9512.0,9514.0,True,False
827380,GOLD,9542,40,9510.0,9508.0,9512.0,9514.0,True,False
827420,GOLD,9542,10,9510.0,9508.0,9512.0,9514.0,True,False
827425,GOLD,9542,10,9510.0,9508.0,9512.0,9514.0,True,False
827426,GOLD,9542,58,9510.0,9508.0,9512.0,9514.0,True,False
827466,GOLD,9554,1,9542.0,9540.0,9546.0,9548.0,True,False
827466,GOLD,9568,1,9542.0,9540.0,9546.0,9548.0,True,False
827466,GOLD,9570,1,9542.0,9540.0,9546.0,9548.0,True,False
827466,GOLD,9570,1,9542.0,9540.0,9546.0,9548.0,True,False
827466,GOLD,9573,10,9542.0,9540.0,9546.0,9548.0,True,False
827466,GOLD,9573,2,9542.0,9540.0,9546.0,9548.0,True,False
827466,GOLD,9573,10,9542.0,9540.0,9546.0,9548.0,True,False
827466,GOLD,9589,10,9542.0,9540.0,9546.0,9548.0,True,False
827470,GOLD,9617,3,9542.0,9540.0,9546.0,9548.0,True,False
827472,GOLD,9617,11,9542.0,9540.0,9546.0,9548.0,True,False
827472,GOLD,9616,39,9542.0,9540.0,9546.0,9548.0,True,False
827474,GOLD,9616,8,9542.0,9540.0,9546.0,9548.0,True,False
827474,GOLD,9616,10,9542.0,9540.0,9546.0,9548.0,True,False
827522,GOLD,9616,42,9542.0,9540.0,9546.0,9548.0,True,False
827562,GOLD,9651,50,9616.0,9614.0,9619.0,9621.0,True,False
827563,GOLD,9650,10,9616.0,9614.0,9619.0,9621.0,True,False
827563,GOLD,9650,10,9616.0,9614.0,9619.0,9621.0,True,False
827564,GOLD,9650,4,9616.0,9614.0,9619.0,9621.0,True,False
827571,GOLD,9650,50,9616.0,9614.0,9619.0,9621.0,True,False
827572,GOLD,9650,11,9616.0,9614.0,9619.0,9621.0,True,False
827573,GOLD,9650,15,9616.0,9614.0,9619.0,9621.0,True,False
827573,GOLD,9649,27,9616.0,9614.0,9619.0,9621.0,True,False
827598,GOLD,9649,31,9616.0,9614.0,9619.0,9621.0,True,False
827609,GOLD,9649,5,9616.0,9614.0,9619.0,9621.0,True,False
827615,GOLD,9649,5,9616.0,9614.0,9619.0,9621.0,True,False
827666,GOLD,9698,1,9649.0,9647.0,9653.0,9655.0,True,False
827673,GOLD,9705,4,9649.0,9647.0,9653.0,9655.0,True,False
827674,GOLD,9705,31,9649.0,9647.0,9653.0,9655.0,True,False
827674,GOLD,9705,1,9649.0,9647.0,9653.0,9655.0,True,False
827723,GOLD,9705,1,9649.0,9647.0,9653.0,9655.0,True,False
827726,GOLD,9705,1,9649.0,9647.0,9653.0,9655.0,True,False
827763,GOLD,9722,1,9705.0,9703.0,9707.0,9709.0,True,False
827763,GOLD,9730,1,9705.0,9703.0,9707.0,9709.0,True,False
827763,GOLD,9770,9,9705.0,9703.0,9707.0,9709.0,True,False
827763,GOLD,9781,39,9705.0,9703.0,9707.0,9709.0,True,False
827763,GOLD,9781,8,9705.0,9703.0,9707.0,9709.0,True,False
827763,GOLD,9781,3,9705.0,9703.0,9707.0,9709.0,True,False
827763,GOLD,9785,46,9705.0,9703.0,9707.0,9709.0,True,False
827763,GOLD,9795,36,9705.0,9703.0,9707.0,9709.0,True,False
827763,GOLD,9795,3,9705.0,9703.0,9707.0,9709.0,True,False
827763,GOLD,9795,4,9705.0,9703.0,9707.0,9709.0,True,False
827763,GOLD,9795,7,9705.0,9703.0,9707.0,9709.0,True,False
827763,GOLD,9796,5,9705.0,9703.0,9707.0,9709.0,True,False
827767,GOLD,9796,5,9705.0,9703.0,9707.0,9709.0,True,False
827767,GOLD,9796,2,9705.0,9703.0,9707.0,9709.0,True,False
827770,GOLD,9796,5,9705.0,9703.0,9707.0,9709.0,True,False
827770,GOLD,9796,40,9705.0,9703.0,9707.0,9709.0,True,False
827770,GOLD,9796,14,9705.0,9703.0,9707.0,9709.0,True,False
827803,GOLD,9796,10,9705.0,9703.0,9707.0,9709.0,True,False
827805,GOLD,9796,10,9705.0,9703.0,9707.0,9709.0,True,False
827807,GOLD,9796,3,9705.0,9703.0,9707.0,9709.0,True,False
827815,GOLD,9796,10,9705.0,9703.0,9707.0,9709.0,True,False
827827,GOLD,9796,14,9705.0,9703.0,9707.0,9709.0,True,False
885364,GOLD,9883,9,9796.0,9794.0,9800.0,9802.0,True,False
885398,GOLD,9883,7,9796.0,9794.0,9800.0,9802.0,True,False
885569,GOLD,9905,1,9920.0,9918.0,9922.0,9924.0,False,True
885569,GOLD,9883,1,9920.0,9918.0,9922.0,9924.0,False,True
885575,GOLD,9873,9,9920.0,9918.0,9922.0,9924.0,False,True
885684,GOLD,9894,1,9871.0,9869.0,9873.0,9875.0,True,False
885684,GOLD,9894,9,9871.0,9869.0,9873.0,9875.0,True,False
885772,GOLD,9904,25,9892.0,9890.0,9894.0,9896.0,True,False
885806,GOLD,9904,5,9892.0,9890.0,9894.0,9896.0,True,False
885865,GOLD,9873,1,9904.0,9902.0,9906.0,9908.0,False,True
885865,GOLD,9869,10,9904.0,9902.0,9906.0,9908.0,False,True
885970,GOLD,9906,4,9866.0,9864.0,9868.0,9870.0,True,False
886065,GOLD,9868,10,9906.0,9904.0,9908.0,9910.0,False,True
886114,GOLD,9867,8,9906.0,9904.0,9908.0,9910.0,False,True
936368,GOLD,9707,2,9865.0,9863.0,9867.0,9869.0,False,True
936377,GOLD,9711,1,9865.0,9863.0,9867.0,9869.0,False,True
936391,GOLD,9711,20,9865.0,9863.0,9867.0,9869.0,False,True
936393,GOLD,9711,21,9865.0,9863.0,9867.0,9869.0,False,True
936403,GOLD,9711,8,9865.0,9863.0,9867.0,9869.0,False,True
936403,GOLD,9710,32,9865.0,9863.0,9867.0,9869.0,False,True
936470,GOLD,9718,5,9710.0,9708.0,9712.0,9714.0,True,False
936470,GOLD,9724,5,9710.0,9708.0,9712.0,9714.0,True,False
936470,GOLD,9725,1,9710.0,9708.0,9712.0,9714.0,True,False
936477,GOLD,9725,12,9710.0,9708.0,9712.0,9714.0,True,False
936535,GOLD,9725,26,9710.0,9708.0,9712.0,9714.0,True,False
936535,GOLD,9724,54,9710.0,9708.0,9712.0,9714.0,True,False
936577,GOLD,9718,2,9724.0,9722.0,9727.0,9729.0,False,True
983179,GOLD,9706,8,9744.0,9742.0,9746.0,9748.0,False,True
983286,GOLD,9712,8,9704.0,9702.0,9706.0,9708.0,True,False
983289,GOLD,9712,8,9704.0,9702.0,9706.0,9708.0,True,False
983815,GOLD,9804,25,9798.0,9796.0,9800.0,9802.0,True,False
983921,GOLD,9769,40,9804.0,9802.0,9806.0,9808.0,False,True
983921,GOLD,9769,6,9804.0,9802.0,9806.0,9808.0,False,True
984171,GOLD,9779,2,9802.0,9800.0,9804.0,9806.0,False,True
984171,GOLD,9779,3,9802.0,9800.0,9804.0,9806.0,False,True
984171,GOLD,9779,1,9802.0,9800.0,9804.0,9806.0,False,True
984209,GOLD,9779,8,9802.0,9800.0,9804.0,9806.0,False,True
984209,GOLD,9779,20,9802.0,9800.0,9804.0,9806.0,False,True
984266,GOLD,9801,5,9777.0,9775.0,9779.0,9781.0,True,False
984289,GOLD,9818,8,9777.0,9775.0,9779.0,9781.0,True,False
984312,GOLD,9818,5,9777.0,9775.0,9779.0,9781.0,True,False
984413,GOLD,9775,20,9818.0,9816.0,9820.0,9822.0,False,True
984413,GOLD,9775,20,9818.0,9816.0,9820.0,9822.0,False,True
984576,GOLD,9820,5,9794.0,9792.0,9796.0,9798.0,True,False
984678,GOLD,9804,8,9820.0,9818.0,9822.0,9824.0,False,True
778769,HT,9463,1,9437.0,9433.0,9441.0,9445.0,True,False
778879,HT,9456,30,9463.0,9459.0,9467.0,9471.0,False,True
826963,HT,9373,3,9456.0,9452.0,9460.0,9464.0,False,True
827087,HT,9395,10,9368.0,9364.0,9372.0,9376.0,True,False
827087,HT,9395,10,9368.0,9364.0,9372.0,9376.0,True,False
827087,HT,9395,10,9368.0,9364.0,9372.0,9376.0,True,False
827088,HT,9395,10,9368.0,9364.0,9372.0,9376.0,True,False
827088,HT,9395,10,9368.0,9364.0,9372.0,9376.0,True,False
827092,HT,9397,10,9368.0,9364.0,9372.0,9376.0,True,False
827092,HT,9397,10,9368.0,9364.0,9372.0,9376.0,True,False
827092,HT,9397,10,9368.0,9364.0,9372.0,9376.0,True,False
827092,HT,9397,10,9368.0,9364.0,9372.0,9376.0,True,False
827092,HT,9397,10,9368.0,9364.0,9372.0,9376.0,True,False
827183,HT,9385,10,9391.0,9387.0,9397.0,9401.0,False,True
827266,HT,9376,4,9381.0,9377.0,9385.0,9389.0,False,True
827512,HT,9388,5,9376.0,9373.0,9380.0,9384.0,True,False
827517,HT,9388,5,9376.0,9373.0,9380.0,9384.0,True,False
885346,HT,9529,2,9391.0,9387.0,9395.0,9399.0,True,False
885346,HT,9527,10,9391.0,9387.0,9395.0,9399.0,True,False
885348,HT,9527,10,9391.0,9387.0,9395.0,9399.0,True,False
885359,HT,9528,2,9391.0,9387.0,9395.0,9399.0,True,False
885359,HT,9531,10,9391.0,9387.0,9395.0,9399.0,True,False
885359,HT,9533,38,9391.0,9387.0,9395.0,9399.0,True,False
885375,HT,9532,2,9391.0,9387.0,9395.0,9399.0,True,False
885401,HT,9532,2,9391.0,9387.0,9395.0,9399.0,True,False
885569,HT,9536,6,9531.0,9527.0,9532.0,9535.0,True,False
885569,HT,9538,15,9531.0,9527.0,9532.0,9535.0,True,False
885569,HT,9538,35,9531.0,9527.0,9532.0,9535.0,True,False
885580,HT,9544,20,9531.0,9527.0,9532.0,9535.0,True,False
885596,HT,9544,10,9531.0,9527.0,9532.0,9535.0,True,False
885599,HT,9544,5,9531.0,9527.0,9532.0,9535.0,True,False
885603,HT,9544,2,9531.0,9527.0,9532.0,9535.0,True,False
885604,HT,9544,2,9531.0,9527.0,9532.0,9535.0,True,False
885630,HT,9544,20,9531.0,9527.0,9532.0,9535.0,True,False
885969,HT,9548,1,9540.0,9536.0,9543.0,9546.0,True,False
885970,HT,9548,8,9540.0,9536.0,9543.0,9546.0,True,False
885970,HT,9548,18,9540.0,9536.0,9543.0,9546.0,True,False
885970,HT,9548,10,9540.0,9536.0,9543.0,9546.0,True,False
885970,HT,9548,3,9540.0,9536.0,9543.0,9546.0,True,False
936376,HT,9632,30,9549.0,9545.0,9555.0,9558.0,True,False
936402,HT,9628,30,9549.0,9545.0,9555.0,9558.0,True,False
936419,HT,9632,1,9549.0,9545.0,9555.0,9558.0,True,False
936420,HT,9632,1,9549.0,9545.0,9555.0,9558.0,True,False
936435,HT,9628,2,9549.0,9545.0,9555.0,9558.0,True,False
983072,HT,9739,5,9623.0,9619.0,9627.0,9631.0,True,False
983720,HT,9766,5,9740.0,9736.0,9744.0,9748.0,True,False
983909,HT,9760,45,9768.0,9764.0,9769.0,9772.0,False,True
984365,HT,9769,5,9753.0,9749.0,9757.0,9760.0,True,False
984365,HT,9771,5,9753.0,9749.0,9757.0,9760.0,True,False
984365,HT,9774,5,9753.0,9749.0,9757.0,9760.0,True,False
984480,HT,9761,25,9780.0,9776.0,9784.0,9788.0,False,True
1050369,HT,9725,16,9763.0,9759.0,9767.0,9771.0,False,True
1050369,HT,9726,34,9763.0,9759.0,9767.0,9771.0,False,True
1050369,HT,9726,66,9763.0,9759.0,9767.0,9771.0,False,True
1050369,HT,9726,34,9763.0,9759.0,9767.0,9771.0,False,True
1050369,HT,9726,150,9763.0,9759.0,9767.0,9771.0,False,True
1050369,HT,9726,66,9763.0,9759.0,9767.0,9771.0,False,True
1050369,HT,9726,134,9763.0,9759.0,9767.0,9771.0,False,True
1050369,HT,9726,116,9763.0,9759.0,9767.0,9771.0,False,True
1050369,HT,9726,50,9763.0,9759.0,9767.0,9771.0,False,True
1050369,HT,9726,84,9763.0,9759.0,9767.0,9771.0,False,True
1050375,HT,9696,50,9763.0,9759.0,9767.0,9771.0,False,True
778664,INA,8675,2,8650.0,8646.0,8654.0,8658.0,True,False
778769,INA,8685,1,8675.0,8671.0,8679.0,8683.0,True,False
826962,INA,8759,2,8660.0,8656.0,8664.0,8668.0,True,False
826963,INA,8759,3,8660.0,8656.0,8664.0,8668.0,True,False
826963,INA,8759,2,8660.0,8656.0,8664.0,8668.0,True,False
826963,INA,8759,26,8660.0,8656.0,8664.0,8668.0,True,False
827088,INA,8775,10,8754.0,8752.0,8758.0,8762.0,True,False
827088,INA,8775,10,8754.0,8752.0,8758.0,8762.0,True,False
827088,INA,8775,10,8754.0,8752.0,8758.0,8762.0,True,False
827092,INA,8775,10,8754.0,8752.0,8758.0,8762.0,True,False
827092,INA,8775,10,8754.0,8752.0,8758.0,8762.0,True,False
827092,INA,8777,10,8754.0,8752.0,8758.0,8762.0,True,False
827512,INA,8789,5,8778.0,8774.0,8779.0,8784.0,True,False
827517,INA,8789,5,8778.0,8774.0,8779.0,8784.0,True,False
827564,INA,8774,3,8789.0,8785.0,8793.0,8797.0,False,True
827572,INA,8774,10,8789.0,8785.0,8793.0,8797.0,False,True
827696,INA,8780,1,8770.0,8768.0,8774.0,8778.0,True,False
885363,INA,8465,2,8774.0,8771.0,8777.0,8781.0,False,True
885364,INA,8465,2,8774.0,8771.0,8777.0,8781.0,False,True
885374,INA,8465,4,8774.0,8771.0,8777.0,8781.0,False,True
885384,INA,8465,6,8774.0,8771.0,8777.0,8781.0,False,True
885461,INA,8478,2,8465.0,8461.0,8469.0,8473.0,True,False
885461,INA,8478,2,8465.0,8461.0,8469.0,8473.0,True,False
885461,INA,8478,2,8465.0,8461.0,8469.0,8473.0,True,False
885461,INA,8478,2,8465.0,8461.0,8469.0,8473.0,True,False
885467,INA,8480,2,8465.0,8461.0,8469.0,8473.0,True,False
885468,INA,8480,40,8465.0,8461.0,8469.0,8473.0,True,False
885468,INA,8478,10,8465.0,8461.0,8469.0,8473.0,True,False
885687,INA,8473,30,8479.0,8475.0,8483.0,8487.0,False,True
885701,INA,8469,5,8479.0,8475.0,8483.0,8487.0,False,True
885730,INA,8473,2,8479.0,8475.0,8483.0,8487.0,False,True
885737,INA,8473,2,8479.0,8475.0,8483.0,8487.0,False,True
885763,INA,8478,2,8469.0,8465.0,8473.0,8477.0,True,False
885769,INA,8486,13,8469.0,8465.0,8473.0,8477.0,True,False
885769,INA,8486,2,8469.0,8465.0,8473.0,8477.0,True,False
885772,INA,8486,22,8469.0,8465.0,8473.0,8477.0,True,False
886071,INA,8478,4,8486.0,8482.0,8487.0,8490.0,False,True
936371,INA,8821,1,8478.0,8474.0,8479.0,8484.0,True,False
936377,INA,8826,41,8478.0,8474.0,8479.0,8484.0,True,False
936377,INA,8826,1,8478.0,8474.0,8479.0,8484.0,True,False
936495,INA,8819,48,8826.0,8822.0,8830.0,8834.0,False,True
936538,INA,8819,2,8826.0,8822.0,8830.0,8834.0,False,True
983179,INA,8795,1,8814.0,8810.0,8818.0,8822.0,False,True
983179,INA,8795,1,8814.0,8810.0,8818.0,8822.0,False,True
983229,INA,8795,5,8814.0,8810.0,8818.0,8822.0,False,True
983570,INA,8805,4,8782.0,8778.0,8786.0,8790.0,True,False
983669,INA,8775,8,8809.0,8805.0,8813.0,8817.0,False,True
983669,INA,8775,8,8809.0,8805.0,8813.0,8817.0,False,True
983685,INA,8775,4,8809.0,8805.0,8813.0,8817.0,False,True
983696,INA,8775,5,8809.0,8805.0,8813.0,8817.0,False,True
983696,INA,8775,5,8809.0,8805.0,8813.0,8817.0,False,True
983699,INA,8775,5,8809.0,8805.0,8813.0,8817.0,False,True
983699,INA,8775,5,8809.0,8805.0,8813.0,8817.0,False,True
983733,INA,8775,2,8809.0,8805.0,8813.0,8817.0,False,True
983733,INA,8775,2,8809.0,8805.0,8813.0,8817.0,False,True
983765,INA,8781,5,8771.0,8767.0,8775.0,8779.0,True,False
983815,INA,8793,27,8771.0,8767.0,8775.0,8779.0,True,False
983964,INA,8771,2,8791.0,8787.0,8795.0,8799.0,False,True
983971,INA,8763,20,8791.0,8787.0,8795.0,8799.0,False,True
983971,INA,8763,20,8791.0,8787.0,8795.0,8799.0,False,True
983971,INA,8763,8,8791.0,8787.0,8795.0,8799.0,False,True
983971,INA,8765,12,8791.0,8787.0,8795.0,8799.0,False,True
983971,INA,8765,5,8791.0,8787.0,8795.0,8799.0,False,True
983987,INA,8765,6,8791.0,8787.0,8795.0,8799.0,False,True
984365,INA,8808,5,8787.0,8783.0,8790.0,8793.0,True,False
984423,INA,8811,25,8787.0,8783.0,8790.0,8793.0,True,False
984473,INA,8784,10,8811.0,8807.0,8813.0,8817.0,False,True
984473,INA,8784,3,8811.0,8807.0,8813.0,8817.0,False,True
984488,INA,8784,8,8811.0,8807.0,8813.0,8817.0,False,True
984512,INA,8784,5,8811.0,8807.0,8813.0,8817.0,False,True
984689,INA,8796,5,8784.0,8780.0,8788.0,8792.0,True,False
1050353,INA,9063,5,8781.0,8777.0,8785.0,8789.0,True,False
1050467,INA,9056,5,9030.0,9026.0,9034.0,9038.0,True,False
778664,JNAF,9503,2,9492.0,9488.0,9496.0,9500.0,True,False
778769,JNAF,9528,1,9503.0,9499.0,9507.0,9511.0,True,False
778879,JNAF,9508,30,9528.0,9524.0,9532.0,9536.0,False,True
826963,JNAF,9260,3,9508.0,9504.0,9512.0,9516.0,False,True
827071,JNAF,9217,4,9227.0,9223.0,9231.0,9235.0,False,True
827078,JNAF,9207,3,9227.0,9223.0,9231.0,9235.0,False,True
827175,JNAF,9225,3,9203.0,9199.0,9207.0,9211.0,True,False
827175,JNAF,9225,30,9203.0,9199.0,9207.0,9211.0,True,False
827266,JNAF,9200,4,9221.0,9217.0,9225.0,9229.0,False,True
827363,JNAF,9221,10,9196.0,9192.0,9200.0,9204.0,True,False
827392,JNAF,9230,10,9196.0,9192.0,9200.0,9204.0,True,False
827392,JNAF,9230,10,9196.0,9192.0,9200.0,9204.0,True,False
827393,JNAF,9230,5,9196.0,9192.0,9200.0,9204.0,True,False
827422,JNAF,9230,7,9196.0,9192.0,9200.0,9204.0,True,False
827427,JNAF,9230,8,9196.0,9192.0,9200.0,9204.0,True,False
827427,JNAF,9228,2,9196.0,9192.0,9200.0,9204.0,True,False
885425,JNAF,8303,10,9238.0,9236.0,9242.0,9246.0,False,True
885569,JNAF,8297,1,8311.0,8307.0,8315.0,8319.0,False,True
885569,JNAF,8292,2,8311.0,8307.0,8315.0,8319.0,False,True
885599,JNAF,8292,5,8311.0,8307.0,8315.0,8319.0,False,True
885684,JNAF,8301,30,8288.0,8286.0,8292.0,8296.0,True,False
885690,JNAF,8297,10,8288.0,8286.0,8292.0,8296.0,True,False
885701,JNAF,8301,5,8288.0,8286.0,8292.0,8296.0,True,False
885768,JNAF,8311,10,8297.0,8293.0,8301.0,8305.0,True,False
885963,JNAF,8321,5,8304.0,8300.0,8308.0,8312.0,True,False
885969,JNAF,8325,1,8304.0,8300.0,8308.0,8312.0,True,False
885970,JNAF,8325,8,8304.0,8300.0,8308.0,8312.0,True,False
886017,JNAF,8325,6,8304.0,8300.0,8308.0,8312.0,True,False
886034,JNAF,8325,10,8304.0,8300.0,8308.0,8312.0,True,False
936376,JNAF,8506,30,8291.0,8287.0,8295.0,8299.0,True,False
936390,JNAF,8506,12,8291.0,8287.0,8295.0,8299.0,True,False
936419,JNAF,8506,1,8291.0,8287.0,8295.0,8299.0,True,False
936420,JNAF,8506,1,8291.0,8287.0,8295.0,8299.0,True,False
983064,JNAF,8357,1,8513.0,8509.0,8517.0,8521.0,False,True
983072,JNAF,8357,10,8513.0,8509.0,8517.0,8521.0,False,True
983214,JNAF,8351,10,8357.0,8353.0,8361.0,8365.0,False,True
983229,JNAF,8351,5,8357.0,8353.0,8361.0,8365.0,False,True
983272,JNAF,8356,1,8347.0,8343.0,8351.0,8355.0,True,False
983272,JNAF,8360,5,8347.0,8343.0,8351.0,8355.0,True,False
983272,JNAF,8365,5,8347.0,8343.0,8351.0,8355.0,True,False
983288,JNAF,8374,1,8347.0,8343.0,8351.0,8355.0,True,False
983313,JNAF,8374,6,8347.0,8343.0,8351.0,8355.0,True,False
983341,JNAF,8374,32,8347.0,8343.0,8351.0,8355.0,True,False
983341,JNAF,8372,8,8347.0,8343.0,8351.0,8355.0,True,False
983668,JNAF,8371,8,8379.0,8375.0,8383.0,8387.0,False,True
983669,JNAF,8371,8,8379.0,8375.0,8383.0,8387.0,False,True
984568,JNAF,8394,5,8384.0,8380.0,8388.0,8392.0,True,False
984568,JNAF,8398,5,8384.0,8380.0,8388.0,8392.0,True,False
984684,JNAF,8389,22,8398.0,8394.0,8399.0,8404.0,False,True
1050375,JNAF,8308,50,8363.0,8359.0,8367.0,8371.0,False,True
1050461,JNAF,8277,10,8306.0,8302.0,8312.0,8316.0,False,True
778569,JZRO,9173,10,9160.0,9156.0,9164.0,9168.0,True,False
778573,JZRO,9174,1,9160.0,9156.0,9164.0,9168.0,True,False
778620,JZRO,9174,2,9160.0,9156.0,9164.0,9168.0,True,False
778636,JZRO,9174,37,9160.0,9156.0,9164.0,9168.0,True,False
778636,JZRO,9172,12,9160.0,9156.0,9164.0,9168.0,True,False
778711,JZRO,9160,10,9172.0,9168.0,9178.0,9182.0,False,True
778711,JZRO,9163,40,9172.0,9168.0,9178.0,9182.0,False,True
778873,JZRO,9171,5,9157.0,9153.0,9161.0,9165.0,True,False
778878,JZRO,9189,1,9157.0,9153.0,9161.0,9165.0,True,False
778903,JZRO,9189,39,9157.0,9153.0,9161.0,9165.0,True,False
778903,JZRO,9189,5,9157.0,9153.0,9161.0,9165.0,True,False
778903,JZRO,9187,12,9157.0,9153.0,9161.0,9165.0,True,False
826963,JZRO,9205,2,9187.0,9183.0,9193.0,9197.0,True,False
826963,JZRO,9205,3,9187.0,9183.0,9193.0,9197.0,True,False
826969,JZRO,9204,50,9187.0,9183.0,9193.0,9197.0,True,False
826969,JZRO,9204,50,9187.0,9183.0,9193.0,9197.0,True,False
827264,JZRO,9173,2,9186.0,9182.0,9190.0,9194.0,False,True
827266,JZRO,9173,4,9186.0,9182.0,9190.0,9194.0,False,True
827392,JZRO,9193,10,9169.0,9165.0,9173.0,9177.0,True,False
827393,JZRO,9193,10,9169.0,9165.0,9173.0,9177.0,True,False
827473,JZRO,9163,16,9193.0,9189.0,9197.0,9201.0,False,True
827562,JZRO,9169,2,9159.0,9155.0,9163.0,9167.0,True,False
827564,JZRO,9169,14,9159.0,9155.0,9163.0,9167.0,True,False
827609,JZRO,9169,5,9159.0,9155.0,9163.0,9167.0,True,False
827615,JZRO,9169,5,9159.0,9155.0,9163.0,9167.0,True,False
827802,JZRO,9185,10,9173.0,9169.0,9177.0,9181.0,True,False
827804,JZRO,9185,10,9173.0,9169.0,9177.0,9181.0,True,False
885348,JZRO,9135,10,9185.0,9181.0,9189.0,9193.0,False,True
885599,JZRO,9100,5,9085.0,9082.0,9088.0,9092.0,True,False
885768,JZRO,9090,10,9098.0,9094.0,9102.0,9106.0,False,True
885820,JZRO,9090,33,9098.0,9094.0,9102.0,9106.0,False,True
885820,JZRO,9090,7,9098.0,9094.0,9102.0,9106.0,False,True
885824,JZRO,9092,25,9098.0,9094.0,9102.0,9106.0,False,True
885926,JZRO,9098,1,9089.0,9085.0,9092.0,9096.0,True,False
885926,JZRO,9098,8,9089.0,9085.0,9092.0,9096.0,True,False
885932,JZRO,9098,8,9089.0,9085.0,9092.0,9096.0,True,False
885963,JZRO,9089,5,9094.0,9090.0,9098.0,9102.0,False,True
885963,JZRO,9085,1,9094.0,9090.0,9098.0,9102.0,False,True
885963,JZRO,9085,10,9094.0,9090.0,9098.0,9102.0,False,True
885963,JZRO,9082,5,9094.0,9090.0,9098.0,9102.0,False,True
885963,JZRO,9082,5,9094.0,9090.0,9098.0,9102.0,False,True
885963,JZRO,9078,1,9094.0,9090.0,9098.0,9102.0,False,True
885971,JZRO,9074,10,9094.0,9090.0,9098.0,9102.0,False,True
885971,JZRO,9074,10,9094.0,9090.0,9098.0,9102.0,False,True
885978,JZRO,9074,3,9094.0,9090.0,9098.0,9102.0,False,True
885978,JZRO,9076,7,9094.0,9090.0,9098.0,9102.0,False,True
886036,JZRO,9076,2,9094.0,9090.0,9098.0,9102.0,False,True
886071,JZRO,9088,10,9070.0,9066.0,9076.0,9080.0,True,False
886074,JZRO,9088,10,9070.0,9066.0,9076.0,9080.0,True,False
886135,JZRO,9088,10,9070.0,9066.0,9076.0,9080.0,True,False
936358,JZRO,9363,5,9084.0,9080.0,9088.0,9090.0,True,False
936377,JZRO,9366,5,9084.0,9080.0,9088.0,9090.0,True,False
936396,JZRO,9362,14,9084.0,9080.0,9088.0,9090.0,True,False
936471,JZRO,9356,3,9362.0,9359.0,9366.0,9370.0,False,True
936471,JZRO,9340,3,9362.0,9359.0,9366.0,9370.0,False,True
936471,JZRO,9327,3,9362.0,9359.0,9366.0,9370.0,False,True
936494,JZRO,9321,5,9362.0,9359.0,9366.0,9370.0,False,True
936535,JZRO,9321,2,9362.0,9359.0,9366.0,9370.0,False,True
936576,JZRO,9334,2,9317.0,9315.0,9321.0,9325.0,True,False
936577,JZRO,9334,2,9317.0,9315.0,9321.0,9325.0,True,False
983091,JZRO,9464,8,9331.0,9327.0,9335.0,9339.0,True,False
983179,JZRO,9487,13,9464.0,9460.0,9468.0,9472.0,True,False
983214,JZRO,9487,5,9464.0,9460.0,9468.0,9472.0,True,False
983570,JZRO,9418,5,9427.0,9423.0,9431.0,9435.0,False,True
983570,JZRO,9401,5,9427.0,9423.0,9431.0,9435.0,False,True
983680,JZRO,9362,5,9380.0,9376.0,9382.0,9386.0,False,True
984414,JZRO,9391,8,9402.0,9398.0,9406.0,9410.0,False,True
778569,KOTD,10910,10,10902.0,10898.0,10903.0,10908.0,True,False
778664,KOTD,10948,2,10932.0,10928.0,10936.0,10940.0,True,False
826962,KOTD,11070,2,10942.0,10938.0,10946.0,10948.0,True,False
826963,KOTD,11070,3,10942.0,10938.0,10946.0,10948.0,True,False
826963,KOTD,11070,2,10942.0,10938.0,10946.0,10948.0,True,False
826963,KOTD,11066,50,10942.0,10938.0,10946.0,10948.0,True,False
826967,KOTD,11065,1,10942.0,10938.0,10946.0,10948.0,True,False
826969,KOTD,11065,1,10942.0,10938.0,10946.0,10948.0,True,False
826969,KOTD,11065,2,10942.0,10938.0,10946.0,10948.0,True,False
827072,KOTD,11027,7,11037.0,11033.0,11041.0,11045.0,False,True
827078,KOTD,11021,3,11037.0,11033.0,11041.0,11045.0,False,True
827078,KOTD,11021,3,11037.0,11033.0,11041.0,11045.0,False,True
827088,KOTD,11021,10,11037.0,11033.0,11041.0,11045.0,False,True
827092,KOTD,11021,10,11037.0,11033.0,11041.0,11045.0,False,True
827092,KOTD,11021,10,11037.0,11033.0,11041.0,11045.0,False,True
827098,KOTD,11021,7,11037.0,11033.0,11041.0,11045.0,False,True
827098,KOTD,11023,3,11037.0,11033.0,11041.0,11045.0,False,True
827098,KOTD,11023,10,11037.0,11033.0,11041.0,11045.0,False,True
827102,KOTD,11023,10,11037.0,11033.0,11041.0,11045.0,False,True
827175,KOTD,11031,3,11017.0,11013.0,11023.0,11027.0,True,False
827175,KOTD,11031,3,11017.0,11013.0,11023.0,11027.0,True,False
827367,KOTD,11024,3,11032.0,11028.0,11036.0,11040.0,False,True
827367,KOTD,11024,3,11032.0,11028.0,11036.0,11040.0,False,True
827368,KOTD,11024,2,11032.0,11028.0,11036.0,11040.0,False,True
827368,KOTD,11024,2,11032.0,11028.0,11036.0,11040.0,False,True
827426,KOTD,11024,5,11032.0,11028.0,11036.0,11040.0,False,True
827512,KOTD,11062,5,11023.0,11018.0,11024.0,11028.0,True,False
827517,KOTD,11062,5,11023.0,11018.0,11024.0,11028.0,True,False
827562,KOTD,11043,50,11062.0,11058.0,11066.0,11070.0,False,True
827740,KOTD,11066,4,11039.0,11035.0,11045.0,11049.0,True,False
885359,KOTD,11200,2,11055.0,11051.0,11059.0,11063.0,True,False
885359,KOTD,11200,2,11055.0,11051.0,11059.0,11063.0,True,False
885363,KOTD,11200,2,11055.0,11051.0,11059.0,11063.0,True,False
885364,KOTD,11200,2,11055.0,11051.0,11059.0,11063.0,True,False
885374,KOTD,11200,4,11055.0,11051.0,11059.0,11063.0,True,False
885384,KOTD,11200,6,11055.0,11051.0,11059.0,11063.0,True,False
885687,KOTD,11197,30,11206.0,11202.0,11210.0,11214.0,False,True
885688,KOTD,11197,10,11206.0,11202.0,11210.0,11214.0,False,True
885701,KOTD,11194,5,11206.0,11202.0,11210.0,11214.0,False,True
885723,KOTD,11197,10,11206.0,11202.0,11210.0,11214.0,False,True
885723,KOTD,11199,2,11206.0,11202.0,11210.0,11214.0,False,True
885730,KOTD,11199,2,11206.0,11202.0,11210.0,11214.0,False,True
885737,KOTD,11199,2,11206.0,11202.0,11210.0,11214.0,False,True
885763,KOTD,11204,2,11193.0,11190.0,11199.0,11203.0,True,False
885769,KOTD,11226,13,11193.0,11190.0,11199.0,11203.0,True,False
885769,KOTD,11226,2,11193.0,11190.0,11199.0,11203.0,True,False
885772,KOTD,11226,25,11193.0,11190.0,11199.0,11203.0,True,False
885880,KOTD,11207,4,11226.0,11222.0,11230.0,11233.0,False,True
885881,KOTD,11207,4,11226.0,11222.0,11230.0,11233.0,False,True
936358,KOTD,11505,2,11223.0,11219.0,11227.0,11231.0,True,False
936376,KOTD,11501,30,11223.0,11219.0,11227.0,11231.0,True,False
936419,KOTD,11501,1,11223.0,11219.0,11227.0,11231.0,True,False
936420,KOTD,11501,1,11223.0,11219.0,11227.0,11231.0,True,False
936471,KOTD,11520,1,11497.0,11493.0,11501.0,11503.0,True,False
936485,KOTD,11524,20,11497.0,11493.0,11501.0,11503.0,True,False
936538,KOTD,11524,28,11497.0,11493.0,11501.0,11503.0,True,False
936538,KOTD,11522,8,11497.0,11493.0,11501.0,11503.0,True,False
936577,KOTD,11498,7,11522.0,11518.0,11528.0,11532.0,False,True
983067,KOTD,11867,1,11511.0,11507.0,11515.0,11519.0,True,False
983119,KOTD,11858,5,11511.0,11507.0,11515.0,11519.0,True,False
983179,KOTD,11873,1,11854.0,11850.0,11858.0,11862.0,True,False
983181,KOTD,11877,10,11854.0,11850.0,11858.0,11862.0,True,False
983214,KOTD,11873,5,11854.0,11850.0,11858.0,11862.0,True,False
983241,KOTD,11873,1,11854.0,11850.0,11858.0,11862.0,True,False
983272,KOTD,11887,4,11873.0,11869.0,11877.0,11881.0,True,False
983272,KOTD,11890,5,11873.0,11869.0,11877.0,11881.0,True,False
983312,KOTD,11895,6,11873.0,11869.0,11877.0,11881.0,True,False
983667,KOTD,11861,8,11882.0,11878.0,11886.0,11890.0,False,True
983669,KOTD,11861,8,11882.0,11878.0,11886.0,11890.0,False,True
983685,KOTD,11865,4,11882.0,11878.0,11886.0,11890.0,False,True
983733,KOTD,11865,2,11882.0,11878.0,11886.0,11890.0,False,True
983733,KOTD,11865,2,11882.0,11878.0,11886.0,11890.0,False,True
983869,KOTD,11881,5,11865.0,11861.0,11869.0,11871.0,True,False
983987,KOTD,11860,6,11882.0,11878.0,11886.0,11890.0,False,True
984371,KOTD,11867,25,11838.0,11834.0,11842.0,11846.0,True,False
984576,KOTD,11891,20,11875.0,11871.0,11879.0,11883.0,True,False
984618,KOTD,11891,25,11875.0,11871.0,11879.0,11883.0,True,False
984622,KOTD,11889,10,11875.0,11871.0,11879.0,11883.0,True,False
984638,KOTD,11889,4,11875.0,11871.0,11879.0,11883.0,True,False
984684,KOTD,11883,5,11889.0,11885.0,11895.0,11899.0,False,True
984722,KOTD,11883,5,11889.0,11885.0,11895.0,11899.0,False,True
984722,KOTD,11883,5,11889.0,11885.0,11895.0,11899.0,False,True
984722,KOTD,11883,5,11889.0,11885.0,11895.0,11899.0,False,True
1050353,KOTD,11422,5,11874.0,11870.0,11878.0,11882.0,False,True
1050375,KOTD,11426,50,11874.0,11870.0,11878.0,11882.0,False,True
1050375,KOTD,11424,50,11874.0,11870.0,11878.0,11882.0,False,True
1050474,KOTD,11419,1,11424.0,11420.0,11430.0,11434.0,False,True
778466,KRAS,9218,10,9232.0,9228.0,9236.0,9240.0,False,True
778711,KRAS,9223,50,9234.0,9230.0,9238.0,9242.0,False,True
778765,KRAS,9254,5,9221.0,9217.0,9227.0,9231.0,True,False
778765,KRAS,9254,5,9221.0,9217.0,9227.0,9231.0,True,False
827072,KRAS,9351,10,9357.0,9355.0,9361.0,9365.0,False,True
827098,KRAS,9346,10,9357.0,9355.0,9361.0,9365.0,False,True
827098,KRAS,9346,10,9357.0,9355.0,9361.0,9365.0,False,True
827098,KRAS,9346,10,9357.0,9355.0,9361.0,9365.0,False,True
827098,KRAS,9348,10,9357.0,9355.0,9361.0,9365.0,False,True
827102,KRAS,9348,10,9357.0,9355.0,9361.0,9365.0,False,True
827102,KRAS,9348,10,9357.0,9355.0,9361.0,9365.0,False,True
827102,KRAS,9348,10,9357.0,9355.0,9361.0,9365.0,False,True
827102,KRAS,9348,10,9357.0,9355.0,9361.0,9365.0,False,True
827364,KRAS,9348,10,9367.0,9363.0,9371.0,9375.0,False,True
827512,KRAS,9360,5,9340.0,9336.0,9344.0,9348.0,True,False
827518,KRAS,9360,5,9340.0,9336.0,9344.0,9348.0,True,False
827803,KRAS,9353,10,9340.0,9336.0,9344.0,9348.0,True,False
827805,KRAS,9353,10,9340.0,9336.0,9344.0,9348.0,True,False
885377,KRAS,10385,25,9349.0,9345.0,9353.0,9357.0,True,False
885596,KRAS,10376,10,10386.0,10382.0,10390.0,10394.0,False,True
885599,KRAS,10376,5,10386.0,10382.0,10390.0,10394.0,False,True
885688,KRAS,10356,2,10372.0,10368.0,10376.0,10380.0,False,True
885701,KRAS,10356,5,10372.0,10368.0,10376.0,10380.0,False,True
885765,KRAS,10371,5,10353.0,10350.0,10356.0,10360.0,True,False
936358,KRAS,10377,8,10387.0,10383.0,10390.0,10393.0,False,True
983068,KRAS,10408,5,10393.0,10389.0,10397.0,10401.0,True,False
983068,KRAS,10408,5,10393.0,10389.0,10397.0,10401.0,True,False
983214,KRAS,10398,5,10414.0,10410.0,10418.0,10422.0,False,True
983378,KRAS,10404,8,10390.0,10386.0,10394.0,10398.0,True,False
983815,KRAS,10421,25,10398.0,10394.0,10402.0,10406.0,True,False
1050371,KRAS,10552,10,10457.0,10453.0,10461.0,10465.0,True,False
778573,KTST,8662,1,8644.0,8640.0,8648.0,8652.0,True,False
778573,KTST,8662,2,8644.0,8640.0,8648.0,8652.0,True,False
778606,KTST,8662,47,8644.0,8640.0,8648.0,8652.0,True,False
778606,KTST,8660,3,8644.0,8640.0,8648.0,8652.0,True,False
778620,KTST,8660,2,8644.0,8640.0,8648.0,8652.0,True,False
778620,KTST,8660,2,8644.0,8640.0,8648.0,8652.0,True,False
778622,KTST,8660,2,8644.0,8640.0,8648.0,8652.0,True,False
778663,KTST,8681,10,8660.0,8656.0,8666.0,8670.0,True,False
778664,KTST,8681,2,8660.0,8656.0,8666.0,8670.0,True,False
778711,KTST,8681,38,8660.0,8656.0,8666.0,8670.0,True,False
778711,KTST,8679,12,8660.0,8656.0,8666.0,8670.0,True,False
778878,KTST,8696,1,8670.0,8666.0,8674.0,8678.0,True,False
778878,KTST,8696,2,8670.0,8666.0,8674.0,8678.0,True,False
778878,KTST,8696,47,8670.0,8666.0,8674.0,8678.0,True,False
778878,KTST,8694,3,8670.0,8666.0,8674.0,8678.0,True,False
778880,KTST,8694,2,8670.0,8666.0,8674.0,8678.0,True,False
778903,KTST,8694,39,8670.0,8666.0,8674.0,8678.0,True,False
778903,KTST,8694,39,8670.0,8666.0,8674.0,8678.0,True,False
778903,KTST,8694,17,8670.0,8666.0,8674.0,8678.0,True,False
778903,KTST,8692,25,8670.0,8666.0,8674.0,8678.0,True,False
826962,KTST,8789,10,8692.0,8688.0,8700.0,8704.0,True,False
826962,KTST,8789,2,8692.0,8688.0,8700.0,8704.0,True,False
826963,KTST,8789,2,8692.0,8688.0,8700.0,8704.0,True,False
826963,KTST,8789,3,8692.0,8688.0,8700.0,8704.0,True,False
826963,KTST,8789,2,8692.0,8688.0,8700.0,8704.0,True,False
826970,KTST,8787,5,8692.0,8688.0,8700.0,8704.0,True,False
826970,KTST,8787,5,8692.0,8688.0,8700.0,8704.0,True,False
826970,KTST,8779,2,8692.0,8688.0,8700.0,8704.0,True,False
826970,KTST,8779,2,8692.0,8688.0,8700.0,8704.0,True,False
826970,KTST,8776,2,8692.0,8688.0,8700.0,8704.0,True,False
827077,KTST,8778,2,8766.0,8762.0,8770.0,8774.0,True,False
827078,KTST,8778,4,8766.0,8762.0,8770.0,8774.0,True,False
827078,KTST,8778,3,8766.0,8762.0,8770.0,8774.0,True,False
827168,KTST,8764,3,8774.0,8770.0,8778.0,8782.0,False,True
827168,KTST,8764,3,8774.0,8770.0,8778.0,8782.0,False,True
827175,KTST,8746,4,8774.0,8770.0,8778.0,8782.0,False,True
827175,KTST,8746,3,8774.0,8770.0,8778.0,8782.0,False,True
827175,KTST,8746,7,8774.0,8770.0,8778.0,8782.0,False,True
827264,KTST,8763,2,8745.0,8740.0,8746.0,8750.0,True,False
827264,KTST,8763,2,8745.0,8740.0,8746.0,8750.0,True,False
827266,KTST,8763,4,8745.0,8740.0,8746.0,8750.0,True,False
827266,KTST,8763,3,8745.0,8740.0,8746.0,8750.0,True,False
827267,KTST,8759,5,8745.0,8740.0,8746.0,8750.0,True,False
827268,KTST,8763,22,8745.0,8740.0,8746.0,8750.0,True,False
827562,KTST,8749,2,8763.0,8759.0,8767.0,8771.0,False,True
827562,KTST,8749,2,8763.0,8759.0,8767.0,8771.0,False,True
827564,KTST,8749,14,8763.0,8759.0,8767.0,8771.0,False,True
827808,KTST,8762,10,8747.0,8743.0,8751.0,8755.0,True,False
885360,KTST,8708,10,8762.0,8758.0,8763.0,8768.0,False,True
885363,KTST,8709,5,8762.0,8758.0,8763.0,8768.0,False,True
885363,KTST,8709,1,8762.0,8758.0,8763.0,8768.0,False,True
885374,KTST,8709,4,8762.0,8758.0,8763.0,8768.0,False,True
885400,KTST,8709,4,8762.0,8758.0,8763.0,8768.0,False,True
885415,KTST,8709,10,8762.0,8758.0,8763.0,8768.0,False,True
885438,KTST,8709,10,8762.0,8758.0,8763.0,8768.0,False,True
885765,KTST,8709,1,8702.0,8698.0,8705.0,8708.0,True,False
885765,KTST,8724,5,8702.0,8698.0,8705.0,8708.0,True,False
885765,KTST,8724,5,8702.0,8698.0,8705.0,8708.0,True,False
885769,KTST,8726,2,8702.0,8698.0,8705.0,8708.0,True,False
885769,KTST,8726,2,8702.0,8698.0,8705.0,8708.0,True,False
885769,KTST,8726,1,8702.0,8698.0,8705.0,8708.0,True,False
885769,KTST,8726,1,8702.0,8698.0,8705.0,8708.0,True,False
885769,KTST,8726,8,8702.0,8698.0,8705.0,8708.0,True,False
885772,KTST,8726,22,8702.0,8698.0,8705.0,8708.0,True,False
885778,KTST,8726,2,8702.0,8698.0,8705.0,8708.0,True,False
885778,KTST,8724,8,8702.0,8698.0,8705.0,8708.0,True,False
885828,KTST,8724,3,8702.0,8698.0,8705.0,8708.0,True,False
885881,KTST,8744,4,8724.0,8720.0,8730.0,8734.0,True,False
885926,KTST,8744,3,8724.0,8720.0,8730.0,8734.0,True,False
885937,KTST,8744,5,8724.0,8720.0,8730.0,8734.0,True,False
936358,KTST,8924,5,8723.0,8719.0,8724.0,8729.0,True,False
936377,KTST,8918,10,8723.0,8719.0,8724.0,8729.0,True,False
936377,KTST,8918,24,8723.0,8719.0,8724.0,8729.0,True,False
936390,KTST,8918,10,8723.0,8719.0,8724.0,8729.0,True,False
936391,KTST,8918,4,8723.0,8719.0,8724.0,8729.0,True,False
936482,KTST,8924,15,8915.0,8912.0,8918.0,8922.0,True,False
936485,KTST,8924,10,8915.0,8912.0,8918.0,8922.0,True,False
936485,KTST,8924,4,8915.0,8912.0,8918.0,8922.0,True,False
936485,KTST,8924,10,8915.0,8912.0,8918.0,8922.0,True,False
936512,KTST,8924,4,8915.0,8912.0,8918.0,8922.0,True,False
936513,KTST,8924,7,8915.0,8912.0,8918.0,8922.0,True,False
936513,KTST,8926,3,8915.0,8912.0,8918.0,8922.0,True,False
936516,KTST,8926,4,8915.0,8912.0,8918.0,8922.0,True,False
936516,KTST,8926,10,8915.0,8912.0,8918.0,8922.0,True,False
936538,KTST,8926,4,8915.0,8912.0,8918.0,8922.0,True,False
936582,KTST,8940,36,8920.0,8916.0,8926.0,8930.0,True,False
936604,KTST,8936,5,8920.0,8916.0,8926.0,8930.0,True,False
936621,KTST,8936,15,8920.0,8916.0,8926.0,8930.0,True,False
936673,KTST,8929,10,8936.0,8932.0,8940.0,8944.0,False,True
936677,KTST,8903,2,8936.0,8932.0,8940.0,8944.0,False,True
936677,KTST,8903,1,8936.0,8932.0,8940.0,8944.0,False,True
936677,KTST,8903,24,8936.0,8932.0,8940.0,8944.0,False,True
936677,KTST,8903,13,8936.0,8932.0,8940.0,8944.0,False,True
936677,KTST,8905,12,8936.0,8932.0,8940.0,8944.0,False,True
936680,KTST,8905,5,8936.0,8932.0,8940.0,8944.0,False,True
936684,KTST,8905,4,8936.0,8932.0,8940.0,8944.0,False,True
936723,KTST,8905,8,8936.0,8932.0,8940.0,8944.0,False,True
936725,KTST,8905,8,8936.0,8932.0,8940.0,8944.0,False,True
983091,KTST,8814,8,8899.0,8895.0,8905.0,8909.0,False,True
983141,KTST,8814,10,8899.0,8895.0,8905.0,8909.0,False,True
983179,KTST,8790,13,8814.0,8810.0,8818.0,8822.0,False,True
983179,KTST,8790,5,8814.0,8810.0,8818.0,8822.0,False,True
983230,KTST,8790,5,8814.0,8810.0,8818.0,8822.0,False,True
983663,KTST,8787,5,8766.0,8762.0,8770.0,8774.0,True,False
983663,KTST,8789,5,8766.0,8762.0,8770.0,8774.0,True,False
983832,KTST,8778,5,8790.0,8786.0,8794.0,8798.0,False,True
983966,KTST,8789,5,8777.0,8773.0,8781.0,8785.0,True,False
983971,KTST,8795,3,8777.0,8773.0,8781.0,8785.0,True,False
983979,KTST,8795,13,8777.0,8773.0,8781.0,8785.0,True,False
983979,KTST,8795,18,8777.0,8773.0,8781.0,8785.0,True,False
983992,KTST,8795,11,8777.0,8773.0,8781.0,8785.0,True,False
983992,KTST,8793,10,8777.0,8773.0,8781.0,8785.0,True,False
984769,KTST,8776,2,8786.0,8782.0,8790.0,8794.0,False,True
778486,MDKA,8654,40,8632.0,8628.0,8636.0,8640.0,True,False
778875,MDKA,8960,5,8862.0,8858.0,8866.0,8870.0,True,False
826971,MDKA,9977,10,9002.0,8998.0,9006.0,9010.0,True,False
827392,MDKA,9970,10,9940.0,9936.0,9944.0,9948.0,True,False
827393,MDKA,9970,10,9940.0,9936.0,9944.0,9948.0,True,False
827617,MDKA,10075,10,10059.0,10055.0,10063.0,10067.0,True,False
827675,MDKA,10115,10,10075.0,10071.0,10079.0,10083.0,True,False
827803,MDKA,10148,10,10115.0,10111.0,10119.0,10123.0,True,False
827805,MDKA,10148,10,10115.0,10111.0,10119.0,10123.0,True,False
885599,MDKA,10238,5,10245.0,10241.0,10249.0,10253.0,False,True
885701,MDKA,10258,5,10234.0,10230.0,10238.0,10242.0,True,False
885765,MDKA,10275,5,10254.0,10250.0,10258.0,10262.0,True,False
885765,MDKA,10277,5,10254.0,10250.0,10258.0,10262.0,True,False
885886,MDKA,10276,10,10305.0,10301.0,10309.0,10313.0,False,True
885886,MDKA,10276,10,10305.0,10301.0,10309.0,10313.0,False,True
885895,MDKA,10272,10,10305.0,10301.0,10309.0,10313.0,False,True
885895,MDKA,10272,10,10305.0,10301.0,10309.0,10313.0,False,True
885926,MDKA,10276,10,10305.0,10301.0,10309.0,10313.0,False,True
885926,MDKA,10272,10,10305.0,10301.0,10309.0,10313.0,False,True
936573,MDKA,10872,5,10831.0,10827.0,10835.0,10839.0,True,False
936573,MDKA,10879,5,10831.0,10827.0,10835.0,10839.0,True,False
983068,MDKA,10581,5,10872.0,10868.0,10876.0,10880.0,False,True
983068,MDKA,10571,5,10872.0,10868.0,10876.0,10880.0,False,True
983068,MDKA,10571,5,10872.0,10868.0,10876.0,10880.0,False,True
983072,MDKA,10561,10,10872.0,10868.0,10876.0,10880.0,False,True
983081,MDKA,10561,8,10872.0,10868.0,10876.0,10880.0,False,True
983214,MDKA,10600,5,10557.0,10553.0,10561.0,10565.0,True,False
983875,MDKA,10610,32,10618.0,10614.0,10622.0,10626.0,False,True
984273,MDKA,10668,50,10651.0,10647.0,10655.0,10659.0,True,False
984468,MDKA,10562,5,10597.0,10593.0,10601.0,10605.0,False,True
984536,MDKA,10556,18,10597.0,10593.0,10601.0,10605.0,False,True
984762,MDKA,10479,18,10501.0,10497.0,10505.0,10509.0,False,True
984831,MDKA,10479,18,10501.0,10497.0,10505.0,10509.0,False,True
1050467,MDKA,11248,50,11263.0,11259.0,11267.0,11271.0,False,True
1050467,MDKA,11246,100,11263.0,11259.0,11267.0,11271.0,False,True
1050467,MDKA,11244,50,11263.0,11259.0,11267.0,11271.0,False,True
778769,NGUP,8954,1,8908.0,8904.0,8914.0,8918.0,True,False
778769,NGUP,8954,2,8908.0,8904.0,8914.0,8918.0,True,False
778771,NGUP,8954,20,8908.0,8904.0,8914.0,8918.0,True,False
826957,NGUP,9105,40,8952.0,8948.0,8960.0,8964.0,True,False
826957,NGUP,9103,10,8952.0,8948.0,8960.0,8964.0,True,False
826962,NGUP,9109,10,8952.0,8948.0,8960.0,8964.0,True,False
826962,NGUP,9109,2,8952.0,8948.0,8960.0,8964.0,True,False
826962,NGUP,9109,2,8952.0,8948.0,8960.0,8964.0,True,False
826963,NGUP,9109,3,8952.0,8948.0,8960.0,8964.0,True,False
826963,NGUP,9109,2,8952.0,8948.0,8960.0,8964.0,True,False
826975,NGUP,9116,23,8952.0,8948.0,8960.0,8964.0,True,False
826975,NGUP,9116,20,8952.0,8948.0,8960.0,8964.0,True,False
827073,NGUP,9096,3,9112.0,9108.0,9116.0,9120.0,False,True
827073,NGUP,9096,3,9112.0,9108.0,9116.0,9120.0,False,True
827073,NGUP,9093,2,9112.0,9108.0,9116.0,9120.0,False,True
827073,NGUP,9093,2,9112.0,9108.0,9116.0,9120.0,False,True
827077,NGUP,9092,2,9112.0,9108.0,9116.0,9120.0,False,True
827077,NGUP,9092,38,9112.0,9108.0,9116.0,9120.0,False,True
827077,NGUP,9094,12,9112.0,9108.0,9116.0,9120.0,False,True
827078,NGUP,9094,4,9112.0,9108.0,9116.0,9120.0,False,True
827078,NGUP,9094,3,9112.0,9108.0,9116.0,9120.0,False,True
827107,NGUP,9088,5,9112.0,9108.0,9116.0,9120.0,False,True
827262,NGUP,9082,5,9087.0,9084.0,9088.0,9092.0,False,True
827262,NGUP,9082,5,9087.0,9084.0,9088.0,9092.0,False,True
827262,NGUP,9074,1,9087.0,9084.0,9088.0,9092.0,False,True
827264,NGUP,9068,2,9087.0,9084.0,9088.0,9092.0,False,True
827264,NGUP,9068,2,9087.0,9084.0,9088.0,9092.0,False,True
827266,NGUP,9068,4,9087.0,9084.0,9088.0,9092.0,False,True
827266,NGUP,9068,3,9087.0,9084.0,9088.0,9092.0,False,True
827268,NGUP,9068,17,9087.0,9084.0,9088.0,9092.0,False,True
827268,NGUP,9070,5,9087.0,9084.0,9088.0,9092.0,False,True
827268,NGUP,9070,41,9087.0,9084.0,9088.0,9092.0,False,True
827370,NGUP,9084,9,9064.0,9060.0,9070.0,9074.0,True,False
827370,NGUP,9084,15,9064.0,9060.0,9070.0,9074.0,True,False
827562,NGUP,9077,2,9085.0,9081.0,9089.0,9093.0,False,True
827564,NGUP,9077,3,9085.0,9081.0,9089.0,9093.0,False,True
827564,NGUP,9077,14,9085.0,9081.0,9089.0,9093.0,False,True
827564,NGUP,9077,26,9085.0,9081.0,9089.0,9093.0,False,True
827673,NGUP,9066,3,9073.0,9070.0,9077.0,9081.0,False,True
827674,NGUP,9066,11,9073.0,9070.0,9077.0,9081.0,False,True
827770,NGUP,9072,3,9062.0,9058.0,9066.0,9070.0,True,False
827770,NGUP,9072,3,9062.0,9058.0,9066.0,9070.0,True,False
827770,NGUP,9072,5,9062.0,9058.0,9066.0,9070.0,True,False
885346,NGUP,9014,5,9068.0,9064.0,9072.0,9076.0,False,True
885348,NGUP,9012,4,9068.0,9064.0,9072.0,9076.0,False,True
885350,NGUP,9015,5,9068.0,9064.0,9072.0,9076.0,False,True
885350,NGUP,9012,3,9068.0,9064.0,9072.0,9076.0,False,True
885361,NGUP,9019,5,9068.0,9064.0,9072.0,9076.0,False,True
885363,NGUP,9021,1,9068.0,9064.0,9072.0,9076.0,False,True
885364,NGUP,9021,8,9068.0,9064.0,9072.0,9076.0,False,True
885374,NGUP,9021,4,9068.0,9064.0,9072.0,9076.0,False,True
885400,NGUP,9021,4,9068.0,9064.0,9072.0,9076.0,False,True
885415,NGUP,9021,10,9068.0,9064.0,9072.0,9076.0,False,True
885465,NGUP,9036,5,9021.0,9017.0,9025.0,9029.0,True,False
885572,NGUP,9058,5,9049.0,9045.0,9050.0,9055.0,True,False
885572,NGUP,9058,5,9049.0,9045.0,9050.0,9055.0,True,False
885574,NGUP,9098,6,9049.0,9045.0,9050.0,9055.0,True,False
885575,NGUP,9098,6,9049.0,9045.0,9050.0,9055.0,True,False
885584,NGUP,9098,7,9049.0,9045.0,9050.0,9055.0,True,False
885584,NGUP,9098,4,9049.0,9045.0,9050.0,9055.0,True,False
885586,NGUP,9098,5,9049.0,9045.0,9050.0,9055.0,True,False
885595,NGUP,9098,4,9049.0,9045.0,9050.0,9055.0,True,False
885596,NGUP,9098,6,9049.0,9045.0,9050.0,9055.0,True,False
885596,NGUP,9096,4,9049.0,9045.0,9050.0,9055.0,True,False
885684,NGUP,9136,1,9096.0,9092.0,9102.0,9106.0,True,False
885684,NGUP,9136,8,9096.0,9092.0,9102.0,9106.0,True,False
885684,NGUP,9136,8,9096.0,9092.0,9102.0,9106.0,True,False
885688,NGUP,9136,4,9096.0,9092.0,9102.0,9106.0,True,False
885701,NGUP,9136,5,9096.0,9092.0,9102.0,9106.0,True,False
885769,NGUP,9164,8,9136.0,9132.0,9140.0,9144.0,True,False
885769,NGUP,9164,8,9136.0,9132.0,9140.0,9144.0,True,False
885769,NGUP,9164,2,9136.0,9132.0,9140.0,9144.0,True,False
885769,NGUP,9164,2,9136.0,9132.0,9140.0,9144.0,True,False
885769,NGUP,9164,1,9136.0,9132.0,9140.0,9144.0,True,False
885769,NGUP,9164,1,9136.0,9132.0,9140.0,9144.0,True,False
885769,NGUP,9164,8,9136.0,9132.0,9140.0,9144.0,True,False
885772,NGUP,9164,12,9136.0,9132.0,9140.0,9144.0,True,False
885789,NGUP,9164,5,9136.0,9132.0,9140.0,9144.0,True,False
885881,NGUP,9129,4,9164.0,9160.0,9168.0,9172.0,False,True
885978,NGUP,9111,3,9129.0,9125.0,9133.0,9137.0,False,True
886022,NGUP,9111,10,9129.0,9125.0,9133.0,9137.0,False,True
886035,NGUP,9111,10,9129.0,9125.0,9133.0,9137.0,False,True
886075,NGUP,9116,50,9107.0,9103.0,9111.0,9115.0,True,False
936358,NGUP,9470,5,9114.0,9110.0,9120.0,9124.0,True,False
936377,NGUP,9498,24,9114.0,9110.0,9120.0,9124.0,True,False
936377,NGUP,9498,26,9114.0,9110.0,9120.0,9124.0,True,False
936377,NGUP,9500,12,9114.0,9110.0,9120.0,9124.0,True,False
936731,NGUP,9553,25,9542.0,9538.0,9546.0,9550.0,True,False
983091,NGUP,9606,8,9553.0,9549.0,9557.0,9561.0,True,False
983179,NGUP,9623,8,9606.0,9602.0,9610.0,9614.0,True,False
983179,NGUP,9623,13,9606.0,9602.0,9610.0,9614.0,True,False
983179,NGUP,9623,5,9606.0,9602.0,9610.0,9614.0,True,False
983200,NGUP,9623,7,9606.0,9602.0,9610.0,9614.0,True,False
983571,NGUP,9647,5,9632.0,9628.0,9636.0,9640.0,True,False
983571,NGUP,9647,5,9632.0,9628.0,9636.0,9640.0,True,False
983575,NGUP,9648,5,9632.0,9628.0,9636.0,9640.0,True,False
983580,NGUP,9648,33,9632.0,9628.0,9636.0,9640.0,True,False
983581,NGUP,9648,2,9632.0,9628.0,9636.0,9640.0,True,False
983581,NGUP,9646,31,9632.0,9628.0,9636.0,9640.0,True,False
983629,NGUP,9646,20,9632.0,9628.0,9636.0,9640.0,True,False
983629,NGUP,9646,20,9632.0,9628.0,9636.0,9640.0,True,False
983629,NGUP,9646,12,9632.0,9628.0,9636.0,9640.0,True,False
983638,NGUP,9646,5,9632.0,9628.0,9636.0,9640.0,True,False
983781,NGUP,9651,10,9635.0,9631.0,9639.0,9643.0,True,False
983800,NGUP,9651,9,9635.0,9631.0,9639.0,9643.0,True,False
983809,NGUP,9651,5,9635.0,9631.0,9639.0,9643.0,True,False
983832,NGUP,9651,5,9635.0,9631.0,9639.0,9643.0,True,False
984127,NGUP,9662,5,9649.0,9645.0,9655.0,9659.0,True,False
984127,NGUP,9662,5,9649.0,9645.0,9655.0,9659.0,True,False
984127,NGUP,9662,5,9649.0,9645.0,9655.0,9659.0,True,False
984171,NGUP,9648,5,9662.0,9658.0,9666.0,9670.0,False,True
984171,NGUP,9648,5,9662.0,9658.0,9666.0,9670.0,False,True
984171,NGUP,9648,5,9662.0,9658.0,9666.0,9670.0,False,True
984189,NGUP,9648,5,9662.0,9658.0,9666.0,9670.0,False,True
984722,NGUP,9635,35,9641.0,9637.0,9645.0,9649.0,False,True
984722,NGUP,9635,40,9641.0,9637.0,9645.0,9649.0,False,True
778470,OIT,9178,25,9193.0,9191.0,9195.0,9197.0,False,True
778499,OIT,9178,25,9193.0,9191.0,9195.0,9197.0,False,True
778573,OIT,9188,1,9177.0,9175.0,9179.0,9181.0,True,False
778620,OIT,9188,2,9177.0,9175.0,9179.0,9181.0,True,False
778664,OIT,9208,2,9188.0,9186.0,9190.0,9192.0,True,False
778801,OIT,9201,50,9208.0,9206.0,9210.0,9212.0,False,True
778878,OIT,9213,1,9199.0,9197.0,9202.0,9204.0,True,False
778903,OIT,9213,39,9199.0,9197.0,9202.0,9204.0,True,False
778903,OIT,9213,10,9199.0,9197.0,9202.0,9204.0,True,False
778903,OIT,9212,7,9199.0,9197.0,9202.0,9204.0,True,False
826962,OIT,9248,2,9212.0,9210.0,9215.0,9217.0,True,False
826963,OIT,9249,3,9212.0,9210.0,9215.0,9217.0,True,False
826980,OIT,9248,10,9212.0,9210.0,9215.0,9217.0,True,False
827077,OIT,9241,2,9248.0,9246.0,9250.0,9252.0,False,True
827078,OIT,9241,4,9248.0,9246.0,9250.0,9252.0,False,True
827098,OIT,9241,10,9248.0,9246.0,9250.0,9252.0,False,True
827102,OIT,9241,10,9248.0,9246.0,9250.0,9252.0,False,True
827169,OIT,9233,10,9239.0,9237.0,9241.0,9243.0,False,True
827169,OIT,9229,40,9239.0,9237.0,9241.0,9243.0,False,True
827169,OIT,9229,60,9239.0,9237.0,9241.0,9243.0,False,True
827175,OIT,9220,4,9239.0,9237.0,9241.0,9243.0,False,True
827175,OIT,9220,7,9239.0,9237.0,9241.0,9243.0,False,True
827177,OIT,9220,10,9239.0,9237.0,9241.0,9243.0,False,True
827187,OIT,9220,10,9239.0,9237.0,9241.0,9243.0,False,True
827264,OIT,9227,2,9217.0,9215.0,9220.0,9222.0,True,False
827266,OIT,9227,4,9217.0,9215.0,9220.0,9222.0,True,False
827268,OIT,9227,22,9217.0,9215.0,9220.0,9222.0,True,False
827325,OIT,9227,2,9217.0,9215.0,9220.0,9222.0,True,False
827327,OIT,9227,2,9217.0,9215.0,9220.0,9222.0,True,False
827371,OIT,9243,10,9225.0,9223.0,9227.0,9229.0,True,False
827769,OIT,9252,50,9245.0,9243.0,9247.0,9249.0,True,False
827770,OIT,9254,3,9245.0,9243.0,9247.0,9249.0,True,False
885350,OIT,8731,8,9251.0,9249.0,9254.0,9256.0,False,True
885357,OIT,8731,10,9251.0,9249.0,9254.0,9256.0,False,True
885425,OIT,8716,10,9251.0,9249.0,9254.0,9256.0,False,True
885574,OIT,8731,6,8708.0,8706.0,8710.0,8712.0,True,False
885584,OIT,8733,8,8708.0,8706.0,8710.0,8712.0,True,False
885584,OIT,8731,7,8708.0,8706.0,8710.0,8712.0,True,False
885599,OIT,8731,5,8708.0,8706.0,8710.0,8712.0,True,False
885769,OIT,8748,8,8733.0,8731.0,8735.0,8737.0,True,False
885769,OIT,8748,2,8733.0,8731.0,8735.0,8737.0,True,False
885769,OIT,8748,1,8733.0,8731.0,8735.0,8737.0,True,False
885772,OIT,8748,21,8733.0,8731.0,8735.0,8737.0,True,False
885937,OIT,8743,5,8748.0,8746.0,8750.0,8752.0,False,True
886095,OIT,8748,1,8735.0,8733.0,8737.0,8739.0,True,False
886095,OIT,8749,7,8735.0,8733.0,8737.0,8739.0,True,False
936358,OIT,8218,5,8747.0,8745.0,8749.0,8751.0,False,True
936377,OIT,8223,5,8747.0,8745.0,8749.0,8751.0,False,True
936377,OIT,8223,24,8747.0,8745.0,8749.0,8751.0,False,True
936377,OIT,8223,2,8747.0,8745.0,8749.0,8751.0,False,True
936390,OIT,8223,2,8747.0,8745.0,8749.0,8751.0,False,True
936395,OIT,8221,1,8747.0,8745.0,8749.0,8751.0,False,True
936494,OIT,8228,5,8221.0,8219.0,8223.0,8225.0,True,False
936534,OIT,8228,2,8221.0,8219.0,8223.0,8225.0,True,False
983091,OIT,8260,8,8240.0,8238.0,8242.0,8244.0,True,False
983092,OIT,8260,25,8240.0,8238.0,8242.0,8244.0,True,False
983179,OIT,8278,13,8260.0,8258.0,8262.0,8264.0,True,False
983286,OIT,8260,28,8278.0,8276.0,8280.0,8282.0,False,True
983286,OIT,8260,22,8278.0,8276.0,8280.0,8282.0,False,True
983286,OIT,8259,16,8278.0,8276.0,8280.0,8282.0,False,True
983701,OIT,8242,25,8237.0,8235.0,8239.0,8241.0,True,False
983832,OIT,8249,5,8242.0,8240.0,8244.0,8246.0,True,False
984576,OIT,8256,40,8225.0,8223.0,8227.0,8229.0,True,False
778467,SIMP,10020,8,10036.0,10034.0,10038.0,10040.0,False,True
778467,SIMP,10010,8,10036.0,10034.0,10038.0,10040.0,False,True
778664,SIMP,10027,8,10036.0,10034.0,10038.0,10040.0,False,True
778664,SIMP,10027,8,10036.0,10034.0,10038.0,10040.0,False,True
778669,SIMP,10027,8,10036.0,10034.0,10038.0,10040.0,False,True
778767,SIMP,10022,8,10026.0,10024.0,10027.0,10029.0,False,True
778767,SIMP,10016,8,10026.0,10024.0,10027.0,10029.0,False,True
778767,SIMP,10012,8,10026.0,10024.0,10027.0,10029.0,False,True
778767,SIMP,9999,8,10026.0,10024.0,10027.0,10029.0,False,True
778827,SIMP,9995,8,10026.0,10024.0,10027.0,10029.0,False,True
778827,SIMP,9995,2,10026.0,10024.0,10027.0,10029.0,False,True
778827,SIMP,9996,6,10026.0,10024.0,10027.0,10029.0,False,True
778827,SIMP,9996,8,10026.0,10024.0,10027.0,10029.0,False,True
778915,SIMP,10007,15,9993.0,9991.0,9996.0,9998.0,True,False
827237,SIMP,10042,10,10045.0,10043.0,10047.0,10049.0,False,True
827240,SIMP,10042,10,10045.0,10043.0,10047.0,10049.0,False,True
827262,SIMP,10049,10,10042.0,10040.0,10044.0,10046.0,True,False
827262,SIMP,10052,10,10042.0,10040.0,10044.0,10046.0,True,False
827262,SIMP,10066,10,10042.0,10040.0,10044.0,10046.0,True,False
827262,SIMP,10066,10,10042.0,10040.0,10044.0,10046.0,True,False
827392,SIMP,10064,1,10068.0,10066.0,10071.0,10073.0,False,True
827405,SIMP,10064,10,10068.0,10066.0,10071.0,10073.0,False,True
827669,SIMP,10064,10,10056.0,10054.0,10058.0,10060.0,True,False
827669,SIMP,10065,10,10056.0,10054.0,10058.0,10060.0,True,False
827767,SIMP,10071,5,10066.0,10064.0,10068.0,10070.0,True,False
827768,SIMP,10071,1,10066.0,10064.0,10068.0,10070.0,True,False
827770,SIMP,10071,1,10066.0,10064.0,10068.0,10070.0,True,False
827771,SIMP,10071,10,10066.0,10064.0,10068.0,10070.0,True,False
827771,SIMP,10071,10,10066.0,10064.0,10068.0,10070.0,True,False
827794,SIMP,10071,10,10066.0,10064.0,10068.0,10070.0,True,False
827803,SIMP,10071,3,10066.0,10064.0,10068.0,10070.0,True,False
885377,SIMP,10024,50,10070.0,10068.0,10073.0,10075.0,False,True
885467,SIMP,10008,50,10022.0,10020.0,10025.0,10027.0,False,True
885499,SIMP,10009,10,10022.0,10020.0,10025.0,10027.0,False,True
885681,SIMP,10025,10,10029.0,10027.0,10031.0,10033.0,False,True
885926,SIMP,10039,10,10020.0,10018.0,10022.0,10024.0,True,False
885966,SIMP,10031,5,10039.0,10037.0,10041.0,10043.0,False,True
885970,SIMP,10031,10,10039.0,10037.0,10041.0,10043.0,False,True
885970,SIMP,10031,5,10039.0,10037.0,10041.0,10043.0,False,True
936623,SIMP,9991,50,9971.0,9969.0,9973.0,9975.0,True,False
778878,XAG,9903,1,9919.0,9915.0,9925.0,9929.0,False,True
778903,XAG,9903,10,9919.0,9915.0,9925.0,9929.0,False,True
778932,XAG,9903,8,9919.0,9915.0,9925.0,9929.0,False,True
826960,XAG,9610,25,9899.0,9895.0,9903.0,9907.0,False,True
827074,XAG,9630,40,9621.0,9617.0,9625.0,9627.0,True,False
827074,XAG,9630,10,9621.0,9617.0,9625.0,9627.0,True,False
827074,XAG,9640,13,9621.0,9617.0,9625.0,9627.0,True,False
827074,XAG,9654,2,9621.0,9617.0,9625.0,9627.0,True,False
827074,XAG,9664,2,9621.0,9617.0,9625.0,9627.0,True,False
827075,XAG,9669,50,9621.0,9617.0,9625.0,9627.0,True,False
827078,XAG,9669,16,9621.0,9617.0,9625.0,9627.0,True,False
827078,XAG,9669,1,9621.0,9617.0,9625.0,9627.0,True,False
827106,XAG,9672,5,9621.0,9617.0,9625.0,9627.0,True,False
827106,XAG,9674,5,9621.0,9617.0,9625.0,9627.0,True,False
827106,XAG,9675,20,9621.0,9617.0,9625.0,9627.0,True,False
827174,XAG,9649,50,9669.0,9665.0,9675.0,9679.0,False,True
827175,XAG,9647,2,9669.0,9665.0,9675.0,9679.0,False,True
827175,XAG,9647,40,9669.0,9665.0,9675.0,9679.0,False,True
827266,XAG,9672,2,9647.0,9643.0,9653.0,9657.0,True,False
827268,XAG,9672,6,9647.0,9643.0,9653.0,9657.0,True,False
827469,XAG,9670,1,9677.0,9673.0,9683.0,9687.0,False,True
827524,XAG,9649,11,9677.0,9673.0,9683.0,9687.0,False,True
827602,XAG,9667,5,9645.0,9641.0,9649.0,9653.0,True,False
827606,XAG,9667,5,9645.0,9641.0,9649.0,9653.0,True,False
827673,XAG,9656,4,9663.0,9659.0,9667.0,9671.0,False,True
827674,XAG,9656,1,9663.0,9659.0,9667.0,9671.0,False,True
827766,XAG,9672,3,9656.0,9652.0,9660.0,9664.0,True,False
827767,XAG,9676,2,9656.0,9652.0,9660.0,9664.0,True,False
827770,XAG,9676,5,9656.0,9652.0,9660.0,9664.0,True,False
827779,XAG,9676,40,9656.0,9652.0,9660.0,9664.0,True,False
827779,XAG,9674,10,9656.0,9652.0,9660.0,9664.0,True,False
885357,XAG,9325,2,9674.0,9670.0,9677.0,9682.0,False,True
885364,XAG,9312,9,9674.0,9670.0,9677.0,9682.0,False,True
885701,XAG,9329,5,9314.0,9310.0,9318.0,9322.0,True,False
885966,XAG,9318,1,9323.0,9319.0,9327.0,9330.0,False,True
885970,XAG,9317,25,9323.0,9319.0,9327.0,9330.0,False,True
886069,XAG,9323,4,9314.0,9312.0,9317.0,9321.0,True,False
886114,XAG,9327,8,9314.0,9312.0,9317.0,9321.0,True,False
886115,XAG,9324,1,9314.0,9312.0,9317.0,9321.0,True,False
886115,XAG,9323,4,9314.0,9312.0,9317.0,9321.0,True,False
936411,XAG,9225,5,9323.0,9319.0,9327.0,9330.0,False,True
936574,XAG,9211,5,9222.0,9218.0,9226.0,9230.0,False,True
983069,XAG,9139,1,9217.0,9213.0,9221.0,9225.0,False,True
983115,XAG,9135,8,9217.0,9213.0,9221.0,9225.0,False,True
983176,XAG,9109,5,9131.0,9128.0,9135.0,9139.0,False,True
983179,XAG,9102,8,9131.0,9128.0,9135.0,9139.0,False,True
983286,XAG,9123,8,9098.0,9094.0,9102.0,9106.0,True,False
983289,XAG,9123,8,9098.0,9094.0,9102.0,9106.0,True,False
983979,XAG,9105,8,9126.0,9122.0,9130.0,9134.0,False,True
984084,XAG,9121,20,9101.0,9097.0,9105.0,9109.0,True,False
984213,XAG,9142,5,9121.0,9117.0,9125.0,9129.0,True,False
984270,XAG,9155,5,9142.0,9138.0,9146.0,9150.0,True,False
984273,XAG,9169,22,9142.0,9138.0,9146.0,9150.0,True,False
984290,XAG,9169,8,9142.0,9138.0,9146.0,9150.0,True,False
984312,XAG,9169,5,9142.0,9138.0,9146.0,9150.0,True,False
778515,XFR,9244,25,9253.0,9249.0,9259.0,9263.0,False,True
778606,XFR,9233,50,9240.0,9236.0,9244.0,9248.0,False,True
778663,XFR,9244,10,9231.0,9227.0,9237.0,9241.0,True,False
778664,XFR,9244,2,9231.0,9227.0,9237.0,9241.0,True,False
778695,XFR,9244,5,9231.0,9227.0,9237.0,9241.0,True,False
778801,XFR,9232,50,9244.0,9240.0,9248.0,9252.0,False,True
778801,XFR,9230,50,9244.0,9240.0,9248.0,9252.0,False,True
826962,XFR,9297,10,9235.0,9231.0,9239.0,9243.0,True,False
826962,XFR,9297,2,9235.0,9231.0,9239.0,9243.0,True,False
826963,XFR,9297,2,9235.0,9231.0,9239.0,9243.0,True,False
826963,XFR,9297,3,9235.0,9231.0,9239.0,9243.0,True,False
826963,XFR,9297,2,9235.0,9231.0,9239.0,9243.0,True,False
826971,XFR,9296,50,9235.0,9231.0,9239.0,9243.0,True,False
826971,XFR,9296,59,9235.0,9231.0,9239.0,9243.0,True,False
826971,XFR,9295,10,9235.0,9231.0,9239.0,9243.0,True,False
826971,XFR,9294,31,9235.0,9231.0,9239.0,9243.0,True,False
826971,XFR,9294,119,9235.0,9231.0,9239.0,9243.0,True,False
826971,XFR,9292,31,9235.0,9231.0,9239.0,9243.0,True,False
826971,XFR,9292,169,9235.0,9231.0,9239.0,9243.0,True,False
826971,XFR,9290,31,9235.0,9231.0,9239.0,9243.0,True,False
826971,XFR,9290,219,9235.0,9231.0,9239.0,9243.0,True,False
826971,XFR,9290,31,9235.0,9231.0,9239.0,9243.0,True,False
827175,XFR,9295,4,9298.0,9296.0,9302.0,9306.0,False,True
827175,XFR,9295,3,9298.0,9296.0,9302.0,9306.0,False,True
827175,XFR,9295,7,9298.0,9296.0,9302.0,9306.0,False,True
827240,XFR,9295,5,9298.0,9296.0,9302.0,9306.0,False,True
827263,XFR,9288,1,9291.0,9289.0,9295.0,9299.0,False,True
827263,XFR,9283,30,9291.0,9289.0,9295.0,9299.0,False,True
827263,XFR,9283,100,9291.0,9289.0,9295.0,9299.0,False,True
827264,XFR,9284,2,9291.0,9289.0,9295.0,9299.0,False,True
827264,XFR,9284,2,9291.0,9289.0,9295.0,9299.0,False,True
827266,XFR,9284,4,9291.0,9289.0,9295.0,9299.0,False,True
827266,XFR,9284,3,9291.0,9289.0,9295.0,9299.0,False,True
885374,XFR,9202,4,9266.0,9262.0,9270.0,9274.0,False,True
885400,XFR,9202,4,9266.0,9262.0,9270.0,9274.0,False,True
885415,XFR,9202,10,9266.0,9262.0,9270.0,9274.0,False,True
885438,XFR,9206,2,9266.0,9262.0,9270.0,9274.0,False,True
885684,XFR,9223,1,9210.0,9206.0,9214.0,9218.0,True,False
885684,XFR,9223,8,9210.0,9206.0,9214.0,9218.0,True,False
885684,XFR,9223,8,9210.0,9206.0,9214.0,9218.0,True,False
885688,XFR,9223,4,9210.0,9206.0,9214.0,9218.0,True,False
885690,XFR,9223,8,9210.0,9206.0,9214.0,9218.0,True,False
885713,XFR,9223,5,9210.0,9206.0,9214.0,9218.0,True,False
885769,XFR,9232,8,9223.0,9219.0,9227.0,9231.0,True,False
885769,XFR,9232,8,9223.0,9219.0,9227.0,9231.0,True,False
885769,XFR,9232,2,9223.0,9219.0,9227.0,9231.0,True,False
885769,XFR,9232,2,9223.0,9219.0,9227.0,9231.0,True,False
885769,XFR,9232,1,9223.0,9219.0,9227.0,9231.0,True,False
885769,XFR,9232,1,9223.0,9219.0,9227.0,9231.0,True,False
885769,XFR,9232,8,9223.0,9219.0,9227.0,9231.0,True,False
936358,XFR,9156,5,9223.0,9219.0,9227.0,9231.0,False,True
936374,XFR,9151,3,9223.0,9219.0,9227.0,9231.0,False,True
936374,XFR,9149,5,9223.0,9219.0,9227.0,9231.0,False,True
936374,XFR,9148,42,9223.0,9219.0,9227.0,9231.0,False,True
936377,XFR,9150,5,9223.0,9219.0,9227.0,9231.0,False,True
936377,XFR,9150,5,9223.0,9219.0,9227.0,9231.0,False,True
936377,XFR,9150,24,9223.0,9219.0,9227.0,9231.0,False,True
936396,XFR,9150,18,9223.0,9219.0,9227.0,9231.0,False,True
936422,XFR,9150,2,9223.0,9219.0,9227.0,9231.0,False,True
936435,XFR,9150,1,9223.0,9219.0,9227.0,9231.0,False,True
936494,XFR,9178,5,9148.0,9142.0,9150.0,9154.0,True,False
936494,XFR,9178,5,9148.0,9142.0,9150.0,9154.0,True,False
936582,XFR,9161,16,9174.0,9170.0,9178.0,9182.0,False,True
936586,XFR,9161,10,9174.0,9170.0,9178.0,9182.0,False,True
936628,XFR,9161,20,9174.0,9170.0,9178.0,9182.0,False,True
983091,XFR,9177,8,9156.0,9152.0,9162.0,9166.0,True,False
983141,XFR,9177,5,9156.0,9152.0,9162.0,9166.0,True,False
983179,XFR,9164,8,9177.0,9173.0,9181.0,9185.0,False,True
983179,XFR,9164,13,9177.0,9173.0,9181.0,9185.0,False,True
983179,XFR,9164,5,9177.0,9173.0,9181.0,9185.0,False,True
983214,XFR,9164,5,9177.0,9173.0,9181.0,9185.0,False,True
983230,XFR,9164,5,9177.0,9173.0,9181.0,9185.0,False,True
983286,XFR,9175,28,9164.0,9160.0,9168.0,9172.0,True,False
983286,XFR,9175,22,9164.0,9160.0,9168.0,9172.0,True,False
983286,XFR,9173,6,9164.0,9160.0,9168.0,9172.0,True,False
983287,XFR,9173,38,9164.0,9160.0,9168.0,9172.0,True,False
983288,XFR,9173,38,9164.0,9160.0,9168.0,9172.0,True,False
983664,XFR,9163,5,9152.0,9148.0,9156.0,9160.0,True,False
983832,XFR,9164,5,9170.0,9166.0,9172.0,9176.0,False,True
984672,XFR,9108,5,9114.0,9110.0,9118.0,9122.0,False,True
984672,XFR,9107,10,9114.0,9110.0,9118.0,9122.0,False,True
984673,XFR,9107,20,9114.0,9110.0,9118.0,9122.0,False,True
984704,XFR,9107,15,9114.0,9110.0,9118.0,9122.0,False,True
984704,XFR,9109,25,9114.0,9110.0,9118.0,9122.0,False,True
984769,XFR,9116,2,9103.0,9099.0,9109.0,9113.0,True,False
984796,XFR,9116,8,9103.0,9099.0,9109.0,9113.0,True,False
778606,ZABA,7781,50,7787.0,7785.0,7789.0,7791.0,False,True
778711,ZABA,7787,50,7780.0,7778.0,7783.0,7785.0,True,False
778711,ZABA,7786,50,7780.0,7778.0,7783.0,7785.0,True,False
827766,ZABA,7716,10,7702.0,7700.0,7704.0,7706.0,True,False
827794,ZABA,7727,10,7702.0,7700.0,7704.0,7706.0,True,False
827803,ZABA,7729,10,7702.0,7700.0,7704.0,7706.0,True,False
885467,ZABA,7448,50,7434.0,7432.0,7436.0,7438.0,True,False
885767,ZABA,7450,10,7444.0,7442.0,7446.0,7448.0,True,False
885932,ZABA,7450,5,7453.0,7451.0,7455.0,7457.0,False,True
886077,ZABA,7438,50,7449.0,7447.0,7451.0,7453.0,False,True
936476,ZABA,7576,25,7564.0,7562.0,7566.0,7568.0,True,False
983279,ZABA,7508,25,7515.0,7513.0,7517.0,7519.0,False,True
984480,ZABA,7517,25,7526.0,7524.0,7528.0,7530.0,False,True
1050421,ZABA,7792,20,7534.0,7532.0,7536.0,7538.0,True,False
1050510,ZABA,7776,20,7792.0,7790.0,7794.0,7796.0,False,True
827107,ZITO,9508,10,9497.0,9495.0,9499.0,9501.0,True,False
827107,ZITO,9508,10,9497.0,9495.0,9499.0,9501.0,True,False
827107,ZITO,9508,10,9497.0,9495.0,9499.0,9501.0,True,False
827107,ZITO,9508,10,9497.0,9495.0,9499.0,9501.0,True,False
827111,ZITO,9508,10,9497.0,9495.0,9499.0,9501.0,True,False
827111,ZITO,9509,10,9497.0,9495.0,9499.0,9501.0,True,False
827111,ZITO,9509,10,9497.0,9495.0,9499.0,9501.0,True,False
827111,ZITO,9509,10,9497.0,9495.0,9499.0,9501.0,True,False
827391,ZITO,9518,5,9532.0,9530.0,9534.0,9536.0,False,True
827391,ZITO,9518,5,9532.0,9530.0,9534.0,9536.0,False,True
827475,ZITO,9512,10,9518.0,9516.0,9520.0,9522.0,False,True
827767,ZITO,9512,10,9523.0,9521.0,9525.0,9527.0,False,True
827767,ZITO,9499,10,9523.0,9521.0,9525.0,9527.0,False,True
827786,ZITO,9492,10,9523.0,9521.0,9525.0,9527.0,False,True
885438,ZITO,9527,10,9490.0,9488.0,9492.0,9494.0,True,False
885472,ZITO,9540,10,9525.0,9523.0,9527.0,9529.0,True,False
886104,ZITO,9550,10,9532.0,9530.0,9534.0,9536.0,True,False
936390,ZITO,9485,12,9550.0,9548.0,9552.0,9554.0,False,True
983279,ZITO,9400,20,9426.0,9424.0,9428.0,9430.0,False,True
983666,ZITO,9401,5,9422.0,9420.0,9424.0,9426.0,False,True
983704,ZITO,9394,45,9422.0,9420.0,9424.0,9426.0,False,True
983704,ZITO,9395,5,9422.0,9420.0,9424.0,9426.0,False,True
984480,ZITO,9415,25,9407.0,9405.0,9409.0,9411.0,True,False
